id,price,bedrooms,bathrooms,sqft_living,sqft_lot,floors,waterfront,view,condition,grade,sqft_above,sqft_basement,yr_built,yr_renovated,zipcode,lat,long,sqft_living15,sqft_lot15
1,1629432,6,4.0,7770,24879,2.0,0,0,3,9,6552,1218,2007,0,98093,47.6306,-121.6331,1364,39839
2,222825,5,1.0,1360,4122,2.5,0,0,3,3,1146,214,1917,0,98085,47.7578,-122.0799,3987,26012
3,1220349,7,4.5,5890,30369,3.0,0,0,3,8,5246,644,1967,2006,98063,47.2878,-121.6388,1593,38438
4,957428,1,1.5,5726,22981,2.0,0,0,3,3,5186,540,1960,0,98128,47.6434,-121.3893,2654,3205
5,1128980,1,2.0,5691,2309,1.0,0,0,3,9,4816,875,1971,2001,98154,47.3926,-122.2435,4187,1195
6,948737,1,2.0,4272,15969,1.5,0,0,4,8,3884,388,1945,0,98041,47.5651,-121.8428,5849,27788
7,884723,7,1.0,3592,22682,1.0,0,1,4,12,2140,1452,1993,0,98053,47.6201,-121.34,4103,24182
8,1343847,2,1.5,6234,37995,3.0,0,0,2,13,6083,151,1947,0,98152,47.3065,-121.5143,2271,15154
9,1244687,6,5.0,6765,42559,2.0,0,0,2,3,5639,1126,1919,0,98081,47.6512,-121.7557,5733,6628
10,411009,2,2.5,966,12260,1.0,0,0,4,11,300,666,1971,0,98094,47.1736,-122.4163,4920,3911
11,1220143,5,1.5,5834,1606,2.0,0,0,4,7,4523,1311,1968,0,98135,47.7907,-122.0124,859,31482
12,1147283,7,1.5,4926,1673,2.5,0,0,3,13,4180,746,2004,0,98128,47.3359,-121.7191,2948,4913
13,1162407,1,4.0,6078,39202,1.5,0,0,3,9,5946,132,1933,0,98073,47.2567,-122.0084,3163,16082
14,1390315,6,4.5,6731,40924,3.0,0,0,4,3,5262,1469,2003,0,98083,47.1971,-121.3035,1938,33720
15,960511,6,2.0,3944,3120,1.0,0,2,3,13,2519,1425,1906,0,98192,47.6685,-121.5959,1298,5842
16,923460,3,1.0,3671,18235,1.5,0,1,3,13,2930,741,1949,0,98112,47.5101,-122.2755,3334,20455
17,881970,5,2.0,3419,34575,3.0,0,0,3,10,2361,1058,1952,0,98046,47.7662,-121.9115,5936,15334
18,426158,6,1.0,630,34710,3.0,0,2,4,10,300,330,1985,0,98051,47.5534,-122.0392,5956,27538
19,598046,7,1.5,2185,45717,2.5,0,1,2,11,1319,866,1972,0,98099,47.3384,-121.7874,4939,12511
20,1292321,1,2.5,7976,40937,2.0,0,0,3,4,7223,753,1910,0,98199,47.6855,-121.9641,2784,12258
21,558886,1,2.0,1269,2642,2.0,0,4,3,8,926,343,1975,0,98134,47.2969,-122.2145,2011,36205
22,656235,6,3.0,2891,32398,1.5,0,0,4,12,2408,483,1907,0,98030,47.3036,-121.6308,4920,20052
23,1014690,2,2.0,6111,29692,2.5,0,0,3,7,5724,387,1931,0,98101,47.1198,-122.372,999,21601
24,1484134,5,5.0,7449,46517,3.0,0,0,4,8,6905,544,1962,0,98144,47.2764,-121.8614,2338,13256
25,731194,1,4.5,2933,4625,2.5,0,3,4,7,2075,858,1954,0,98119,47.283,-122.1278,3058,22715
26,1360077,6,3.5,5811,14101,2.5,0,0,3,13,4894,917,1958,0,98057,47.3083,-121.3402,4071,15093
27,1014429,1,2.5,5551,7432,1.5,0,0,3,3,4853,698,1962,0,98193,47.358,-122.1357,3612,15579
28,1215539,6,2.5,6920,20786,2.0,0,0,3,4,5886,1034,1916,0,98106,47.5037,-122.0909,4980,25827
29,480997,5,2.5,1684,37343,2.5,0,0,4,5,1104,580,1925,0,98061,47.2515,-121.6515,3149,2255
30,1326732,6,4.0,5055,27665,2.5,1,0,3,9,3894,1161,1950,0,98017,47.5457,-122.3458,5130,1244
31,954604,3,3.0,3885,23511,2.5,0,2,3,12,3755,130,1932,1994,98191,47.1933,-122.1104,4297,13394
32,1099900,6,4.5,4617,1228,1.0,0,0,3,11,3195,1422,1925,0,98007,47.7516,-121.6649,2258,28909
33,1251764,6,5.0,6896,36591,2.5,0,0,2,4,5622,1274,1921,1988,98163,47.1183,-122.4631,2864,30930
34,1235893,7,2.5,5343,1486,2.5,0,1,3,12,4978,365,1966,0,98121,47.7357,-122.1268,3985,29676
35,632993,5,3.0,3404,41958,3.0,0,0,3,3,2984,420,1994,0,98197,47.483,-122.4901,4769,27817
36,434599,7,1.5,974,38012,1.0,0,0,3,3,551,423,1977,0,98091,47.597,-122.3197,4610,2221
37,534626,6,2.0,1582,44395,2.5,0,0,4,6,1421,161,1981,2004,98030,47.3088,-121.775,4113,39029
38,908138,5,2.5,3058,31442,2.5,0,2,3,11,2964,94,2021,0,98172,47.2217,-121.9519,4015,38965
39,705011,3,2.0,2547,41204,1.5,0,0,3,6,1362,1185,1997,0,98106,47.7631,-122.3128,612,13076
40,846785,5,4.5,3247,2310,1.5,0,0,4,5,2413,834,2003,0,98134,47.4087,-122.4064,5234,2191
41,554490,1,1.5,1475,35740,1.0,0,0,3,12,300,1175,1962,0,98056,47.4364,-122.4324,1548,33471
42,659251,7,3.0,2306,24939,3.0,0,1,3,10,1054,1252,1916,0,98136,47.79,-122.3976,5416,20530
43,577581,5,3.5,689,25830,1.0,1,0,4,11,300,389,1940,0,98125,47.3352,-122.3847,2037,24117
44,1476024,3,4.0,7601,14583,1.0,0,0,4,7,7381,220,1975,0,98020,47.1701,-122.3964,1588,14717
45,723673,4,2.5,3234,20314,1.5,0,0,3,4,2772,462,1938,0,98030,47.5108,-122.4339,4423,10090
46,770719,6,4.5,3505,35919,1.5,0,0,4,6,2575,930,1932,0,98190,47.4884,-121.6636,2464,3460
47,1162342,5,3.5,5158,46104,3.0,0,0,3,12,4478,680,1931,0,98077,47.6412,-121.3705,671,33815
48,753082,6,3.0,2399,44305,2.5,0,0,3,10,1061,1338,1920,0,98026,47.7686,-121.4728,4749,13807
49,542361,2,1.5,1767,2501,3.0,0,2,4,4,414,1353,1952,0,98066,47.3154,-122.181,2939,18072
50,1610458,1,3.0,7475,40759,2.5,0,4,3,11,6819,656,1963,0,98061,47.6053,-122.2549,4678,32878
51,859308,7,4.5,2028,20395,2.0,0,0,3,13,1743,285,1977,0,98189,47.4042,-122.4425,1682,21356
52,803439,1,3.5,3702,16217,1.5,0,0,3,7,2497,1205,1965,2006,98045,47.6486,-122.3128,4189,26342
53,912456,2,4.5,4056,43483,2.0,0,0,3,9,3237,819,1948,0,98046,47.215,-121.8187,5365,30267
54,886382,2,3.0,4390,19264,2.0,0,1,3,7,3935,455,1970,0,98024,47.4506,-121.3023,2485,36972
55,338827,7,1.5,1146,35342,1.5,0,0,3,5,300,846,1978,0,98077,47.154,-121.4692,4133,10413
56,1149806,5,1.0,6664,12497,2.0,0,0,2,4,6390,274,1930,0,98115,47.4928,-121.8821,2941,28099
57,654561,2,2.0,3388,24212,1.0,0,1,3,5,3352,36,1991,0,98016,47.2183,-121.9919,1763,39414
58,1152468,4,4.0,6810,17702,2.5,0,2,3,4,6368,442,1940,1994,98082,47.772,-122.3226,545,21340
59,1109986,6,4.0,5893,1534,3.0,0,0,3,4,5019,874,1971,0,98144,47.488,-121.9977,1736,1620
60,641806,6,2.0,2935,38229,1.5,0,0,3,4,1876,1059,1970,0,98066,47.4706,-121.7862,4830,37372
61,568035,3,3.0,1100,11540,1.0,0,0,4,13,1033,67,1935,0,98129,47.7806,-121.7854,2816,14675
62,549254,2,2.5,2863,36842,3.0,0,0,3,4,1430,1433,1973,0,98074,47.4489,-121.8309,1958,27024
63,607098,2,2.5,2561,49374,3.0,0,1,3,10,2202,359,1938,0,98025,47.5737,-121.5112,4931,34085
64,337954,4,2.0,741,44796,3.0,0,0,3,7,300,441,2010,2009,98014,47.1327,-121.8879,2630,11072
65,684380,1,1.5,2541,26863,2.0,0,0,3,11,1825,716,1993,0,98135,47.5958,-121.9326,1483,20540
66,856553,1,2.0,3324,16875,2.0,0,1,3,13,2377,947,2008,0,98021,47.173,-122.1331,4657,29318
67,743385,6,1.0,3112,7895,2.0,0,0,3,7,2631,481,2003,0,98093,47.6462,-122.2837,5898,34473
68,1310636,6,2.0,7541,5719,2.0,0,0,3,3,7253,288,1940,0,98091,47.7138,-122.4983,5266,34385
69,665805,5,1.0,1863,11055,1.0,1,0,3,10,1774,89,1940,0,98049,47.3208,-122.1135,2939,36687
70,1295621,7,3.5,6735,8757,2.0,0,2,3,5,6524,211,1904,0,98132,47.7147,-121.7403,4492,26264
71,1323606,4,2.5,5986,44828,1.5,0,0,3,12,5412,574,1984,0,98012,47.4378,-121.8293,2345,31366
72,1505160,7,5.0,7599,44237,3.0,0,0,3,13,6504,1095,1905,0,98022,47.5001,-121.8634,2762,5683
73,758377,7,2.0,1978,4778,1.0,0,0,4,12,1131,847,1961,0,98104,47.3877,-121.5731,1918,34302
74,912512,3,2.5,3056,16283,2.0,1,2,4,4,2767,289,1915,0,98162,47.4336,-122.2206,5327,22737
75,445426,7,2.5,1275,44756,3.0,0,0,3,8,909,366,1979,0,98154,47.7358,-121.6858,5664,15349
76,846732,3,1.0,4514,38257,1.0,0,0,4,6,4488,26,1987,0,98156,47.7631,-121.7714,5706,8264
77,392975,7,4.5,534,49052,3.0,0,4,3,6,300,234,2009,0,98147,47.4121,-122.0932,5744,18583
78,1343249,4,1.0,6849,24697,1.0,0,3,3,11,5950,899,1918,1992,98159,47.4601,-122.2377,4527,21271
79,1066009,3,5.0,3652,2957,2.5,0,4,3,12,2267,1385,1982,0,98014,47.1813,-121.8248,5864,14317
80,747985,1,4.5,2455,39170,1.0,0,0,3,10,977,1478,2011,0,98087,47.3279,-121.3658,2528,15102
81,576132,3,3.0,2085,44933,2.0,0,2,3,5,1281,804,1936,0,98081,47.4593,-122.4084,2672,17687
82,1057841,3,3.0,4443,6193,3.0,0,0,3,11,3832,611,1963,0,98151,47.2418,-121.3564,4323,25380
83,655327,4,3.5,3573,38159,3.0,0,0,4,3,3102,471,1958,0,98008,47.5036,-121.9423,2978,14799
84,540916,4,2.5,1521,22607,3.0,0,0,4,9,1153,368,1996,1981,98166,47.5797,-121.6479,5079,21290
85,972205,3,3.5,3961,45718,1.5,0,0,4,9,2612,1349,1968,1993,98010,47.555,-121.5362,675,34445
86,663991,2,1.0,3113,3750,1.5,0,0,4,4,2704,409,1972,0,98030,47.4098,-122.3182,574,31619
87,1157970,4,1.0,5725,8046,2.0,0,0,4,9,4677,1048,1984,0,98007,47.6385,-122.4461,3300,22022
88,984815,5,3.0,4343,22130,2.5,0,2,3,9,4183,160,1906,1998,98002,47.3237,-122.3458,3067,8861
89,683328,5,3.0,2000,36486,1.5,0,0,3,11,782,1218,1941,0,98022,47.4285,-122.0909,2599,12967
90,1164478,1,4.5,5298,43998,1.0,0,0,3,8,3854,1444,1924,2011,98133,47.2891,-121.3521,5700,38132
91,1647895,7,1.5,7045,8295,2.0,1,0,3,12,6368,677,1955,0,98195,47.5225,-122.4487,3380,33555
92,1565636,3,4.5,7373,46721,2.5,0,3,3,13,7361,12,1946,0,98197,47.4085,-121.3962,4942,36796
93,1300472,2,2.0,6175,44835,1.0,0,0,4,12,4745,1430,1984,0,98056,47.252,-121.8264,1443,3222
94,385062,1,2.5,661,47917,3.0,0,0,4,11,300,361,2007,0,98020,47.3157,-122.3772,4580,32188
95,938585,3,2.5,4797,8507,1.5,0,0,3,5,3528,1269,1976,0,98198,47.2956,-122.3167,3658,7661
96,638363,4,2.5,2481,8159,1.0,0,2,3,10,2394,87,1949,0,98068,47.7376,-121.6728,5427,23537
97,642878,5,1.5,1495,45731,2.5,1,0,4,6,1057,438,1984,0,98185,47.4654,-121.7699,5743,9761
98,1375663,6,3.0,6913,26469,2.0,0,0,2,13,6493,420,1973,2014,98021,47.5569,-122.2991,2833,3599
99,964052,2,4.0,5411,48566,1.0,0,0,3,3,4132,1279,1987,0,98017,47.7543,-121.4148,3707,30334
100,962173,6,3.0,3842,32217,2.0,0,2,4,9,2543,1299,1990,0,98079,47.2276,-122.3405,3440,26230
101,1015165,5,3.0,5051,5145,3.0,0,0,4,5,4021,1030,1932,0,98027,47.7558,-121.8861,2011,33644
102,928830,7,4.5,4298,18229,2.5,0,0,3,6,3799,499,1925,0,98167,47.4777,-121.866,1845,29968
103,531157,7,4.0,1775,17904,2.5,0,0,4,5,1530,245,1999,0,98083,47.6993,-121.4554,5816,9083
104,552766,6,3.0,1516,12492,1.5,0,3,3,8,1171,345,1916,0,98195,47.2176,-122.4734,4288,15131
105,1644592,4,2.0,6939,45635,2.5,1,0,3,12,5712,1227,1920,0,98111,47.2911,-122.3363,2244,1342
106,1526356,3,4.5,7363,1210,1.0,1,0,3,3,6884,479,2008,1989,98115,47.2359,-122.2952,1407,11090
107,656401,4,3.5,837,24068,1.0,1,0,3,12,300,537,1901,0,98113,47.5574,-122.4245,4566,22499
108,470648,6,2.0,1378,45947,1.0,0,0,3,9,481,897,1978,0,98198,47.1985,-121.7422,5725,3428
109,626464,4,2.0,1576,39962,3.0,0,0,4,12,300,1276,1943,0,98197,47.6548,-122.2245,3171,30557
110,1152978,5,4.0,5387,49910,2.5,0,0,3,10,4868,519,1965,0,98013,47.2753,-121.808,4221,13805
111,947897,2,1.0,4493,26767,2.5,0,3,3,5,4064,429,1970,0,98113,47.2788,-121.5609,1909,34391
112,1361395,4,5.0,6860,23975,1.0,0,0,3,11,6691,169,1935,0,98098,47.2968,-122.0098,5250,14516
113,1089035,5,1.5,5359,6434,1.5,0,2,3,4,5241,118,1945,2005,98050,47.6225,-121.5774,4786,3843
114,1484926,2,4.0,6831,26571,1.5,0,0,4,12,6074,757,1949,0,98138,47.747,-121.5666,4871,20599
115,692479,7,2.5,879,12359,2.5,0,3,3,13,817,62,2006,0,98056,47.7353,-122.1839,4859,7622
116,434260,3,3.0,992,9568,2.5,0,0,3,12,300,692,1995,0,98104,47.1709,-122.4811,3938,3057
117,1563619,6,4.5,7708,25467,2.0,0,0,3,11,7600,108,1966,0,98172,47.2837,-122.3761,2605,16518
118,1213218,7,2.5,5776,18172,2.5,0,0,4,7,5031,745,1902,0,98028,47.5705,-121.5118,5243,35726
119,727481,3,3.0,2562,18635,1.0,0,1,3,8,1846,716,2013,0,98037,47.533,-122.0136,5393,33595
120,931255,7,1.0,4384,48899,3.0,0,1,3,4,3968,416,2018,0,98036,47.345,-121.4931,5447,39910
121,485261,1,1.0,564,41997,2.5,1,0,5,7,300,264,1932,0,98184,47.704,-121.843,2601,10064
122,851494,7,2.0,3068,24173,2.5,0,0,2,8,2177,891,1944,0,98092,47.1913,-122.2631,1193,34428
123,1214185,5,3.5,5963,11052,1.0,0,0,3,7,4700,1263,1924,0,98057,47.5473,-121.6453,4306,4983
124,1136413,2,1.5,5748,45998,2.0,0,0,5,6,5039,709,1936,0,98036,47.2912,-121.8302,4975,4224
125,676932,7,1.5,2527,36438,2.5,0,0,3,10,1910,617,1935,0,98129,47.469,-122.0778,3216,9614
126,673361,4,2.5,3195,26074,1.5,0,0,4,4,2944,251,1934,0,98171,47.3712,-122.3947,1233,29685
127,418129,3,3.5,1995,2570,1.5,0,0,2,3,786,1209,1918,0,98137,47.7858,-122.3772,4599,29600
128,1516530,7,4.0,7730,33540,1.5,0,1,2,4,6993,737,1944,0,98107,47.4407,-122.2738,4895,35864
129,1264269,2,1.5,5758,22359,3.0,0,1,2,13,4322,1436,2011,0,98106,47.7833,-121.6925,5713,28990
130,1125643,5,1.5,6118,12213,3.0,0,0,5,6,5615,503,1982,0,98195,47.2785,-121.6264,1260,37427
131,1259388,1,5.0,7236,16586,2.5,0,1,4,3,7083,153,1996,0,98115,47.6376,-121.7429,2057,15931
132,412466,3,2.0,891,36779,2.5,0,0,3,11,668,223,1917,1999,98032,47.6019,-122.0953,5098,24200
133,1270793,6,4.5,6294,9879,2.5,0,1,3,3,5697,597,1926,0,98119,47.6934,-121.9714,2161,3847
134,1059756,2,4.5,5014,30333,3.0,0,0,3,7,4169,845,1993,0,98124,47.5855,-121.6485,4691,4994
135,1578618,6,4.0,6932,48005,2.5,0,1,3,10,5491,1441,1930,0,98070,47.5777,-121.7082,5503,32589
136,1123108,2,1.5,4974,45349,1.0,0,0,3,11,4291,683,1938,0,98058,47.5625,-121.5724,1528,5733
137,1355679,2,4.5,6392,48338,2.0,0,0,4,11,6233,159,1966,1998,98180,47.7895,-122.2106,5813,28974
138,892961,5,4.0,4061,17526,1.5,0,0,4,10,2987,1074,1921,0,98198,47.2597,-122.4946,1390,24004
139,783799,5,3.5,2778,31378,1.5,0,0,4,8,1475,1303,1951,0,98089,47.1211,-122.1803,3166,12253
140,1521667,5,2.5,7661,49904,1.0,0,0,3,8,7490,171,1909,0,98028,47.5746,-122.0825,2966,5603
141,1504226,7,2.0,6684,1531,2.5,0,0,4,11,5704,980,2016,0,98193,47.2206,-121.3474,4157,30965
142,782434,4,1.5,3599,41771,3.0,0,2,4,4,3268,331,1907,0,98168,47.5756,-122.2387,4643,28776
143,1192144,2,3.0,6778,12072,2.5,0,0,3,5,5462,1316,1933,0,98148,47.3238,-121.5083,5542,24495
144,405945,3,3.5,700,48288,2.5,0,0,3,8,635,65,2005,0,98088,47.1303,-121.753,1089,19472
145,1427390,6,2.5,6459,21507,1.5,0,0,3,10,5166,1293,1952,1992,98115,47.6388,-122.299,987,39906
146,1160780,5,3.0,5375,22190,1.5,0,0,3,9,4008,1367,1917,0,98138,47.1362,-122.0158,2179,18452
147,1386890,7,2.5,7573,11509,3.0,0,0,4,10,7303,270,1911,0,98076,47.2569,-121.8878,5667,16495
148,950548,5,3.5,3604,21263,1.5,0,2,3,7,2520,1084,2009,1988,98190,47.3355,-122.087,5748,18268
149,1580895,6,4.5,7715,19171,2.5,0,0,4,11,7027,688,1963,0,98037,47.1929,-122.2286,2055,7277
150,1015051,6,1.5,5098,2273,1.0,0,0,2,8,4470,628,1956,0,98060,47.7395,-122.1966,5011,21914
151,877959,2,2.5,2954,39257,3.0,0,0,4,12,1795,1159,1995,0,98091,47.5353,-121.7978,2933,37302
152,755129,5,1.5,4145,37752,1.0,0,0,4,4,3144,1001,1901,0,98077,47.7128,-121.6743,5678,27920
153,1450879,6,3.5,6347,24353,2.5,1,0,3,8,6089,258,1916,0,98094,47.5774,-121.9372,1993,4085
154,584123,4,4.0,1304,29593,3.0,0,0,4,13,300,1004,1951,0,98115,47.7944,-121.3699,2808,36610
155,1364909,4,4.5,6742,10404,1.0,0,4,3,6,6412,330,1975,2019,98067,47.4676,-121.6257,3765,15475
156,724945,5,2.0,3231,42113,3.0,0,0,3,7,1815,1416,1970,0,98180,47.1376,-121.4299,2788,38994
157,1303300,7,5.0,6491,12890,2.5,0,0,3,7,5709,782,1978,0,98163,47.2126,-121.9292,3738,14250
158,646366,6,1.5,3273,4898,3.0,0,0,3,3,1996,1277,1901,0,98112,47.5119,-122.4821,2591,32808
159,709555,2,3.5,2070,11947,2.5,0,2,4,12,1804,266,1926,0,98190,47.3434,-121.7895,668,8696
160,1043521,2,1.0,5556,17603,3.0,0,1,3,7,4763,793,1925,2004,98140,47.179,-121.5181,1363,20977
161,1548901,7,4.5,7256,44617,3.0,0,0,3,12,6226,1030,1924,2011,98029,47.2667,-121.8562,5484,18850
162,1486814,2,3.0,6081,49477,1.5,0,3,4,13,5222,859,1911,1989,98030,47.4322,-121.8185,2097,27507
163,827071,1,3.5,3190,12889,2.5,0,0,3,11,2752,438,1916,0,98150,47.4627,-121.33,1293,31869
164,998003,5,4.5,4340,5233,2.0,0,0,3,10,3790,550,1964,2009,98081,47.7542,-122.0606,3622,24309
165,564354,2,1.5,1528,13225,3.0,0,2,3,10,1525,3,1994,0,98053,47.1635,-121.5378,962,33808
166,1458074,4,1.0,7885,20370,1.0,0,1,3,5,7208,677,1939,0,98022,47.3505,-121.8939,2943,10479
167,551583,6,4.5,1002,10014,1.5,0,3,3,11,696,306,1904,0,98188,47.4542,-121.9435,5353,36186
168,1572606,3,2.5,7410,22212,1.5,0,2,3,11,6949,461,1991,0,98049,47.1793,-122.3253,5325,1462
169,1222777,7,1.5,4993,29624,3.0,0,4,3,12,3619,1374,1927,0,98177,47.5815,-121.6019,3902,4461
170,638854,3,3.0,1370,32509,2.0,0,0,3,9,300,1070,2020,0,98135,47.4605,-121.512,4964,16174
171,1438793,2,3.5,7438,9378,1.5,0,0,3,8,6302,1136,1971,0,98046,47.4217,-121.9829,3023,13271
172,1098231,3,1.0,4988,10049,2.5,0,0,3,11,4872,116,2017,1990,98011,47.5593,-121.5838,3849,19554
173,528953,3,2.0,706,6495,3.0,0,1,3,13,300,406,1951,2020,98016,47.3015,-121.8027,1352,34107
174,1039878,1,1.0,5634,27441,3.0,0,0,4,8,5072,562,1913,0,98182,47.3375,-122.1909,5416,9745
175,1170746,4,2.5,6477,3439,2.0,0,0,4,5,5506,971,1905,0,98185,47.2139,-121.3915,5132,11028
176,1581429,7,4.5,7535,2619,2.5,0,2,4,8,6079,1456,1917,0,98036,47.4666,-121.6639,3824,17934
177,1002527,4,5.0,1984,6653,2.5,1,4,3,13,946,1038,1936,0,98051,47.3607,-121.446,4698,13353
178,558705,1,3.5,1363,27040,2.0,1,0,4,4,1163,200,1973,0,98150,47.2822,-122.1622,3457,34855
179,663975,1,1.5,3290,18711,1.0,0,0,4,4,1920,1370,1963,2015,98165,47.1873,-121.4004,2275,16754
180,1535613,3,4.5,7908,18527,2.5,0,0,3,9,7785,123,2010,0,98003,47.1163,-122.0624,1046,21738
181,668467,5,3.0,1063,3135,1.0,1,0,3,10,908,155,1998,0,98035,47.2353,-122.4886,1689,36464
182,1104511,6,1.5,5616,23933,1.0,0,0,3,9,5208,408,1934,0,98113,47.2732,-122.41,2993,25932
183,1117548,6,4.5,4691,41918,3.0,0,3,3,7,3460,1231,1916,0,98038,47.4398,-122.3928,4184,37183
184,1364831,3,4.0,6519,40344,3.0,0,0,3,6,6054,465,2009,0,98106,47.2687,-122.2514,4087,30562
185,722121,6,4.0,2257,44649,1.5,0,0,3,10,1504,753,1990,0,98055,47.6724,-122.2762,912,39943
186,1454818,1,4.0,7128,13201,3.0,0,0,3,11,5941,1187,1987,0,98169,47.4319,-122.4305,3261,18510
187,1264609,4,2.0,6874,33740,2.5,0,0,4,9,6103,771,1909,0,98038,47.5367,-121.4255,4372,20628
188,1343897,6,2.0,7392,40747,2.5,0,0,3,3,6092,1300,1950,0,98118,47.2456,-121.506,2280,8981
189,684719,7,4.0,2178,14860,1.0,0,1,3,6,1342,836,2011,0,98162,47.3913,-121.5846,4343,19844
190,812227,3,2.0,3742,1148,2.5,0,2,3,6,2739,1003,1980,0,98011,47.5219,-121.925,4029,29406
191,1144298,5,3.0,5136,18915,3.0,0,0,3,12,4387,749,1951,0,98014,47.3177,-121.9898,5812,5969
192,483686,3,4.0,1559,40193,3.0,0,1,3,5,1166,393,2008,1992,98081,47.3353,-121.9896,839,31893
193,1279789,2,4.0,7168,13770,3.0,0,0,4,6,7119,49,1963,0,98021,47.6652,-122.1859,5050,16874
194,1183770,3,3.0,5779,34326,2.0,0,0,3,11,5055,724,1932,2006,98156,47.686,-121.7701,2300,14800
195,539782,1,4.0,2222,39158,2.5,0,0,3,3,2079,143,1996,0,98107,47.4731,-122.4291,2831,37955
196,836769,4,4.5,3814,3645,1.5,1,0,3,4,3649,165,1916,0,98102,47.7275,-121.7095,3633,36833
197,931640,4,3.5,3657,29032,2.5,0,0,4,9,2567,1090,1981,0,98086,47.6157,-121.8834,3573,25605
198,1339695,7,2.0,6415,20891,2.5,0,0,4,11,5372,1043,1948,0,98060,47.1387,-121.5202,5231,13574
199,858230,6,2.0,3125,30145,2.0,0,0,3,9,2503,622,2007,2009,98034,47.4916,-121.3327,4471,1680
200,559134,1,2.5,3229,33252,2.5,0,0,3,3,3161,68,2001,0,98065,47.5885,-121.4481,2873,3581
201,1190619,2,1.5,7200,39547,1.0,0,0,3,9,6747,453,1906,0,98004,47.4786,-121.6361,4513,37872
202,615731,1,2.0,2097,14243,3.0,0,0,4,8,2073,24,2012,0,98105,47.6824,-121.9807,3711,15494
203,677355,3,2.0,3560,4584,3.0,0,0,3,3,3251,309,1989,0,98056,47.3106,-122.2426,1414,35959
204,598179,1,3.0,3193,35123,2.0,0,0,3,3,3182,11,2011,0,98070,47.1458,-121.7022,3438,38781
205,1188584,1,4.5,5391,30053,3.0,1,0,3,4,4815,576,1964,0,98080,47.5435,-122.2581,3792,5213
206,1372491,7,1.5,5647,46864,1.0,1,1,3,8,4954,693,1961,0,98010,47.6116,-122.4757,4307,10907
207,1341611,2,4.0,6239,28644,2.0,1,0,3,6,6006,233,1974,0,98035,47.6357,-121.8121,655,7284
208,1096535,3,3.5,4127,44031,1.5,1,0,3,6,3293,834,1909,0,98138,47.1077,-122.027,4964,17880
209,474262,5,1.5,1863,48594,3.0,0,0,2,8,947,916,1930,0,98076,47.5714,-121.4488,511,31630
210,768449,7,4.5,2481,40357,2.5,0,0,3,11,1325,1156,1924,0,98191,47.1145,-121.7251,5432,33314
211,1274303,5,3.5,5950,36775,1.0,0,3,5,3,5360,590,1956,0,98097,47.6424,-121.7233,2472,38798
212,572747,7,2.5,2163,17129,1.0,0,0,4,4,865,1298,1964,0,98153,47.5922,-121.5545,4626,24033
213,620733,4,4.0,2029,10107,3.0,0,0,3,10,1181,848,1942,0,98125,47.4972,-122.0972,2938,36544
214,839265,7,2.0,2538,24989,1.5,0,1,4,10,1926,612,2019,0,98032,47.4544,-121.3502,5516,38881
215,1438004,6,4.0,6092,20480,2.5,1,0,3,13,5941,151,1902,0,98106,47.6006,-122.2344,4752,27688
216,947677,1,1.0,3802,35816,1.5,0,0,3,13,2327,1475,1954,0,98056,47.14,-121.454,3774,20505
217,770275,4,4.5,2737,12870,1.5,0,2,2,8,2522,215,1947,0,98154,47.6825,-121.407,1800,30101
218,1637378,2,,7892,16417,3.0,0,2,3,8,7234,658,1964,0,98068,47.2409,-122.4532,1579,14642
219,1407633,5,3.5,6004,24107,2.5,0,0,4,10,5695,309,1970,0,98155,47.4345,-121.7418,3274,3913
220,1108561,7,2.0,5996,9962,3.0,0,0,4,4,4740,1256,2006,0,98090,47.4408,-121.6007,4207,26041
221,434161,1,3.5,1806,38283,3.0,0,1,3,4,1658,148,2012,0,98011,47.644,-121.3554,2454,35875
222,930036,2,4.0,4529,31410,1.0,0,0,4,3,4193,336,2014,2000,98181,47.2351,-122.1983,3960,39706
223,1440596,6,3.0,7276,20957,3.0,0,0,4,8,5797,1479,1959,2021,98102,47.3098,-121.8258,4847,21333
224,662953,2,3.5,3175,36090,2.0,0,0,3,8,2669,506,1913,2011,98032,47.5642,-121.5723,5937,15301
225,1128421,1,3.0,5568,40112,2.5,0,0,4,8,4270,1298,1986,0,98187,47.3889,-122.322,3141,38884
226,1527509,6,4.5,6364,35985,1.0,0,0,3,13,5394,970,2011,0,98158,47.3092,-121.4764,3400,13580
227,534920,2,3.0,1782,43280,2.5,0,0,4,4,578,1204,1980,0,98137,47.535,-122.0156,5442,20480
228,549945,6,4.5,1209,9211,1.0,0,1,3,9,300,909,1913,0,98011,47.1606,-121.7323,4287,19327
229,1119190,7,4.0,6075,40825,2.0,0,0,3,5,5642,433,1908,0,98087,47.6528,-122.4496,5872,4681
230,1127757,7,2.5,6030,10708,3.0,0,0,4,3,4856,1174,1984,2015,98145,47.4673,-122.2325,4209,3324
231,977744,1,2.0,5244,28064,1.0,0,0,3,3,3750,1494,1944,0,98096,47.2442,-121.9262,2746,24538
232,1029099,1,2.5,4913,33995,1.0,0,1,3,11,4710,203,1901,0,98011,47.386,-122.1529,5232,23008
233,862156,6,4.5,4248,47633,1.0,0,0,3,5,3785,463,2015,0,98057,47.1918,-121.3506,3194,15170
234,1534153,3,2.0,7892,48683,2.0,0,0,4,10,6919,973,1931,0,98050,47.5316,-121.5461,1925,11824
235,1260587,4,3.0,5853,18373,2.5,0,0,3,12,5527,326,1907,0,98073,47.5685,-121.4621,2778,17527
236,973334,2,4.0,5279,37393,2.0,0,0,4,9,5131,148,1935,2014,98081,47.3837,-121.9404,728,20698
237,478235,2,2.5,1163,9081,1.0,0,3,4,4,300,863,1989,0,98053,47.3378,-121.9316,3567,37877
238,587468,3,3.5,2498,18783,1.0,0,0,3,4,2464,34,1936,0,98089,47.6948,-121.5338,2241,11154
239,808973,3,2.0,3945,21740,3.0,0,0,3,6,2706,1239,1914,1993,98110,47.5032,-122.035,5954,37686
240,802331,3,1.5,4243,20321,2.0,0,1,2,4,4243,0,1933,2018,98194,47.5669,-121.923,2627,10173
241,1110556,5,4.0,6227,30162,2.0,0,0,3,7,5760,467,1920,1988,98171,47.1893,-121.8657,5100,2833
242,679534,5,1.5,1995,12090,1.5,0,0,3,12,1392,603,1986,0,98039,47.5993,-121.7714,4437,28989
243,999161,6,2.0,3804,2683,2.5,1,0,3,9,3339,465,1908,0,98042,47.4112,-121.72,967,21309
244,894148,5,4.5,4263,37818,1.5,0,0,3,4,3813,450,1939,0,98162,47.3567,-121.6831,4733,2218
245,1165892,7,2.5,5732,42145,1.5,0,0,3,11,5130,602,1925,0,98153,47.7506,-121.9672,2325,31749
246,577376,7,5.0,2353,35020,2.5,0,0,4,3,2284,69,2006,0,98078,47.1378,-122.1458,4699,36884
247,1075932,1,5.0,6116,30034,3.0,0,0,3,4,5860,256,1921,1991,98137,47.2369,-121.3958,2982,2138
248,1331792,6,2.0,7085,49458,3.0,0,0,4,9,6219,866,1912,0,98123,47.3625,-121.5079,3387,8086
249,962813,2,1.0,5159,35444,2.5,0,0,3,7,4139,1020,1924,0,98140,47.3268,-122.4959,1830,7864
250,428691,4,4.0,1791,23591,2.5,0,2,2,3,1700,91,1970,0,98010,47.4575,-121.8845,3360,19400
251,869706,1,3.0,4081,25957,2.0,0,1,3,6,3488,593,2014,0,98162,47.3806,-122.1705,4196,38580
252,923412,2,1.5,3957,24507,2.0,0,0,1,10,3586,371,1990,0,98076,47.6518,-121.7287,3229,5668
253,1569992,2,4.0,7780,8081,2.0,0,3,4,7,6888,892,1914,1986,98026,47.6376,-121.8968,2154,23967
254,502911,6,1.0,2136,41553,2.0,0,0,3,4,2038,98,1975,0,98035,47.6407,-122.4746,3108,27375
255,1063815,3,4.5,4196,36201,1.0,0,0,3,11,3687,509,1944,0,98077,47.3585,-121.6267,2954,23584
256,731061,3,1.5,3499,36838,1.0,0,0,3,3,2514,985,1996,0,98184,47.3852,-122.1695,3058,6017
257,675170,1,1.5,3652,21913,3.0,0,0,3,3,2684,968,1920,0,98056,47.6043,-122.1877,2850,32623
258,566352,3,1.5,1198,12509,1.0,0,0,3,12,300,898,1988,0,98048,47.1869,-122.4617,3741,25924
259,604473,2,5.0,2660,28912,1.0,0,0,2,7,1699,961,1939,0,98023,47.6963,-121.506,4492,34164
260,973920,3,4.0,4597,19860,2.0,0,0,3,11,4352,245,1946,1988,98065,47.4789,-121.8054,4152,37012
261,1095824,5,4.0,5237,4398,2.0,0,0,3,8,4437,800,1985,0,98008,47.694,-121.9182,3134,13423
262,1379202,3,2.5,6863,8287,2.5,0,3,3,7,5368,1495,1960,0,98117,47.6555,-121.689,4894,17785
263,1172364,2,2.5,6185,20966,2.0,0,0,4,8,5907,278,1913,1988,98141,47.3621,-122.0856,2401,35259
264,562470,6,2.0,1354,31211,2.5,0,0,3,8,581,773,1971,0,98177,47.1711,-121.8166,5241,9480
265,1325748,1,3.0,6355,47268,2.5,0,1,3,11,5503,852,1987,2007,98105,47.7446,-122.2009,4737,29167
266,1506138,4,3.0,7892,6359,1.0,0,0,3,11,7462,430,1966,2014,98138,47.3412,-122.4245,5599,23127
267,1271467,3,3.5,7028,32041,2.0,0,0,3,7,6587,441,1975,2017,98131,47.3616,-121.8264,2254,24499
268,867473,7,2.0,3974,23614,1.0,0,0,2,6,2690,1284,1946,0,98028,47.7363,-122.2346,3951,6185
269,1246155,7,5.0,6257,39656,2.0,0,1,3,3,4979,1278,1985,0,98027,47.7421,-121.5999,5982,25177
270,1483576,2,1.5,5749,48472,1.0,1,2,3,8,4265,1484,1915,1982,98085,47.284,-121.9578,5776,9810
271,1152780,4,5.0,5672,20780,1.0,0,0,3,9,5408,264,1970,0,98011,47.1623,-122.1995,1477,26316
272,853777,4,1.0,2207,25991,1.0,1,0,4,9,1693,514,1917,0,98012,47.1008,-121.77,2757,4210
273,543175,5,3.0,3277,34054,3.0,0,0,4,3,2833,444,1944,0,98007,47.4068,-122.3601,3699,10835
274,1096186,4,2.5,6291,21483,1.0,0,0,3,8,6069,222,1922,0,98170,47.498,-121.5863,3817,19165
275,792836,7,3.0,2233,30574,1.5,0,3,3,10,1472,761,1925,0,98096,47.2892,-121.9574,4856,29630
276,1168763,6,3.5,6035,30727,1.5,0,0,3,5,5844,191,2001,0,98138,47.2818,-121.5248,2596,34861
277,1406191,2,2.5,6890,1353,1.5,1,0,4,3,6333,557,1965,0,98061,47.3497,-122.3343,1627,27058
278,1074037,2,2.5,5431,21530,2.5,0,0,4,9,3968,1463,1901,0,98064,47.2842,-122.0409,5168,11088
279,842907,3,4.0,4010,14054,1.0,0,0,1,6,3204,806,1921,0,98028,47.7009,-122.284,3748,27838
280,536493,3,3.5,702,37943,1.5,0,4,3,7,434,268,2014,0,98154,47.55,-122.4266,804,28586
281,935878,3,4.5,3755,11233,2.5,0,2,4,4,2691,1064,1937,2017,98093,47.6803,-121.3536,597,16309
282,1115028,7,2.0,4718,14332,1.5,0,0,4,9,4068,650,2020,0,98091,47.7023,-121.628,3640,33972
283,984094,7,3.5,4996,42557,2.0,0,1,2,3,4956,40,1941,0,98180,47.4045,-122.1093,4740,9723
284,568948,7,3.5,1266,49224,3.0,1,0,3,6,300,966,1927,0,98132,47.4343,-122.2046,560,23882
285,1044529,7,2.5,4889,30538,1.0,0,0,3,10,3691,1198,1962,0,98106,47.7845,-122.2548,3477,22490
286,728997,7,3.0,2827,15744,3.0,0,0,3,9,2395,432,1916,0,98150,47.6718,-122.4484,3184,38518
287,956456,7,2.5,3431,4218,3.0,0,0,3,9,1959,1472,2014,0,98010,47.6585,-122.3768,1200,25836
288,493058,6,1.5,697,36933,2.0,0,0,3,9,300,397,2011,0,98132,47.5086,-122.3765,5029,16668
289,1390966,7,2.0,7625,48529,2.0,0,0,4,7,6695,930,1981,0,98135,47.4228,-121.7005,3092,1424
290,700166,4,1.5,2430,19798,2.0,0,0,4,13,2108,322,1958,0,98191,47.7262,-121.7864,5021,3096
291,1033913,4,3.5,4082,42571,2.5,0,0,4,12,3183,899,2014,0,98087,47.6632,-121.8182,1739,21717
292,1295099,5,3.5,7395,18811,1.5,0,0,3,5,6092,1303,1901,0,98195,47.4618,-121.6186,998,25932
293,1386856,6,5.0,6787,47973,1.0,0,0,2,12,5670,1117,1998,0,98088,47.2893,-122.1986,5803,14510
294,510827,3,4.0,1108,34324,2.0,0,0,3,9,300,808,1978,0,98111,47.2031,-122.089,591,9515
295,818140,1,1.0,3772,4029,1.0,0,2,3,10,2892,880,1978,0,98158,47.4869,-122.348,5801,9470
296,642745,7,4.5,1647,28044,1.0,0,0,3,9,1308,339,2007,2020,98105,47.3072,-121.7947,2741,31745
297,1111205,5,4.5,4782,40066,1.0,0,0,3,8,4363,419,2015,0,98116,47.285,-121.3805,4468,22206
298,1017133,1,3.0,3897,38727,2.0,0,0,3,11,2669,1228,2008,2011,98076,47.1741,-121.4642,1696,29182
299,910851,4,3.5,3011,20669,2.0,0,0,3,13,2444,567,2018,0,98021,47.1241,-121.834,3340,22170
300,708711,5,5.0,2294,28143,1.5,0,0,3,8,1552,742,1997,0,98176,47.6483,-121.7265,758,13149
301,530010,5,3.0,1159,47936,2.0,1,0,3,7,900,259,1949,0,98017,47.1756,-121.3092,5708,9172
302,804393,2,4.5,3311,20263,2.0,0,0,3,13,2580,731,1914,0,98195,47.722,-121.8792,5186,18268
303,1437422,4,1.5,7598,5988,1.0,0,2,4,8,6919,679,1917,0,98100,47.2496,-121.4553,5164,12869
304,1284759,4,2.0,6551,39189,1.5,0,0,3,12,5869,682,1976,0,98009,47.6318,-121.8992,3127,18766
305,1251817,6,3.0,7046,16937,3.0,0,0,3,6,6036,1010,1937,0,98168,47.6761,-122.4426,1653,6292
306,523871,5,3.5,1869,39435,2.0,0,0,3,8,455,1414,1907,0,98128,47.6548,-121.3784,3577,19003
307,899998,7,4.5,2486,27029,2.0,1,0,3,6,1185,1301,1979,2014,98187,47.711,-122.3657,4716,31031
308,1235021,4,5.0,6130,44413,3.0,0,0,3,7,5235,895,1919,1994,98069,47.3378,-121.655,2837,1624
309,481896,5,2.5,646,34148,1.0,1,0,4,8,300,346,1959,1982,98122,47.7901,-122.2144,3400,29938
310,701978,6,1.0,3719,43011,1.5,0,0,3,3,3239,480,1925,0,98169,47.2957,-121.4188,5744,28565
311,853176,7,4.0,3411,5212,1.0,0,2,3,8,1937,1474,1934,0,98196,47.754,-122.2594,874,16575
312,685392,6,3.5,2234,11915,2.5,0,0,4,8,1944,290,2020,0,98176,47.4062,-122.3319,3593,14721
313,593501,2,2.0,2343,30436,2.0,0,1,3,3,1543,800,1980,0,98189,47.1399,-121.9735,5840,1321
314,410677,7,3.0,988,44471,2.5,0,0,3,9,342,646,1925,2001,98005,47.6494,-121.904,5860,17696
315,856359,5,4.0,3476,12234,2.0,0,0,1,12,3372,104,1917,0,98007,47.6512,-121.5173,5601,11318
316,700374,4,4.0,2459,36552,2.5,0,0,3,7,1059,1400,1943,0,98103,47.2381,-121.5851,1208,10132
317,1228594,4,3.0,6259,28864,3.0,0,0,3,10,6070,189,1906,0,98134,47.6765,-122.1061,5762,26324
318,1431384,5,2.0,7194,3854,2.0,0,0,3,7,5976,1218,2007,0,98157,47.2103,-122.0381,2599,10316
319,775357,5,5.0,2885,26507,2.0,0,3,3,12,2509,376,1934,2002,98179,47.206,-121.808,5347,5629
320,767325,5,3.5,3419,15585,2.5,0,0,4,7,2737,682,1911,0,98028,47.6662,-121.8381,2326,19201
321,1007371,3,2.5,5236,37448,1.5,0,2,3,4,4195,1041,2020,0,98057,47.3032,-121.4655,1380,12440
322,918764,7,2.0,2302,22551,2.5,1,2,3,6,2044,258,2010,0,98063,47.1538,-121.933,1900,14635
323,1381671,4,4.0,7116,4378,2.0,0,0,3,6,6290,826,2012,0,98166,47.7694,-121.4278,847,7405
324,1499691,7,2.0,6565,21784,2.0,1,0,3,12,6194,371,1943,1989,98049,47.4899,-122.2539,1624,28647
325,1421565,6,1.5,6794,16219,1.5,0,0,3,12,5808,986,1940,0,98012,47.4137,-121.4588,5965,14333
326,1347250,4,3.0,6034,42697,1.0,0,2,3,10,5203,831,1953,0,98173,47.4529,-122.1348,5561,32807
327,881947,3,2.0,4561,6084,1.5,0,2,4,5,3593,968,1900,0,98102,47.5693,-121.5529,4515,2368
328,764469,5,3.5,3869,47044,1.0,0,0,3,3,3277,592,1924,0,98045,47.7032,-121.8215,3874,3067
329,1076734,2,1.5,6230,32959,2.0,0,0,3,9,6171,59,1979,0,98133,47.5708,-121.4493,699,1751
330,498065,5,3.5,762,23038,3.0,0,0,3,11,658,104,2020,0,98065,47.6177,-122.2225,3873,33275
331,1405347,5,2.0,6383,32574,3.0,0,2,2,8,4934,1449,2021,0,98163,47.2261,-121.6582,1606,9831
332,1265913,3,1.0,6787,38461,2.5,0,3,4,4,5911,876,1914,0,98163,47.3689,-121.4812,4883,31155
333,1362511,7,1.5,6989,20994,1.5,0,0,3,4,5705,1284,1974,0,98111,47.5094,-121.568,1547,26515
334,310071,4,4.5,1123,27781,1.5,0,0,3,3,300,823,2000,0,98111,47.5336,-121.8208,1797,31930
335,605510,5,4.5,1516,39261,3.0,0,0,4,8,873,643,2002,0,98159,47.2895,-121.6895,1002,8668
336,918255,4,2.0,4143,48253,1.0,0,0,4,10,3877,266,1902,0,98036,47.7825,-122.2642,2409,24663
337,1000006,1,4.0,5476,12973,1.5,0,2,3,3,4521,955,1944,0,98168,47.1827,-122.2402,1294,29410
338,742808,6,3.5,2549,39974,1.0,0,0,4,3,1420,1129,2019,0,98099,47.1786,-122.1793,1847,21720
339,1496564,7,5.0,7540,34175,1.0,0,0,3,3,6121,1419,1944,1993,98168,47.2604,-121.5064,3984,31640
340,1341939,4,2.5,5923,40089,1.0,0,0,3,12,4751,1172,1950,0,98189,47.6277,-122.2991,3218,30393
341,1209623,2,3.5,6897,46280,1.0,0,0,3,7,6618,279,1941,0,98012,47.1256,-122.1413,5750,21878
342,940186,6,1.5,4223,24965,2.5,0,0,2,9,3699,524,1938,0,98013,47.7915,-121.3955,3652,9953
343,987673,2,2.5,5048,26685,2.5,0,1,3,6,4185,863,1919,0,98158,47.7914,-121.5937,4790,11138
344,767631,5,5.0,3608,15726,3.0,0,0,3,3,3583,25,2016,1989,98040,47.2118,-121.6202,1338,19135
345,1290153,6,,5779,30113,2.5,1,0,2,3,5228,551,1986,0,98145,47.3808,-121.9538,3474,6226
346,1059643,4,2.0,4590,11696,1.5,0,0,3,12,3285,1305,1978,0,98073,47.2427,-121.6572,4080,31484
347,1318453,6,1.5,7658,36999,2.5,0,0,3,5,6861,797,1917,0,98103,47.3856,-121.8211,5838,7628
348,769697,5,4.0,2556,33674,1.5,0,0,4,7,1469,1087,2015,0,98150,47.473,-122.4142,1398,26934
349,1365888,3,3.5,7900,35453,1.5,0,0,2,7,7790,110,1938,2012,98056,47.6759,-121.8082,5056,35585
350,1012079,7,2.5,3670,16769,1.0,0,0,3,11,2559,1111,1998,0,98062,47.1251,-121.9573,2673,15857
351,661293,2,5.0,2182,28612,3.0,0,0,3,11,1761,421,1928,0,98057,47.7908,-122.3632,1696,24490
352,1375164,5,1.0,7459,45068,1.0,0,2,3,11,6555,904,1919,0,98143,47.7584,-122.0869,2175,16078
353,693864,3,2.0,2755,25739,1.0,0,0,3,10,2030,725,1941,1997,98093,47.4993,-121.4262,3610,39821
354,949612,6,4.5,1654,36501,2.5,1,0,5,13,300,1354,1978,0,98120,47.4366,-121.5356,3493,31567
355,1172844,6,2.5,4999,23153,2.5,0,0,3,11,3848,1151,1995,0,98054,47.4855,-121.4033,5297,1506
356,1311538,5,2.0,6795,7614,1.5,0,2,4,10,6502,293,1911,2015,98144,47.1129,-121.6395,4266,27143
357,1348856,4,3.0,6697,7532,2.5,0,0,3,10,5525,1172,2011,0,98152,47.6164,-121.7409,1286,34113
358,1250805,6,4.5,3691,15847,2.5,1,0,4,10,2341,1350,1955,0,98080,47.4475,-122.3329,2641,19991
359,641761,4,1.5,2196,2738,2.0,0,0,3,10,1033,1163,2014,0,98115,47.3002,-122.3713,1129,36915
360,903751,4,5.0,4491,27172,1.5,0,0,4,7,3688,803,1911,0,98122,47.4231,-122.2039,1887,13319
361,1318379,7,4.0,5223,39931,1.5,0,2,3,12,4078,1145,1988,2019,98153,47.3048,-122.123,5586,3662
362,915352,4,1.5,5182,7025,2.0,0,3,1,5,4799,383,1952,0,98127,47.59,-121.7716,2500,20126
363,528980,1,4.0,2148,35059,1.5,0,0,3,6,1866,282,1997,1999,98174,47.5301,-121.4472,4815,20269
364,1296212,7,2.5,6039,19537,3.0,0,1,3,11,5276,763,1907,0,98183,47.3717,-121.4311,5340,3155
365,579560,3,2.5,1945,9664,3.0,0,0,3,9,475,1470,1957,0,98112,47.32,-121.6812,4663,19316
366,944295,3,4.0,4699,6395,2.0,0,0,3,11,3733,966,1923,0,98129,47.7146,-121.8113,3832,23705
367,1188967,6,5.0,4423,24000,2.5,0,1,4,13,4230,193,2008,0,98178,47.5776,-122.2067,3222,22148
368,429159,6,1.5,753,13846,3.0,0,0,2,13,300,453,1960,0,98123,47.601,-121.3745,2170,15089
369,1536142,4,2.5,7894,35141,2.0,0,0,3,13,7276,618,1900,0,98178,47.533,-121.6947,4995,37134
370,949013,7,3.0,3683,47795,3.0,0,2,3,9,2664,1019,1988,0,98161,47.1527,-121.8599,1613,39758
371,751461,7,2.5,3057,26607,1.0,0,0,3,10,2852,205,1997,0,98116,47.1415,-122.3753,1671,10858
372,1117945,1,2.5,6092,5566,2.0,0,0,2,5,5454,638,1977,0,98071,47.4004,-121.5089,4727,30682
373,344552,4,1.0,598,12344,1.5,0,0,3,10,535,63,1999,0,98092,47.7513,-122.0812,4691,28628
374,690668,1,3.5,2700,3752,3.0,0,2,1,6,1660,1040,1969,0,98156,47.4673,-121.4193,1398,2361
375,1596479,4,2.5,6480,14604,1.5,1,2,3,8,5022,1458,1944,0,98160,47.7131,-122.2979,5224,38167
376,643617,2,2.0,3461,12443,2.0,0,0,3,3,2333,1128,1908,0,98088,47.1676,-122.4417,2918,20113
377,1344570,2,4.5,6515,20719,3.0,0,2,4,4,5052,1463,2011,0,98008,47.607,-121.9783,608,30311
378,1051585,5,4.0,5473,27016,1.5,0,1,3,9,5246,227,1900,0,98044,47.2717,-122.406,4389,1430
379,1010823,4,3.0,4933,9804,2.5,0,0,3,8,4232,701,1972,0,98096,47.4671,-122.4258,4011,31873
380,1043200,7,2.0,4277,27750,2.5,0,1,3,12,3883,394,1923,0,98028,47.305,-121.6435,872,31538
381,853362,6,3.5,3369,28769,1.0,0,0,3,7,2133,1236,1959,0,98124,47.5986,-122.1911,1141,34909
382,824783,3,2.0,3734,13706,2.0,0,0,3,9,3002,732,2002,0,98112,47.3806,-121.7334,3791,6829
383,845317,5,2.0,4291,6310,1.5,0,0,5,4,3994,297,1981,2014,98195,47.4235,-121.815,1720,31430
384,524139,6,4.0,1456,4932,1.0,0,0,5,12,300,1156,1947,0,98135,47.2717,-122.3311,2049,20207
385,1222689,2,1.0,6300,19727,2.0,0,0,3,6,5280,1020,1938,0,98134,47.297,-122.0371,4640,15955
386,873966,4,1.5,4567,34435,2.5,0,0,3,7,3807,760,1917,0,98045,47.2256,-122.4207,3359,15024
387,330055,5,1.0,660,37916,1.5,0,0,4,10,300,360,2004,0,98014,47.4877,-121.994,5876,12754
388,1258562,4,1.5,6199,19274,3.0,0,0,3,8,4775,1424,1991,0,98173,47.2015,-122.2812,3761,15526
389,1362485,2,1.5,7444,27945,2.5,0,0,3,8,6921,523,1951,0,98187,47.2877,-122.3844,5978,13337
390,1127864,5,5.0,4993,42341,3.0,0,1,3,7,4441,552,1901,0,98168,47.4713,-122.1196,4876,24424
391,800927,2,2.0,1800,2264,3.0,0,2,3,12,379,1421,2000,1987,98083,47.2924,-122.4959,4971,8042
392,1210253,1,1.5,5411,21717,1.5,0,2,5,7,4128,1283,2004,0,98174,47.5119,-121.5907,2521,38739
393,803501,2,2.0,4487,40675,1.5,0,0,4,3,4362,125,1935,0,98059,47.1099,-122.3102,5165,20417
394,546504,7,4.5,2027,2376,3.0,0,1,3,6,1802,225,1947,0,98089,47.7813,-121.749,2193,30623
395,1461843,7,3.0,6515,49568,1.0,0,0,4,11,5794,721,2016,0,98037,47.611,-121.5009,3330,33248
396,1101239,4,2.5,6011,31470,3.0,0,0,3,4,5679,332,1987,0,98082,47.4527,-121.3993,2770,16870
397,1274354,3,4.5,5754,31486,3.0,0,0,4,13,5425,329,1934,0,98196,47.7446,-121.8309,737,12340
398,551309,2,2.5,1718,13203,1.5,0,0,3,8,809,909,1969,0,98065,47.7088,-121.5541,4813,22663
399,1085861,6,2.5,4996,6181,2.0,0,2,3,4,3708,1288,1980,0,98097,47.3566,-121.9543,4133,26171
400,1175538,7,2.0,5235,14137,2.5,0,0,3,11,5065,170,1993,0,98156,47.1813,-121.9118,3977,20055
401,815898,3,2.5,3604,48059,1.5,0,0,3,7,2689,915,2014,0,98041,47.2766,-121.8439,5763,35244
402,884324,1,2.5,3235,47983,1.0,0,2,3,11,3235,0,1971,0,98083,47.2461,-121.6958,747,16592
403,1184217,5,3.5,5055,17477,2.5,0,0,3,12,4180,875,1941,1998,98097,47.625,-121.6961,5956,23943
404,581012,5,2.0,1454,44276,1.5,0,2,5,7,594,860,1973,1996,98015,47.4837,-121.5575,4238,4192
405,1419015,7,3.5,5065,19149,1.5,1,1,4,11,4825,240,1979,0,98087,47.6951,-121.7597,5764,39894
406,801033,3,1.5,3946,19067,2.0,0,0,3,4,3363,583,1937,1992,98167,47.4428,-121.4408,5749,30032
407,556887,7,2.0,1545,43057,1.0,0,0,4,13,945,600,,0,98194,47.6388,-121.6489,5738,39235
408,1604483,5,2.5,7393,23892,1.0,1,0,4,9,7374,19,1930,0,98077,47.3264,-121.3853,3850,39597
409,723699,2,4.5,2193,14953,1.5,0,0,3,10,855,1338,1951,0,98028,47.5215,-121.5995,847,1217
410,1120173,3,2.5,6681,24084,2.0,0,0,3,5,6209,472,1959,0,98159,47.5476,-121.6136,4045,5899
411,1468449,4,3.5,6873,45122,1.5,1,0,4,3,6733,140,1907,0,98140,47.6315,-121.4675,4702,19313
412,893131,2,2.0,3936,8724,3.0,0,3,3,4,2580,1356,1960,2004,98013,47.6596,-121.713,4581,30785
413,523944,2,1.5,1062,43301,3.0,0,2,3,12,376,686,1934,0,98003,47.2936,-122.2845,3488,9415
414,697983,2,1.0,2985,31643,2.0,0,1,3,7,2936,49,1933,0,98063,47.3695,-122.4004,3110,24163
415,1244187,4,2.0,6395,45467,1.5,0,0,3,11,4911,1484,1909,0,98029,47.245,-122.121,2879,37210
416,881521,1,1.5,3854,21908,2.0,0,0,4,7,3464,390,1939,0,98115,47.6235,-121.5227,2460,11520
417,1226697,6,1.5,6670,39667,1.5,0,0,3,3,5592,1078,2007,0,98064,47.2895,-122.474,1918,30376
418,274911,7,4.0,725,7654,1.5,0,0,4,3,300,425,1951,0,98094,47.3737,-122.32,1406,32146
419,1377530,5,1.0,7944,36999,3.0,0,2,4,4,7455,489,1911,0,98076,47.6621,-122.3727,2498,22583
420,1331725,7,3.0,5393,1823,2.5,0,3,3,3,4038,1355,2004,0,98085,47.3379,-122.4554,3984,9544
421,1433342,3,2.5,6927,31311,1.0,0,0,3,10,6658,269,1926,0,98126,47.3041,-121.5277,5005,11965
422,1564933,1,3.0,7522,31693,1.0,1,1,3,4,7161,361,1918,0,98066,47.5558,-122.1645,3850,22979
423,795908,3,3.5,1459,26760,2.0,1,0,3,13,1315,144,1956,0,98116,47.7828,-121.6253,4967,10905
424,1427319,7,2.5,6100,28479,1.0,1,0,4,10,5512,588,1989,0,98178,47.1438,-122.3297,1213,14974
425,1213972,5,2.0,5048,43550,3.0,0,0,3,13,3896,1152,1953,0,98096,47.6844,-122.0093,2032,6249
426,672272,4,4.0,3567,31970,2.5,0,0,4,7,3193,374,1914,0,98145,47.1851,-122.3602,733,27510
427,411349,7,4.5,1315,47082,1.5,0,1,3,3,300,1015,1994,0,98121,47.3414,-122.497,5040,21139
428,1136894,2,2.0,5254,31806,1.5,0,1,4,6,3864,1390,2009,2007,98056,47.3917,-121.7642,5851,25638
429,944916,7,1.5,5142,43422,3.0,0,0,3,4,4605,537,1936,0,98114,47.6031,-121.9228,4628,16465
430,1208177,2,4.5,5811,8825,1.0,0,0,3,8,4614,1197,1960,0,98007,47.7486,-122.0,5230,39052
431,731634,4,2.5,3620,22513,1.5,0,0,3,7,2563,1057,1917,0,98164,47.1714,-122.4056,4279,14599
432,721412,7,3.0,516,30004,1.0,1,1,3,11,300,216,1992,0,98040,47.6214,-121.7942,969,27821
433,1434263,1,2.5,7839,5562,3.0,0,4,3,5,7255,584,1943,0,98001,47.3256,-121.564,5384,18952
434,439750,1,1.5,1743,47879,1.5,0,2,3,7,1181,562,1990,0,98170,47.7313,-122.4193,1873,21200
435,938297,3,3.5,2705,39732,2.0,0,1,3,12,1471,1234,2001,0,98164,47.2948,-122.0038,620,13755
436,686381,4,3.0,3024,25302,2.5,0,0,3,9,2472,552,1983,2019,98113,47.5857,-122.1261,2735,31517
437,516486,1,2.0,1569,26605,1.0,0,0,3,11,1259,310,1920,0,98039,47.2153,-121.4297,2385,1593
438,832978,7,3.0,3944,43553,1.0,0,0,3,5,3021,923,1928,0,98121,47.7706,-122.1848,5281,9678
439,708872,4,4.0,3065,34235,1.0,0,0,4,6,2972,93,2006,0,98129,47.103,-121.3669,4373,2124
440,1164584,5,3.5,6742,29777,1.0,0,2,4,3,6554,188,1914,0,98191,47.263,-121.5059,4787,20251
441,1245427,2,1.5,6364,40891,3.0,0,2,3,4,5718,646,1985,0,98074,47.5732,-122.3798,1489,12686
442,733408,7,3.0,1560,10143,3.0,1,0,3,5,1357,203,1986,0,98075,47.6975,-121.9232,1935,25427
443,784876,2,4.0,2827,32879,3.0,0,0,3,12,2774,53,1967,0,98102,47.7955,-121.7212,2966,3507
444,977109,2,4.0,3920,24225,3.0,0,0,3,9,2421,1499,1987,0,98086,47.2213,-121.7883,636,16629
445,1432324,4,3.5,7140,5296,1.5,0,0,3,9,6169,971,1963,0,98056,47.315,-121.6849,1049,21510
446,162455,4,1.5,801,30627,3.0,0,0,3,3,708,93,1913,0,98159,47.7243,-121.9884,4678,9749
447,1045297,3,4.0,4776,30434,1.5,0,0,3,11,4463,313,1936,0,98001,47.1227,-121.4143,2204,4367
448,452515,2,3.5,1106,42236,2.0,0,3,3,5,747,359,2018,0,98041,47.6133,-122.1756,2863,25250
449,758585,3,1.0,3670,16879,3.0,0,0,3,5,3503,167,1953,0,98139,47.3961,-122.3871,2810,3650
450,373943,2,2.5,1199,24095,2.0,0,0,3,4,300,899,1958,0,98006,47.5822,-121.3264,3761,8553
451,1139843,3,2.5,5588,40202,3.0,0,0,4,5,5191,397,1958,0,98179,47.4674,-121.7176,3085,5816
452,722593,3,3.5,1639,21116,2.0,0,4,4,8,1103,536,1984,0,98192,47.539,-121.709,5075,25540
453,492010,5,2.0,690,21969,2.5,0,2,4,12,300,390,1954,2002,98078,47.5667,-121.519,4378,35366
454,648268,3,3.5,2800,28673,2.0,0,0,3,6,1421,1379,1942,0,98096,47.5419,-121.9943,5181,11648
455,585549,4,4.5,1480,16409,1.5,1,4,2,4,1433,47,1951,0,98148,47.5652,-122.0365,5432,33296
456,807262,3,4.0,3475,40685,1.0,0,0,3,10,2020,1455,1938,0,98117,47.4978,-121.361,4112,28138
457,1441724,2,4.5,6602,21100,2.0,1,0,3,3,5902,700,1976,0,98004,47.5997,-122.0359,543,2178
458,555383,3,5.0,1684,10625,1.0,0,0,3,12,1632,52,1918,0,98167,47.6432,-122.4058,5099,23157
459,781362,1,1.0,3827,8066,2.5,0,0,4,10,3587,240,1955,0,98047,47.6516,-122.1306,5855,34620
460,848182,6,3.5,3894,33567,2.5,0,0,5,4,2990,904,1989,0,98150,47.6975,-121.4518,5458,37806
461,412277,2,2.5,627,41638,1.5,0,3,4,11,300,327,1935,0,98093,47.3215,-122.386,4690,14786
462,660995,1,4.5,2565,35769,1.5,0,1,4,6,1515,1050,1951,0,98042,47.622,-121.64,1558,5577
463,469033,2,2.0,2316,13918,2.0,0,0,3,6,1234,1082,1943,0,98101,47.7627,-122.1803,2445,20223
464,1275698,4,5.0,6354,7587,3.0,0,0,4,9,5145,1209,1945,0,98035,47.3572,-121.6051,2411,14449
465,1460254,6,3.5,7209,28556,2.5,0,0,4,5,6045,1164,1996,0,98153,47.6443,-121.8825,2216,21784
466,592762,6,4.0,1069,49148,1.0,0,0,3,12,300,769,1939,0,98115,47.304,-121.7361,1530,34548
467,1154126,4,1.5,5942,27804,3.0,0,0,3,5,4862,1080,1979,0,98131,47.2229,-122.2082,5376,34372
468,562346,6,1.5,2395,3592,2.5,0,0,3,6,1946,449,1952,0,98051,47.4125,-122.2983,2278,8964
469,818322,4,4.0,3233,48207,2.0,0,1,3,12,2104,1129,1956,1998,98012,47.6646,-122.424,4272,36111
470,765408,1,1.0,4363,45929,2.5,0,1,3,5,3060,1303,1918,0,98142,47.315,-121.5093,2022,34624
471,1300626,5,4.5,5221,1731,1.5,0,0,4,12,3730,1491,2000,2005,98168,47.3065,-121.6474,2076,12975
472,1530495,2,1.0,7955,7139,1.0,0,0,3,10,7523,432,1977,0,98032,47.2944,-122.148,718,12620
473,1084155,4,3.5,4514,19093,1.0,0,0,3,11,3668,846,1943,0,98050,47.2527,-121.4957,4516,16865
474,709038,2,,3401,22558,1.5,0,0,1,7,2436,965,2007,2007,98068,47.5278,-121.4996,1180,6964
475,555831,1,3.5,2186,9116,3.0,0,0,3,5,823,1363,1993,0,98029,47.2703,-122.3347,2833,32270
476,913546,5,4.0,3509,33305,1.5,0,0,3,9,2087,1422,1994,0,98031,47.7544,-121.6436,884,6656
477,192603,1,2.5,654,35858,1.0,0,0,3,5,300,354,1919,0,98024,47.3422,-122.1493,2827,7555
478,802571,6,1.5,3037,10363,2.0,0,2,3,8,2856,181,1943,2011,98011,47.4797,-121.9394,5383,3886
479,614437,2,1.5,1909,17533,3.0,0,0,4,13,584,1325,1942,0,98127,47.3864,-121.9838,3497,32536
480,1025449,7,3.5,4557,27872,2.5,0,1,3,6,4375,182,2010,0,98030,47.7739,-121.7798,708,36512
481,501801,5,3.0,1284,41658,2.0,0,0,3,9,300,984,1906,0,98019,47.3968,-122.0834,594,2477
482,947966,6,4.0,3675,34134,3.0,0,2,4,8,2238,1437,1941,1990,98164,47.4946,-122.4121,1365,19574
483,1019611,5,3.0,4841,44426,1.0,0,0,5,9,4686,155,1961,0,98006,47.6344,-121.6928,615,4810
484,1657772,6,2.5,7843,37140,1.0,1,0,3,6,7747,96,2000,0,98130,47.2199,-121.3473,3654,20339
485,1664482,1,2.5,7706,16363,2.0,0,0,4,13,6770,936,2010,0,98124,47.1228,-121.6986,1857,26841
486,1180546,4,1.0,6096,13028,3.0,0,0,3,8,4704,1392,1901,0,98019,47.4184,-121.8525,1908,7971
487,1275408,2,2.5,6301,35761,2.5,0,0,3,12,5513,788,1985,0,98174,47.4854,-122.3037,4338,18985
488,861675,3,5.0,3306,8010,2.5,0,4,3,9,3069,237,1976,0,98040,47.3009,-121.7498,3438,3474
489,571966,3,4.5,1037,25292,1.5,0,1,3,12,1025,12,1945,0,98146,47.4238,-121.7667,1417,16137
490,1594002,1,2.5,6486,45275,2.0,1,0,3,10,5162,1324,2015,0,98105,47.5306,-121.7575,5495,34061
491,647647,2,3.5,2341,37959,3.0,0,0,3,12,1484,857,1937,0,98036,47.7813,-121.4292,1110,1610
492,1189363,2,4.5,5516,45495,2.0,0,0,3,11,5335,181,1994,0,98174,47.5212,-121.6404,3815,9621
493,633942,1,3.0,2955,10296,2.5,0,2,3,5,1777,1178,1900,0,98056,47.4142,-121.5599,3690,34707
494,460805,2,1.0,1024,40084,3.0,0,1,3,7,300,724,1946,0,98052,47.1158,-122.124,2260,33004
495,1554935,4,1.5,7471,43055,1.0,0,0,4,12,6057,1414,2006,2012,98054,47.3174,-122.1755,2819,32917
496,1108711,1,3.0,6125,9494,1.0,0,0,3,5,5333,792,1912,2017,98056,47.3509,-122.2519,5856,36062
497,911915,4,5.0,3450,21747,3.0,0,1,3,7,3274,176,1959,0,98117,47.4339,-121.566,1046,11048
498,921311,2,4.0,4631,41357,2.0,0,0,5,4,3760,871,1980,0,98118,47.6475,-121.6617,2903,19204
499,1150009,1,1.5,5280,41920,2.0,1,0,3,5,4349,931,1963,0,98114,47.6431,-122.0895,2918,34793
500,932086,2,2.0,4615,6036,1.0,0,0,3,9,4033,582,1967,0,98020,47.6917,-122.3307,4897,5849
501,757733,1,4.0,2868,31199,1.0,0,2,3,10,1982,886,1954,0,98001,47.303,-121.484,3497,27486
502,996505,2,4.5,4347,1496,2.5,0,0,3,7,3467,880,2006,0,98023,47.3425,-122.0389,1594,23103
503,1358194,4,3.5,7155,28170,3.0,0,4,3,5,7087,68,1930,0,98038,47.2052,-122.2723,3191,21881
504,1038364,7,3.5,4995,25380,2.0,0,0,4,6,4688,307,2018,0,98020,47.7002,-122.3267,1599,19695
505,721486,4,1.0,3201,24940,2.5,0,0,3,5,2211,990,1996,0,98004,47.5566,-121.3964,3745,24427
506,406199,2,4.5,1471,14132,2.0,0,0,3,5,781,690,1913,0,98124,47.1543,-122.3438,1337,18343
507,1471174,1,4.0,6502,6804,1.0,0,3,3,11,6450,52,1984,1991,98102,47.3126,-122.0684,5508,7894
508,1297944,3,2.0,7114,18189,3.0,0,0,3,6,6899,215,1985,0,98197,47.2069,-121.7414,2783,25440
509,488204,4,4.0,1666,47493,1.5,0,0,4,8,953,713,1904,0,98134,47.7785,-122.0103,1402,22831
510,1146624,4,2.0,5711,19770,3.0,0,0,4,5,5674,37,2018,0,98191,47.3272,-121.927,5463,14758
511,1315534,6,1.0,5429,41037,1.5,0,0,3,10,3978,1451,1953,0,98090,47.4475,-121.5369,1177,33531
512,1419181,3,2.0,6419,6118,2.5,0,2,3,13,5411,1008,1952,2009,98129,47.3225,-121.3009,2583,38740
513,694656,2,1.5,3274,40145,1.5,0,0,4,6,1990,1284,1936,0,98128,47.432,-121.9393,4011,15754
514,905392,7,2.5,2482,38471,1.5,0,2,3,10,1085,1397,1995,0,98114,47.799,-122.0454,1546,9144
515,376957,1,2.5,1353,49994,2.5,0,3,4,4,1323,30,1956,1993,98191,47.3012,-122.0119,719,39078
516,1020576,6,3.0,4646,39099,3.0,0,0,4,11,4254,392,1902,0,98080,47.2978,-122.0571,2575,4055
517,835409,2,3.0,4236,40251,2.5,0,1,3,4,3437,799,2004,1990,98087,47.36,-121.9315,4116,1691
518,853748,5,2.0,4269,23896,1.0,0,0,3,5,3845,424,1976,0,98105,47.2185,-122.1003,3098,10105
519,366200,7,1.0,1074,28737,1.0,0,0,3,5,300,774,1910,0,98182,47.6173,-121.9449,2736,12627
520,812439,4,3.5,3761,5911,1.5,0,0,3,7,3071,690,2013,0,98197,47.3655,-121.3655,3403,1275
521,574777,5,2.5,1648,24120,2.5,0,1,4,5,571,1077,1941,0,98171,47.5066,-122.1565,5294,3746
522,1346972,4,2.0,6793,21573,2.5,0,0,3,10,6014,779,1954,0,98005,47.5629,-121.7178,4803,1268
523,1414126,4,4.5,6957,42219,2.5,0,0,3,12,5481,1476,1937,1980,98198,47.1248,-121.9157,5861,34684
524,1446864,5,4.0,7213,41583,3.0,0,3,3,9,7014,199,1923,0,98066,47.5508,-121.6211,4193,37199
525,1687239,7,4.5,6948,33328,2.0,1,1,3,13,5652,1296,1908,1997,98010,47.4729,-121.9332,1152,30527
526,452840,5,3.0,2215,14707,2.0,0,0,3,3,1440,775,1912,0,98118,47.158,-122.3073,2772,22492
527,913182,2,1.5,5277,31738,2.0,0,0,4,8,5052,225,1985,0,98164,47.1871,-121.4531,3499,17365
528,895125,6,4.0,5433,14152,3.0,0,0,3,4,4963,470,1917,0,98163,47.4086,-121.6891,1226,21662
529,1076660,6,2.0,4354,42663,2.5,1,0,3,10,4337,17,1909,0,98173,47.3424,-121.869,4526,38161
530,1464476,5,3.0,5673,21099,2.0,1,0,3,12,5045,628,2010,0,98023,47.4062,-121.5027,1317,30664
531,1489808,2,1.5,7646,31081,2.5,0,0,3,10,7637,9,1911,1989,98190,47.5449,-121.3286,3738,21322
532,843583,6,4.5,2991,8871,1.5,0,0,4,9,1929,1062,2015,0,98047,47.2081,-122.0087,4053,37630
533,785813,2,1.5,3160,44643,2.0,0,1,4,10,3120,40,1993,0,98144,47.5637,-122.0763,2716,23213
534,1475189,2,4.5,7636,16230,1.5,1,0,3,3,7017,619,1946,0,98165,47.6727,-121.5957,5996,20371
535,1424752,4,4.5,6907,15594,3.0,0,0,3,10,6864,43,2009,0,98170,47.102,-121.9545,3768,13875
536,899187,6,3.0,3624,12975,1.0,1,0,3,3,3428,196,1982,0,98163,47.3579,-122.3971,3118,12377
537,1264297,6,4.0,6191,21360,3.0,0,0,3,5,5893,298,1982,0,98040,47.2926,-122.0747,5296,19226
538,797619,4,3.5,3551,4092,3.0,0,0,4,6,3343,208,2016,0,98016,47.4024,-121.5296,1247,29745
539,220163,5,4.0,504,29372,3.0,0,0,3,5,300,204,1909,0,98197,47.5307,-121.652,682,27969
540,1041785,4,2.5,5722,1695,2.0,0,0,3,4,4844,878,1900,0,98011,47.2313,-121.4646,4983,24194
541,1512271,6,4.0,5815,28743,1.5,1,0,3,13,5027,788,1956,0,98051,47.1939,-122.324,3774,26252
542,1161070,6,3.0,5369,46947,2.0,0,0,4,13,4110,1259,2015,0,98112,47.6102,-122.2073,5094,12752
543,486199,7,5.0,1376,33192,1.0,0,0,5,5,862,514,1970,1990,98110,47.58,-122.2423,1678,23269
544,674223,5,,1491,4178,3.0,0,0,4,11,300,1191,2018,1987,98080,47.4226,-121.3344,4490,28687
545,1374728,4,3.0,7527,32937,2.5,0,0,3,4,7145,382,2018,2005,98089,47.4509,-122.2973,2122,12546
546,975508,1,4.0,4642,13733,1.0,0,0,4,7,3192,1450,1910,0,98178,47.2889,-121.7825,1024,38819
547,1438310,1,4.5,7510,34352,1.5,0,0,4,5,6143,1367,1952,0,98067,47.3304,-121.7405,2360,3867
548,1578196,5,3.0,7466,37326,1.0,0,3,4,11,6189,1277,1903,2008,98195,47.3241,-121.7573,979,18252
549,1773627,4,1.5,7579,45986,2.0,1,0,4,9,7032,547,1999,0,98065,47.6084,-121.67,4059,15516
550,1552815,4,3.0,7299,38582,2.5,0,1,3,12,6793,506,1960,0,98012,47.489,-121.9193,3778,33013
551,944781,2,5.0,4864,11191,2.0,0,1,3,5,4535,329,1984,0,98135,47.6106,-122.3996,1602,36487
552,1129501,6,4.0,4965,31025,3.0,0,3,3,4,3959,1006,1985,0,98171,47.5135,-121.6585,2351,24762
553,298865,3,4.0,1135,3187,3.0,0,0,3,4,648,487,1909,0,98046,47.4819,-122.1627,2861,13336
554,1183865,7,1.0,5725,15377,1.0,0,2,4,7,4912,813,1986,0,98096,47.3244,-122.409,4915,36981
555,766931,5,3.0,2193,27739,3.0,0,3,4,11,1712,481,1904,0,98022,47.3768,-122.2963,1685,6306
556,498276,3,3.5,2182,47548,3.0,0,0,3,4,1711,471,1960,1983,98076,47.7212,-122.1553,3191,3079
557,1023631,3,4.5,5252,32773,1.5,0,0,3,4,4233,1019,2011,0,98134,47.5032,-121.9811,3648,38780
558,508535,5,1.0,619,23380,1.5,0,3,5,10,300,319,1975,0,98038,47.4671,-121.4664,5072,39350
559,555546,4,4.5,1330,5409,2.0,0,0,3,5,300,1030,2020,0,98167,47.1372,-121.8562,4309,12058
560,1143899,5,3.0,6406,32926,2.0,0,0,3,5,5384,1022,1929,2021,98188,47.5696,-121.9336,3239,29335
561,1043531,3,2.0,4175,49603,1.5,0,1,3,8,2990,1185,1956,0,98105,47.5802,-122.2705,2299,20598
562,1083117,6,2.5,5677,26458,1.0,0,0,3,8,5244,433,1932,0,98085,47.5835,-121.3489,3015,33002
563,1233202,7,2.0,6570,29012,1.5,0,0,3,8,6555,15,1936,1990,98190,47.1639,-121.4098,1283,35525
564,618938,7,3.0,1869,1823,2.0,0,0,3,7,887,982,1981,0,98092,47.3103,-121.5207,3019,2335
565,375287,6,1.0,1240,16642,2.5,0,0,3,6,621,619,1967,0,98155,47.3599,-122.1122,647,25337
566,551225,6,1.5,616,12511,3.0,0,2,3,11,300,316,1990,0,98049,47.6785,-121.826,1339,39248
567,1380275,4,4.5,6449,10201,2.5,0,0,3,13,6385,64,2010,0,98113,47.7865,-122.0334,784,33850
568,723119,1,1.5,3338,38260,2.5,0,2,3,6,2764,574,1922,0,98015,47.3903,-122.0165,4358,33183
569,498833,5,2.0,1650,45200,3.0,0,0,3,3,831,819,2021,2010,98033,47.488,-122.4134,5543,14700
570,706985,7,3.0,2431,44614,1.5,0,0,4,10,2359,72,1969,2000,98096,47.1051,-122.3319,5533,13780
571,554415,6,3.0,1512,21439,1.0,0,0,3,13,1309,203,1906,0,98046,47.1061,-121.3466,5836,3701
572,567515,5,4.0,2164,2424,2.5,0,0,3,10,1911,253,1918,0,98118,47.1522,-121.7679,5144,37027
573,700559,7,3.0,1581,28241,1.0,0,2,3,13,969,612,2009,0,98199,47.6036,-122.4924,626,36902
574,898455,6,4.0,5229,18575,2.0,0,0,3,5,5035,194,1914,2006,98141,47.2247,-121.529,5159,26664
575,428720,7,3.5,1012,21209,2.5,0,2,3,11,762,250,2016,0,98181,47.6305,-122.3956,2098,23175
576,900750,4,1.5,3349,45525,2.0,0,0,3,9,2800,549,2011,0,98167,47.4023,-121.6502,3962,30685
577,1170909,1,1.5,5715,39205,1.5,0,0,4,9,4407,1308,1985,0,98178,47.695,-121.755,5162,18320
578,1087459,1,2.5,5737,45294,2.5,0,0,4,7,4783,954,1931,0,98198,47.7092,-122.4245,2556,8018
579,491760,6,2.5,1059,49432,2.0,0,1,3,5,750,309,1978,1982,98115,47.7159,-121.8629,1019,38445
580,1001327,7,4.0,4172,39588,2.0,0,0,2,12,2968,1204,1958,1994,98060,47.4805,-122.4431,4696,21003
581,998904,4,3.5,5083,2229,1.5,0,0,3,7,4431,652,1969,0,98137,47.652,-122.4227,955,14582
582,1440062,2,2.5,7904,26058,1.0,0,0,3,5,6636,1268,1969,2015,98106,47.5633,-122.4386,5666,17505
583,1039153,5,1.5,5492,35646,1.0,0,0,3,5,5052,440,2020,2009,98122,47.2307,-122.1935,2827,17008
584,593661,5,2.0,3843,4520,2.5,0,0,3,3,3569,274,1905,0,98004,47.3671,-121.5379,4917,11720
585,1341601,3,3.5,5808,38066,1.5,1,0,4,6,4561,1247,1975,0,98092,47.7737,-122.0651,3620,30648
586,1052117,4,2.5,4570,44048,2.5,0,3,4,11,3180,1390,1965,0,98021,47.6408,-121.7326,4195,5708
587,1193243,7,3.0,5299,24844,1.0,0,0,3,8,4761,538,1988,1990,98140,47.2841,-122.3502,5304,34162
588,505669,3,1.5,1970,17274,1.5,0,0,3,8,697,1273,1903,1998,98077,47.2967,-121.3806,5940,20315
589,405083,6,3.5,1080,1888,3.0,0,0,3,8,338,742,2018,0,98126,47.2779,-121.8949,4672,8653
590,1429541,7,4.5,7433,6418,1.5,0,0,3,7,7421,12,1969,0,98050,47.3302,-122.4705,1626,34273
591,1409635,3,2.0,7504,42509,1.5,0,0,4,4,6173,1331,1956,1988,98141,47.7498,-121.8551,5627,28838
592,810037,1,3.0,2794,30819,3.0,0,3,3,7,2185,609,2005,0,98180,47.4035,-122.2786,2158,12421
593,1068951,5,5.0,3647,22846,2.0,0,2,3,13,3456,191,1960,2004,98092,47.355,-122.265,3471,17880
594,1133730,7,2.5,4749,24575,2.0,0,0,4,12,4052,697,2014,0,98117,47.2674,-121.7796,4093,22388
595,537407,3,3.5,2179,2003,2.0,0,0,3,5,2161,18,1955,0,98149,47.7247,-122.2283,1317,15026
596,961569,1,1.5,4006,2484,1.0,0,1,3,12,3668,338,2000,0,98183,47.7702,-122.2432,4157,23150
597,1416568,4,3.5,5592,43480,1.5,0,3,3,13,4822,770,2001,0,98010,47.3265,-121.8508,3077,24922
598,1496342,3,1.5,7753,46023,3.0,1,0,3,4,7175,578,1913,0,98119,47.5317,-122.2174,509,24801
599,815371,6,5.0,3244,44968,1.0,0,0,3,6,3219,25,2010,0,98092,47.7709,-122.3674,4552,33120
600,1052030,6,4.0,3856,35133,3.0,0,2,3,12,2827,1029,1982,0,98157,47.4496,-122.0101,5173,32558
601,1123999,6,4.0,4545,17432,1.0,0,0,3,11,3381,1164,2014,0,98111,47.4281,-122.4376,2556,2392
602,551950,7,4.0,1743,46943,1.0,0,0,3,9,693,1050,1906,0,98139,47.4694,-121.4136,2162,6326
603,1297140,5,3.5,5688,38225,1.0,0,3,3,12,5584,104,1953,0,98030,47.1232,-121.9582,2275,19295
604,939906,3,3.0,3618,2382,3.0,0,2,4,11,2835,783,1981,0,98168,47.3101,-122.4843,4121,8846
605,1144244,4,4.5,5604,11927,2.5,0,0,2,5,4302,1302,1957,0,98177,47.5893,-122.2304,4218,17237
606,580896,3,5.0,2641,49227,1.0,0,0,3,4,2339,302,1960,0,98131,47.7767,-121.3506,2189,13004
607,1353181,5,3.0,6369,36348,2.0,0,0,4,11,5334,1035,2007,0,98001,47.4981,-121.9043,4711,36752
608,1300389,1,4.5,5553,8031,1.5,0,3,5,8,4453,1100,1971,0,98032,47.2333,-122.0693,1563,10898
609,1009115,5,3.5,3559,7863,2.5,0,4,4,12,2518,1041,1927,0,98039,47.3988,-122.1219,1880,17831
610,1085962,6,3.0,5048,31841,2.5,0,1,3,6,4407,641,1984,0,98085,47.443,-121.9996,3158,20589
611,1060506,7,3.0,5823,46704,3.0,0,0,3,6,5650,173,1954,0,98130,47.2066,-122.2459,4257,37673
612,962283,1,2.0,3459,33195,2.5,0,0,3,12,2035,1424,1998,0,98159,47.3305,-121.601,2521,34662
613,789578,7,1.0,2765,38208,3.0,0,0,4,12,1655,1110,2010,0,98146,47.4115,-121.89,570,35718
614,1418944,6,2.0,7117,40247,3.0,0,0,2,8,5751,1366,1973,0,98135,47.2833,-121.5983,1177,1858
615,755043,2,3.0,2979,26929,2.0,0,0,3,9,2531,448,1952,2009,98005,47.3477,-122.1947,4298,12520
616,1462620,5,2.5,6984,5041,1.0,0,0,3,13,6931,53,1991,1990,98157,47.2934,-122.4983,1381,19446
617,1158374,5,3.0,5146,45360,2.5,0,0,3,12,3696,1450,1982,0,98196,47.529,-121.3405,976,23166
618,580522,4,5.0,2135,27610,1.0,0,3,3,7,2058,77,1943,0,98046,47.505,-121.8855,4520,12664
619,1236202,3,2.5,5908,44291,1.0,0,0,4,10,5470,438,1998,0,98184,47.4862,-122.4043,5033,26794
620,1599964,1,3.0,7921,4948,1.0,0,1,3,12,7140,781,1927,2014,98003,47.1677,-122.3755,648,38627
621,658573,7,1.5,2257,22325,3.0,1,0,3,3,2086,171,1945,0,98141,47.2285,-121.9784,2781,38606
622,1024333,1,1.0,4952,12493,1.0,1,1,4,3,4403,549,1948,0,98067,47.1776,-121.6657,4664,29591
623,688294,4,4.0,2570,38833,2.5,0,0,3,6,2210,360,1966,0,98072,47.1443,-122.024,2715,31318
624,1286137,4,3.5,6381,41219,3.0,0,0,3,10,6146,235,2002,0,98178,47.2728,-121.5158,1960,12473
625,1443973,7,4.0,7165,16008,2.5,0,0,3,13,6733,432,1926,0,98115,47.2362,-122.1051,2787,18878
626,1308756,3,1.5,6377,18199,3.0,0,0,2,10,5338,1039,2020,0,98132,47.6075,-122.4453,3294,22379
627,1776120,7,3.5,7767,10683,1.5,1,0,3,8,7030,737,1980,2012,98170,47.5871,-122.4901,4541,26577
628,833262,7,2.0,3349,3239,1.5,0,1,3,7,2500,849,1978,1993,98099,47.2409,-121.4687,5652,12490
629,1011099,6,2.0,3751,10054,1.5,0,0,4,12,2517,1234,2015,0,98076,47.2159,-121.3186,3044,10416
630,1661330,3,1.0,7890,6894,1.5,0,0,4,12,6540,1350,2005,0,98024,47.2014,-122.3406,2371,39858
631,1292290,5,1.5,7405,10613,3.0,0,0,3,4,6779,626,1938,0,98102,47.324,-122.4256,3782,35880
632,893780,6,2.0,4230,33629,1.0,0,0,3,7,3984,246,1985,0,98019,47.3059,-121.4027,4664,29297
633,747289,2,1.5,2989,17642,2.0,0,1,3,7,2441,548,1983,0,98100,47.12,-122.3791,2601,5861
634,507272,3,5.0,2131,24555,2.0,0,0,3,4,1167,964,1926,0,98082,47.4975,-122.2259,2294,8022
635,937587,4,2.0,3316,38523,1.5,1,0,3,10,3150,166,1934,0,98040,47.7286,-121.538,3489,37318
636,748081,6,1.5,1515,44468,1.0,0,2,3,12,300,1215,2017,0,98127,47.4772,-121.3024,5413,26947
637,544722,3,2.0,1848,40043,2.5,0,0,3,7,1496,352,1946,0,98034,47.1447,-121.9168,3845,23638
638,1052397,1,3.5,5111,32764,1.0,0,1,3,7,4409,702,1951,2002,98124,47.5197,-122.2471,5366,16907
639,768095,7,1.5,3587,5949,2.5,0,0,3,3,2465,1122,1968,0,98007,47.4395,-121.4827,3686,25023
640,738387,2,4.5,3339,23954,2.0,0,0,4,3,2198,1141,1965,0,98075,47.7349,-122.0268,2806,1826
641,426844,5,5.0,835,42010,1.0,0,0,4,13,483,352,1940,0,98038,47.3543,-122.1728,2323,30955
642,1130010,7,2.0,6378,3642,1.0,0,0,3,3,5805,573,1949,0,98147,47.6264,-121.9115,3590,31276
643,1404618,1,3.0,6901,10215,2.0,0,2,3,10,5839,1062,1944,0,98045,47.1269,-121.473,4412,29531
644,1080943,1,1.0,5092,10686,1.0,0,0,4,12,3739,1353,1919,0,98148,47.605,-122.2204,3107,4551
645,476151,2,3.5,1395,26360,2.5,0,0,3,4,1073,322,2019,0,98120,47.1291,-121.9914,3793,18552
646,1361587,5,2.5,6803,49159,1.0,0,0,3,10,5846,957,1970,0,98130,47.3413,-121.9669,2731,2399
647,840845,4,2.0,4046,10244,2.5,0,0,3,8,4018,28,1935,2019,98037,47.7637,-121.5007,2873,11849
648,431084,6,2.0,1351,7494,1.5,0,1,3,7,613,738,1971,1996,98031,47.5922,-121.6888,3602,37217
649,679210,5,3.5,2187,15164,1.0,0,0,3,8,1645,542,1990,0,98042,47.7475,-121.5634,5789,22949
650,628876,3,2.5,2431,41113,2.5,0,2,3,6,1092,1339,1969,0,98006,47.4471,-121.6679,3560,35265
651,1596143,1,1.5,7333,24241,2.0,0,3,3,13,6766,567,1923,0,98110,47.5244,-121.7888,4808,19078
652,967910,3,4.0,4246,15637,1.5,0,0,4,5,2756,1490,1935,0,98137,47.4624,-122.3411,2075,7363
653,838595,4,3.5,2927,3569,1.0,0,1,3,13,2059,868,1904,0,98086,47.4352,-121.5005,5954,28035
654,605026,3,4.5,2068,3787,2.5,0,0,3,6,1371,697,1983,0,98181,47.5048,-121.7713,2270,22468
655,1014242,5,1.5,4500,7107,1.0,0,0,2,11,4302,198,2018,2015,98139,47.1272,-121.6586,776,16445
656,1125239,3,4.0,5552,28007,2.5,0,0,3,10,4870,682,1919,0,98118,47.23,-121.5655,5918,15562
657,783005,4,3.5,3238,26273,1.0,0,0,3,13,3057,181,1952,0,98083,47.2502,-122.126,3009,3075
658,947166,4,1.5,3998,16543,1.5,0,4,3,10,3869,129,2004,0,98105,47.368,-121.9752,3248,20989
659,1040151,4,4.0,6232,28417,1.5,0,0,3,3,6102,130,1939,0,98016,47.4042,-121.8505,4689,20377
660,1257183,5,3.0,5887,22611,1.0,0,0,3,7,5234,653,1997,0,98013,47.6178,-122.0886,3436,25354
661,1256462,4,5.0,6036,10002,1.0,0,0,3,8,5008,1028,2002,0,98166,47.2159,-122.1898,5225,39225
662,1247653,1,1.5,5787,33725,3.0,0,0,4,11,4939,848,1949,0,98141,47.4989,-121.5678,598,3116
663,1056446,7,3.5,4413,20501,1.0,0,0,3,12,4247,166,1973,0,98143,47.2906,-121.5955,4758,37092
664,608453,4,2.5,1566,46188,1.0,0,1,3,12,1182,384,1966,0,98018,47.461,-121.5018,541,12786
665,1307200,3,5.0,4880,32379,1.5,1,0,4,8,3765,1115,2012,0,98144,47.5386,-121.664,4647,19647
666,726111,6,2.5,2944,2489,1.0,0,2,3,3,2203,741,1997,0,98169,47.5077,-122.1259,2063,31582
667,915361,3,5.0,4607,46023,2.0,0,2,4,3,4421,186,1934,0,98050,47.2508,-122.1076,732,20898
668,1313375,6,4.5,6226,43814,1.0,0,0,3,9,4738,1488,1963,1980,98106,47.5966,-121.8666,2549,20628
669,785466,3,2.0,3873,2752,3.0,0,0,3,5,3316,557,1936,0,98108,47.5577,-121.4973,2933,8979
670,953958,5,4.0,4469,25885,2.5,0,0,2,9,4355,114,1944,0,98197,47.7524,-122.0844,2017,24055
671,1589635,3,5.0,7920,3603,1.5,0,2,4,7,6634,1286,2008,0,98128,47.5439,-121.5809,4676,20067
672,584460,5,2.0,3046,45967,2.0,0,0,3,3,2028,1018,1937,0,98194,47.6042,-122.1332,5298,13179
673,662500,5,2.5,1253,14699,2.5,0,0,4,13,300,953,2009,0,98041,47.6677,-122.0938,4196,18402
674,603426,4,3.0,2582,4968,2.0,0,0,4,10,1725,857,1986,0,98114,47.1742,-121.5972,960,20618
675,767327,1,2.0,3274,24757,1.5,0,0,3,11,2301,973,2000,0,98120,47.5874,-121.6857,4917,23525
676,831642,6,1.0,3396,12644,3.0,0,0,3,8,3158,238,1984,2018,98027,47.323,-122.2501,684,16095
677,885086,4,2.0,4685,23607,1.5,0,0,3,4,4377,308,1926,0,98187,47.6762,-121.5076,3623,32934
678,506630,4,2.0,1275,25068,2.0,0,0,3,11,1260,15,2019,0,98065,47.4361,-121.5585,2509,27147
679,1355679,7,3.0,7248,10552,2.0,0,0,4,4,7187,61,1964,0,98127,47.5064,-121.5431,910,14276
680,1440741,5,1.5,7613,7360,1.5,0,0,3,8,6908,705,1972,0,98142,47.2822,-121.9356,4328,35140
681,666895,5,4.5,2125,49155,1.0,0,0,3,12,781,1344,1902,0,98163,47.5554,-122.1056,1125,24432
682,867376,6,4.0,3569,37327,1.5,0,1,3,6,2178,1391,1958,0,98023,47.125,-121.4803,2968,24753
683,389473,3,1.5,917,38141,3.0,0,0,4,8,300,617,2001,0,98022,47.624,-121.7941,2772,17052
684,303664,3,3.5,614,13627,1.5,0,0,3,6,323,291,1999,0,98027,47.2143,-121.3828,2476,4591
685,571667,4,3.5,1116,4629,2.5,0,0,5,13,300,816,1997,0,98178,47.2593,-122.1954,1552,21218
686,908568,2,5.0,4474,49040,1.0,0,0,4,5,3728,746,1929,0,98025,47.1006,-121.3292,3127,1631
687,960592,2,1.0,3767,6584,2.5,0,0,4,13,2976,791,1994,0,98098,47.3192,-122.0449,4963,30951
688,483005,3,2.0,1325,18581,1.5,0,0,3,10,1085,240,1993,2000,98182,47.3718,-122.0386,1945,21720
689,1265430,2,4.5,6245,11627,1.0,0,2,3,7,4897,1348,1915,0,98177,47.2638,-122.2134,4003,4755
690,476399,7,4.5,2016,31090,2.5,0,0,3,3,618,1398,1928,0,98091,47.2611,-121.342,2028,18185
691,872611,3,4.0,3646,18465,2.5,0,0,3,10,2722,924,1969,0,98085,47.7251,-122.4523,4315,24348
692,450991,5,4.0,912,40053,1.0,0,3,3,5,300,612,1977,0,98103,47.3285,-121.932,620,37027
693,471231,4,1.5,1228,38107,1.0,0,0,3,6,300,928,1973,0,98131,47.6056,-122.0614,1280,12181
694,912710,1,3.0,3848,6242,2.0,0,0,3,11,2702,1146,1987,2019,98153,47.2662,-122.3089,3756,13302
695,1427329,4,2.0,7664,8021,1.0,0,0,3,5,6177,1487,1999,0,98068,47.6663,-121.6441,1272,20554
696,794724,3,1.5,3308,43192,1.5,0,3,3,7,2782,526,1923,0,98057,47.5744,-121.422,3561,3431
697,510979,7,4.0,1175,14166,3.0,0,0,3,10,300,875,1906,0,98015,47.6293,-122.2077,4366,9454
698,827369,3,1.5,3965,23515,2.0,0,0,2,8,2798,1167,1948,0,98195,47.4077,-121.9028,766,8356
699,1165611,4,3.0,6488,33154,1.0,0,0,3,5,5747,741,1962,1997,98139,47.7157,-121.8061,1522,29578
700,907847,7,5.0,3004,1762,3.0,0,2,3,10,2829,175,2000,0,98092,47.3618,-122.0314,1832,11530
701,867381,7,1.5,3467,43797,2.0,0,1,3,7,2664,803,1945,0,98003,47.5206,-121.3942,4022,35372
702,1443006,7,5.0,6835,3517,1.5,0,0,3,8,6078,757,2011,0,98125,47.5481,-121.9462,5470,27578
703,866522,6,5.0,3286,18511,3.0,0,0,3,13,2210,1076,2003,0,98018,47.7666,-121.3207,2774,17222
704,463210,3,3.0,1622,31849,1.0,0,0,4,5,1288,334,1947,2001,98110,47.1942,-122.1458,4314,3539
705,1059758,2,1.5,4579,37414,1.0,0,0,3,10,3681,898,2001,2004,98181,47.1949,-122.4121,761,35413
706,500635,2,2.5,2071,35408,1.5,0,2,3,6,1413,658,1924,0,98009,47.4234,-121.81,5840,16039
707,1212130,3,2.5,5573,12254,2.0,0,0,3,11,5281,292,1942,0,98127,47.7425,-121.512,4430,6026
708,1087411,3,2.0,5604,10125,3.0,0,0,3,7,4341,1263,1954,0,98079,47.1152,-122.0339,2511,9932
709,798703,6,2.0,2643,8810,1.5,1,0,4,3,2201,442,1933,0,98104,47.2934,-122.2779,3722,21377
710,759488,2,5.0,2187,18733,2.0,0,0,4,11,1028,1159,1964,0,98072,47.2985,-121.6141,3193,17617
711,1396047,3,1.5,7306,1276,2.5,0,0,3,10,6707,599,1927,0,98168,47.3135,-122.1749,3220,8302
712,1654296,3,4.0,7857,14181,2.5,0,4,4,7,7092,765,1940,0,98184,47.1173,-121.5763,1345,39883
713,904547,6,1.0,4632,25778,2.0,0,0,3,5,3830,802,1928,0,98014,47.6779,-122.1852,4584,10556
714,1029068,6,3.5,4351,38145,1.0,0,0,3,11,3440,911,1931,0,98102,47.1062,-121.8313,1383,35510
715,1063600,4,4.5,3940,37838,1.0,1,0,4,9,3870,70,1968,0,98189,47.4344,-121.4348,4086,8052
716,978962,6,2.0,4266,38238,2.5,0,0,3,13,3336,930,1933,0,98013,47.1395,-122.2545,3163,18363
717,1338277,1,1.5,6144,43223,1.0,0,0,2,10,5113,1031,1958,0,98175,47.6591,-121.5152,902,11482
718,592840,2,3.5,2826,17398,1.0,0,0,4,5,1871,955,2009,0,98074,47.6226,-122.1815,910,4169
719,1323578,4,4.0,6860,43599,2.0,0,0,1,8,6081,779,1960,0,98108,47.6051,-121.7072,2469,22337
720,753563,1,4.0,3414,16189,2.0,0,0,4,6,1958,1456,1951,0,98133,47.6154,-122.2075,3480,2889
721,1067570,3,2.5,5468,21803,1.0,0,0,2,5,4449,1019,1962,2010,98086,47.7582,-122.3625,5037,22010
722,1200575,3,2.0,6417,18452,2.0,0,0,3,6,5540,877,1925,0,98099,47.3918,-121.7032,2022,39884
723,1113417,4,5.0,5892,4480,3.0,0,1,3,4,5557,335,1976,0,98005,47.7031,-121.7861,3363,1758
724,931177,6,4.5,4452,6745,2.5,0,0,3,7,3826,626,1911,0,98140,47.229,-122.0182,2139,25618
725,1331837,7,3.0,6705,42678,3.0,0,3,4,10,6287,418,1921,0,98163,47.4159,-122.456,4956,5861
726,566685,7,4.5,1095,31852,3.0,0,0,4,7,300,795,1972,2008,98085,47.1062,-121.9297,2485,14273
727,1346949,3,3.0,6499,15978,1.0,1,0,3,4,6263,236,1955,0,98154,47.2989,-122.3216,769,27389
728,614550,7,2.5,1228,19002,1.0,0,4,3,9,723,505,1905,0,98129,47.4207,-122.0686,3748,20275
729,539728,5,1.5,1865,2334,3.0,0,0,4,10,885,980,1935,0,98138,47.7365,-121.7966,1579,27389
730,1185753,4,2.5,4992,28708,3.0,0,0,4,13,4594,398,1973,0,98166,47.3219,-121.3728,5757,29391
731,398630,1,3.0,1198,26860,1.5,0,0,3,6,588,610,2000,1987,98152,47.5707,-121.8864,1679,20155
732,1438493,4,1.0,7686,12474,1.5,0,1,3,5,6340,1346,1958,0,98116,47.6838,-122.2663,3072,10026
733,1324921,2,3.0,6820,42543,2.5,0,0,3,10,5866,954,1958,0,98047,47.3286,-121.3645,4047,37110
734,1333434,6,4.0,6231,48444,3.0,0,0,4,12,6230,1,1995,0,98087,47.2185,-122.4689,736,25431
735,369779,6,3.5,895,20655,2.0,0,0,4,4,300,595,1967,0,98085,47.5138,-121.7286,5508,16998
736,1314132,4,3.5,7088,44843,1.5,0,1,3,9,7073,15,1951,0,98002,47.2991,-122.1851,1394,39502
737,1930838,3,4.5,7900,25979,1.0,1,0,3,12,7622,278,2019,1999,98117,47.5567,-121.591,5282,5031
738,1016325,3,1.0,4671,9692,3.0,0,0,3,10,3297,1374,1967,0,98095,47.1943,-122.1025,952,4401
739,1019906,5,3.0,4860,8930,2.0,0,0,4,7,4491,369,1976,0,98124,47.2061,-121.9855,725,30684
740,948234,5,4.0,3002,47455,2.0,0,2,4,9,2040,962,1979,0,98130,47.5731,-121.5755,4190,4707
741,838792,6,3.0,2319,16523,2.0,0,0,4,11,1433,886,2006,0,98158,47.7815,-121.4226,1434,32771
742,502956,5,2.5,1217,33581,1.0,0,0,3,10,840,377,1950,0,98153,47.2728,-122.2809,882,30199
743,812101,1,1.5,3282,33338,1.5,0,2,3,7,2204,1078,2013,0,98113,47.5997,-122.1444,4787,36762
744,1062248,5,4.5,5446,15341,2.0,0,0,4,6,5239,207,1989,0,98083,47.4724,-122.4948,4946,36604
745,945595,1,3.0,4077,3870,1.5,0,0,3,5,3946,131,1996,0,98190,47.6907,-121.4721,3366,8151
746,1416261,5,4.5,5986,31551,2.5,0,3,3,8,4597,1389,2016,0,98001,47.3722,-121.3634,692,36177
747,275940,6,3.5,643,5668,1.0,0,2,3,6,300,343,1967,0,98101,47.7802,-122.1647,1125,25290
748,1242470,6,3.5,5480,27244,1.5,0,0,4,13,5303,177,,0,98191,47.1577,-122.0385,4809,39097
749,978087,1,4.0,3640,19588,1.5,1,0,2,6,2375,1265,1972,0,98187,47.7893,-121.9853,2787,17778
750,1387397,4,3.5,7766,29345,2.0,0,0,3,9,7013,753,1940,0,98112,47.6924,-122.0083,3676,23266
751,1251745,6,2.5,4991,18005,2.0,0,3,3,12,3684,1307,1974,0,98054,47.7065,-122.0285,5981,21064
752,1450128,4,3.0,7692,18587,1.0,0,4,3,7,7256,436,1904,0,98197,47.6897,-121.929,3972,7062
753,1572238,3,4.0,7591,41301,1.5,1,0,3,3,6629,962,1952,0,98183,47.7033,-122.3155,1687,8596
754,668688,1,2.5,3438,2041,3.0,0,0,3,7,2760,678,1937,1985,98094,47.6706,-122.4308,2215,23478
755,1317831,7,2.5,6088,28129,2.0,0,2,4,8,5564,524,2015,0,98042,47.7297,-121.6318,2305,29945
756,895332,6,1.5,4136,7085,2.0,0,0,3,3,4066,70,1995,0,98053,47.4226,-121.4841,2308,4285
757,777978,2,4.5,3722,13269,2.5,0,0,3,5,3669,53,1992,1984,98065,47.7575,-121.5278,3087,30317
758,557817,3,1.5,1667,6406,1.0,0,0,4,8,1655,12,2001,0,98137,47.3695,-121.748,2664,21949
759,835813,4,3.5,3116,26600,1.5,0,0,3,9,1717,1399,2003,0,98114,47.61,-121.3374,2425,28909
760,586380,6,2.5,1562,1005,1.5,0,2,3,9,300,1262,1991,0,98199,47.5972,-122.4981,3618,34381
761,570278,1,2.5,2656,26636,1.5,0,3,3,9,2577,79,1952,0,98051,47.6746,-122.1165,4007,9541
762,1294357,7,3.5,5661,26834,2.0,0,0,4,11,5186,475,1987,0,98118,47.6169,-122.128,3305,18340
763,1084120,5,1.5,5805,8599,1.0,0,0,4,4,4722,1083,1955,2015,98016,47.1248,-122.0804,2489,37213
764,797702,7,3.5,3482,31166,1.5,0,0,3,5,2412,1070,1918,0,98181,47.6174,-121.54,1992,4576
765,1454696,2,4.0,7041,40211,3.0,0,1,3,9,6328,713,2017,0,98070,47.1163,-122.0782,3268,28933
766,1010351,4,4.5,3794,14296,2.5,0,0,4,8,2735,1059,1964,0,98190,47.4733,-121.8675,958,32149
767,935198,3,1.5,5229,37471,2.5,0,0,3,3,3950,1279,1968,0,98037,47.6873,-121.7633,2522,37852
768,897804,7,4.5,1656,30278,1.5,1,0,4,12,1371,285,1986,0,98189,47.6807,-121.4855,2552,2424
769,1512115,1,3.5,7830,31272,2.0,0,0,3,9,6440,1390,1952,0,98185,47.6889,-121.761,5202,9412
770,1093102,2,4.5,5834,18375,2.5,0,0,3,4,4891,943,1918,0,98173,47.5217,-122.0424,2627,24144
771,426660,1,3.0,1232,28790,2.5,0,4,3,6,1005,227,1965,0,98076,47.2287,-121.6663,4241,18671
772,977798,6,3.0,4830,33372,2.5,0,0,3,9,4660,170,1947,0,98088,47.4556,-121.8814,1420,17528
773,1358654,5,4.5,7301,26610,2.5,0,0,3,6,6033,1268,1965,0,98126,47.4613,-121.8659,3775,33568
774,1194452,3,4.5,5346,29010,1.5,0,0,3,8,3930,1416,1972,0,98017,47.3273,-122.0978,2102,31137
775,1547535,1,3.0,7231,49239,1.0,0,0,3,13,6708,523,1917,0,98121,47.3969,-122.4981,5800,32691
776,1453651,4,2.0,7676,18949,1.0,0,0,3,11,7379,297,1979,0,98130,47.7105,-122.073,3641,1607
777,1436354,6,2.5,7741,33273,2.0,0,0,3,7,7285,456,1938,1984,98037,47.4625,-122.1367,3171,8637
778,529873,6,2.5,1453,26198,3.0,0,2,3,5,300,1153,1972,0,98182,47.5933,-122.3796,2415,5634
779,723294,3,2.0,3039,44680,1.0,0,0,4,8,1670,1369,2007,0,98170,47.4471,-122.2616,4789,38945
780,1435948,6,2.0,7556,45353,3.0,0,0,4,6,7079,477,1950,0,98029,47.5322,-121.3229,4707,10316
781,943101,4,4.5,3824,25330,1.0,0,0,3,11,2616,1208,1922,0,98065,47.1648,-122.1642,2230,36502
782,641580,1,1.5,3801,27452,1.0,0,1,3,4,3530,271,1932,0,98119,47.752,-121.8782,4492,7423
783,644857,3,3.5,2042,10201,2.0,0,0,3,12,1582,460,1959,0,98168,47.4052,-121.8408,5262,15659
784,1293651,6,1.5,5793,14495,2.5,0,2,3,7,4671,1122,2001,0,98113,47.6238,-121.828,3022,34229
785,1339667,6,2.5,6272,26139,2.0,0,0,3,11,5839,433,1958,0,98011,47.567,-122.4432,1610,15412
786,641972,4,1.0,1691,48366,1.0,0,0,3,12,1065,626,1997,0,98186,47.6595,-121.5742,1788,25327
787,1382673,5,2.0,6813,7254,2.5,0,0,4,9,5317,1496,1925,0,98020,47.1244,-121.6236,2480,24547
788,1213365,5,4.0,6012,49602,2.5,0,4,3,7,4720,1292,1916,0,98194,47.7547,-121.3274,768,3297
789,926019,7,,3493,5432,2.5,0,0,3,10,2698,795,1952,0,98159,47.6808,-122.2784,5085,39938
790,1460833,6,,7438,47754,3.0,0,0,4,4,6818,620,1977,0,98133,47.6836,-121.8355,3874,1848
791,620753,1,3.0,3181,19319,1.0,0,0,3,6,2786,395,1976,1984,98096,47.427,-121.5354,3038,33424
792,600380,3,3.0,1717,5402,1.5,0,0,3,8,300,1417,1985,0,98050,47.6574,-122.3508,2112,15728
793,670428,6,4.5,2040,16028,2.0,0,0,3,9,1181,859,1942,0,98137,47.5026,-121.5525,616,39804
794,1439294,2,4.0,6672,27955,3.0,0,0,5,13,5743,929,1947,2001,98041,47.4524,-122.176,3065,14674
795,944947,3,3.0,3736,7451,2.0,0,0,3,10,3350,386,1981,2001,98010,47.6494,-122.163,2423,22549
796,1431512,7,3.5,6041,19261,1.5,1,0,3,6,5508,533,1919,0,98181,47.5395,-121.3653,2572,38699
797,997433,5,4.5,2886,22728,2.5,0,0,4,11,1522,1364,1993,0,98100,47.154,-122.1234,711,21365
798,922735,6,1.0,4219,5294,1.5,0,0,3,9,4006,213,1934,0,98177,47.3202,-121.7989,4924,14737
799,1054437,4,2.5,6115,45023,2.0,0,0,4,4,5719,396,1932,2012,98154,47.5355,-121.9719,1084,7380
800,666697,2,4.5,1888,15998,1.5,0,0,3,11,1845,43,2009,0,98108,47.7327,-122.4062,3868,24226
801,665647,6,4.0,2356,43624,1.0,0,0,4,9,1765,591,1980,0,98067,47.7531,-121.3594,3167,16562
802,610916,7,3.0,1865,3807,1.5,0,0,4,7,1500,365,1998,0,98036,47.6872,-122.2435,4422,27170
803,265549,1,3.0,999,46288,1.0,0,0,3,5,826,173,1975,0,98151,47.278,-122.1788,5616,24546
804,721086,2,2.5,2180,27891,1.5,1,0,3,11,1908,272,1901,2013,98094,47.4314,-122.0473,2359,6151
805,460401,7,3.0,1010,3810,1.0,0,0,4,9,521,489,1933,0,98167,47.4034,-121.9018,555,7991
806,1392492,6,3.5,7994,22786,1.0,0,0,3,5,6789,1205,1975,0,98059,47.4071,-122.3269,5062,18159
807,1068544,1,2.5,4812,26551,1.5,0,0,3,7,3693,1119,1989,0,98023,47.1348,-121.7441,4389,22048
808,476267,2,4.0,1824,41782,3.0,0,0,4,5,1223,601,1931,0,98023,47.2215,-121.8824,543,22502
809,495412,1,4.5,1655,24344,2.5,0,0,3,5,561,1094,1920,2008,98171,47.2073,-122.1364,2041,18059
810,604408,1,1.5,2327,39524,2.5,0,0,3,9,1716,611,1904,2002,98100,47.5321,-121.6688,5474,39641
811,922193,2,3.0,3641,47014,2.5,0,0,3,11,2307,1334,,0,98025,47.3883,-121.8831,998,36391
812,1469503,2,2.5,7919,7706,1.0,0,0,3,7,7593,326,1986,0,98084,47.3271,-121.4912,5971,21132
813,963615,1,3.5,3986,42111,2.5,0,1,2,13,3640,346,1947,0,98060,47.4107,-121.4735,3772,18492
814,621769,7,2.0,2310,38292,1.0,0,0,3,6,2145,165,1995,0,98102,47.3269,-121.3239,2668,22380
815,1423625,5,3.5,7088,4947,3.0,0,4,4,6,6209,879,1968,0,98161,47.6302,-122.4192,505,25521
816,758223,2,4.5,3423,16409,1.5,0,0,3,5,2672,751,1998,0,98161,47.2169,-122.0138,4632,6825
817,1287713,6,2.5,5801,17921,1.5,0,1,2,10,4562,1239,2021,0,98193,47.1393,-121.8982,4821,8385
818,812273,3,4.5,2714,42419,1.0,0,0,4,12,2371,343,1969,0,98047,47.5555,-122.2194,1243,37040
819,970809,4,5.0,4686,31945,1.0,0,2,3,3,4626,60,1982,0,98033,47.2614,-121.3936,4744,28695
820,381308,1,1.5,1213,28000,3.0,0,0,3,5,300,913,2007,0,98038,47.5503,-122.3942,1757,30597
821,1209424,1,2.0,6477,46156,2.5,0,0,4,4,6114,363,1939,0,98152,47.141,-121.9858,5454,33550
822,1076841,4,5.0,4102,17164,3.0,0,0,3,13,3178,924,1905,0,98095,47.273,-122.2778,590,30944
823,1316130,5,5.0,4634,19152,1.5,0,4,3,13,3611,1023,1913,0,98102,47.2077,-121.6814,2252,16071
824,1789777,4,1.5,7793,42946,1.5,1,4,3,9,6588,1205,2018,0,98049,47.3035,-121.654,2581,37408
825,1062431,2,1.0,4022,42039,2.5,1,0,3,8,3989,33,1966,0,98030,47.3302,-121.453,4744,25903
826,812806,4,1.5,4768,16846,1.5,0,0,4,3,4364,404,1910,2019,98058,47.4466,-122.0092,5235,3224
827,949020,1,5.0,5248,24819,1.0,0,0,3,5,4352,896,1938,0,98116,47.4641,-121.5699,2446,7234
828,1188968,4,1.5,5349,20502,1.5,0,0,3,13,5212,137,1940,0,98097,47.5411,-121.8405,2959,26487
829,546102,3,3.0,1743,17156,2.0,0,0,4,6,1716,27,1923,0,98187,47.3322,-121.5253,2551,28670
830,1042396,6,4.5,4209,31657,2.5,0,4,2,12,4104,105,1942,0,98121,47.4724,-122.3975,4899,9942
831,570437,2,1.0,1581,4845,2.5,0,0,2,13,1425,156,2008,0,98144,47.7931,-121.9439,4378,29786
832,1218873,4,3.5,6279,29533,2.5,0,0,3,9,5149,1130,1981,0,98144,47.2474,-122.3193,2227,14081
833,1319181,1,2.0,7119,38641,2.0,0,0,2,5,5863,1256,1994,0,98161,47.2069,-121.5516,4266,9061
834,367740,7,4.5,955,45000,3.0,0,0,3,6,760,195,1973,1988,98039,47.6898,-122.3168,606,5982
835,1226717,6,2.0,5424,8311,1.0,0,0,3,13,4416,1008,1925,0,98046,47.3873,-122.4903,4791,6528
836,525948,2,3.5,1394,41901,2.5,0,0,3,9,1193,201,1928,0,98166,47.6928,-121.3846,3877,31540
837,472086,1,3.5,1884,30646,1.5,0,0,3,6,1776,108,1901,0,98151,47.3973,-121.9185,3466,7699
838,944658,5,2.0,2458,19317,1.0,1,0,3,11,1916,542,1929,0,98026,47.1152,-121.3178,3755,16872
839,798989,3,1.0,3572,6822,1.5,0,0,4,8,3532,40,2002,0,98049,47.3624,-121.9564,4860,20806
840,1367302,5,2.5,7030,42467,1.0,0,0,3,4,5943,1087,2010,0,98081,47.5271,-121.791,859,17661
841,902183,3,2.0,2496,38990,1.0,1,2,3,13,1607,889,1973,0,98102,47.4133,-121.607,1643,25964
842,1299633,4,4.0,6991,23445,1.5,0,0,3,3,6310,681,1975,0,98109,47.4215,-122.163,3600,8660
843,1158485,2,4.0,4785,31244,1.5,0,1,3,10,3974,811,1983,1998,98024,47.7988,-122.3406,4090,32860
844,487790,4,3.0,1004,4666,1.0,0,0,3,13,590,414,1956,2020,98127,47.4809,-121.7066,2949,26490
845,508257,3,3.5,1714,6486,2.5,0,0,5,5,1343,371,2017,0,98107,47.5879,-121.8872,1295,8535
846,676891,3,3.5,2031,31186,1.5,0,0,4,9,1228,803,2004,0,98083,47.6047,-121.5078,5136,17094
847,938267,3,4.5,3940,23262,2.0,1,0,3,6,3577,363,1958,0,98170,47.1001,-122.4459,5280,34238
848,392770,6,2.5,1323,30092,2.0,0,2,3,5,300,1023,1918,0,98126,47.4867,-121.8463,2308,19773
849,372118,1,2.0,1428,34538,1.0,0,0,3,11,958,470,1953,0,98027,47.7741,-122.2771,1523,8480
850,1116669,2,2.0,5529,8659,3.0,0,0,3,8,5030,499,1969,0,98130,47.6256,-121.7592,4996,22652
851,1279236,4,3.0,5736,17827,1.0,0,0,3,8,4731,1005,2019,0,98116,47.3383,-121.5875,3402,13610
852,298379,4,3.0,633,44390,1.0,0,0,3,8,300,333,1922,0,98136,47.3552,-122.1844,4025,14364
853,647943,5,3.0,2605,43091,2.5,0,0,3,5,2027,578,1982,0,98079,47.3125,-121.9219,4459,4771
854,946557,3,1.5,4127,49420,2.5,0,0,3,8,2916,1211,1994,0,98125,47.5411,-121.9958,2018,24100
855,1075793,7,4.0,5280,36183,3.0,0,0,3,6,4878,402,1932,0,98169,47.1681,-121.5942,3390,25906
856,1372975,3,2.0,7315,27234,3.0,0,0,4,4,6822,493,1965,0,98141,47.303,-121.7802,2849,7923
857,1312568,3,2.0,6816,7816,3.0,0,0,4,5,5559,1257,1978,0,98091,47.4488,-122.3552,5176,3601
858,459087,7,2.5,2352,43709,3.0,0,0,2,6,1861,491,1910,0,98150,47.4747,-121.3279,2195,1639
859,1269395,4,2.0,5410,47328,3.0,0,0,3,13,4486,924,1989,0,98119,47.5252,-121.4052,2616,14272
860,1137814,5,3.5,5768,47016,1.0,0,0,3,3,4823,945,1917,1989,98047,47.6581,-121.8055,5321,8855
861,919210,1,2.5,4675,4884,1.0,0,0,4,9,4145,530,1964,0,98047,47.2143,-121.567,2996,23238
862,772777,7,3.0,3433,18983,2.0,0,0,4,7,2098,1335,1931,0,98065,47.2575,-122.476,3441,6322
863,884768,6,3.0,3784,6179,2.0,0,0,4,13,2844,940,1903,0,98197,47.7106,-122.2582,2086,38056
864,1086399,2,2.0,4798,26234,1.5,0,3,3,11,4686,112,1985,0,98157,47.6818,-121.5786,834,29950
865,903575,7,1.5,3311,39330,1.0,0,0,3,8,2968,343,1935,0,98079,47.6751,-122.3726,3902,21266
866,1210611,1,4.5,5848,31505,3.0,0,0,3,10,5491,357,1992,0,98118,47.246,-122.4487,5550,21804
867,1270682,4,2.5,6295,21494,1.5,0,2,2,11,6170,125,1999,0,98030,47.1408,-121.7611,4522,30249
868,435692,6,2.5,1750,2330,2.5,0,0,3,8,1669,81,1956,0,98046,47.4664,-122.4589,5327,5165
869,1388366,6,1.0,6278,49465,1.0,1,0,2,9,6027,251,2013,0,98006,47.709,-122.2803,5903,22840
870,1238409,6,3.0,6151,12132,2.0,0,0,4,8,5770,381,1932,0,98134,47.2663,-122.404,644,21612
871,975730,3,3.0,4012,46263,1.0,0,1,3,8,3296,716,2002,0,98087,47.7329,-121.8589,2197,13109
872,1145445,2,3.0,6690,39178,1.0,0,1,3,4,5568,1122,1913,0,98052,47.1991,-121.6877,3503,9941
873,521011,4,4.0,1756,41251,1.0,0,0,4,7,1305,451,1947,0,98005,47.3087,-122.28,3247,22339
874,922024,4,1.5,3876,18510,1.0,0,0,3,8,3282,594,2010,0,98041,47.3088,-121.9375,2251,19507
875,1341820,6,2.0,6145,20101,2.5,0,0,4,12,6122,23,1936,0,98148,47.2058,-122.4758,2741,29000
876,1192786,4,4.0,5762,11797,2.0,0,0,4,7,4322,1440,2008,0,98148,47.7109,-122.1824,4860,5135
877,865369,2,5.0,3986,12524,1.0,0,0,3,6,3634,352,1904,0,98167,47.3888,-122.2845,2711,12793
878,836453,2,1.5,4084,6185,2.5,0,0,3,8,4012,72,1949,0,98030,47.2335,-122.3008,3024,18017
879,512965,5,3.0,1896,45844,1.5,0,0,3,8,1202,694,1960,0,98048,47.2031,-122.23,1555,36565
880,1117697,7,2.0,4137,15206,1.0,0,2,4,10,3623,514,1985,0,98188,47.3946,-121.5336,5326,15076
881,897213,7,1.0,3830,49694,2.5,0,0,3,10,3060,770,1968,0,98123,47.1121,-121.3603,4378,7482
882,886872,5,2.5,3203,24152,3.0,0,0,4,12,2150,1053,2000,0,98151,47.1847,-121.6527,5067,15086
883,287497,1,1.5,970,9366,1.5,0,2,3,3,313,657,1937,0,98104,47.1026,-122.4133,3406,19897
884,1539173,7,4.0,7614,28813,2.0,0,2,3,4,6141,1473,1945,0,98188,47.1171,-121.7462,563,36086
885,1324890,2,3.0,5631,2295,1.0,0,0,5,13,4693,938,1997,0,98178,47.7982,-121.6191,4507,10839
886,448698,2,1.5,1853,48117,1.0,0,0,3,3,373,1480,1914,0,98116,47.4142,-122.3666,595,17206
887,1070398,7,1.0,3283,18657,2.5,1,0,2,12,2450,833,2011,0,98013,47.6102,-122.1468,4704,12427
888,722847,2,4.0,3331,3309,2.0,0,1,3,9,2281,1050,1936,2006,98110,47.616,-121.9859,3935,4130
889,1203308,5,1.5,5563,36075,3.0,0,0,3,10,4184,1379,1926,0,98038,47.7163,-122.1271,5449,10624
890,396305,6,3.5,857,23340,1.5,0,0,2,5,300,557,2011,0,98039,47.1726,-121.878,5341,37272
891,832034,6,2.5,3519,12042,2.0,1,0,3,5,3501,18,1900,0,98103,47.468,-122.3429,1235,13807
892,427881,4,3.5,1167,32385,1.0,0,0,3,9,640,527,1928,0,98196,47.3252,-121.9663,1902,20479
893,1199177,6,2.5,4968,29040,2.5,0,1,4,10,4175,793,1971,0,98147,47.4839,-121.6201,4718,1931
894,1126316,3,1.5,5627,27544,3.0,0,0,3,8,4334,1293,1996,0,98180,47.3325,-121.9469,4276,14569
895,492810,5,2.0,1645,13484,2.5,0,0,4,10,476,1169,1906,2004,98169,47.2286,-122.2475,5909,6629
896,1037274,2,2.0,5967,49792,1.5,0,0,2,4,5426,541,1928,0,98122,47.571,-121.5375,5364,19008
897,1367026,7,2.5,7319,24633,2.0,0,0,2,9,6703,616,1930,0,98092,47.1269,-122.0267,1053,11758
898,972149,6,3.5,4685,43853,2.5,0,0,2,7,3513,1172,1937,2020,98027,47.7268,-121.9899,4566,27350
899,992041,5,2.0,4219,22661,2.5,0,1,3,8,3013,1206,1907,0,98151,47.2024,-122.0709,5968,19215
900,874307,6,1.0,3245,2823,1.0,0,4,3,9,2180,1065,1994,0,98127,47.5306,-122.1523,645,33314
901,1427205,1,3.0,7983,25674,2.5,0,0,3,11,7819,164,1936,0,98019,47.6279,-121.7777,5817,29601
902,1673278,2,3.5,7845,21051,3.0,1,0,5,9,7037,808,1958,0,98080,47.151,-122.2746,4814,19332
903,716543,1,5.0,1039,14267,2.0,0,4,3,13,300,739,1978,0,98163,47.7323,-121.5769,5786,11750
904,627219,2,3.5,3279,28738,1.5,0,0,2,3,2162,1117,1953,2012,98133,47.3493,-121.922,1384,5061
905,1490142,5,3.0,5464,22425,2.5,1,3,3,7,4227,1237,2015,2020,98088,47.7977,-121.4397,3225,8048
906,1083607,4,3.5,4636,47652,3.0,0,0,4,13,3425,1211,1957,0,98133,47.1481,-121.3733,886,8322
907,1250742,6,4.5,5335,35960,1.5,0,0,3,13,4224,1111,1995,0,98093,47.6017,-122.0404,5222,39618
908,1028466,6,4.5,4275,48282,3.0,0,0,4,13,2794,1481,1925,0,98006,47.2125,-122.3094,2137,26688
909,1325544,3,2.5,6542,18038,2.5,0,2,3,6,5047,1495,1947,2021,98041,47.3819,-121.8937,4871,18095
910,1644773,7,2.0,7145,8421,2.5,0,2,3,10,6068,1077,2012,0,98041,47.4102,-122.1755,5740,20387
911,1404964,1,2.0,7602,5106,2.0,0,0,3,9,7231,371,1910,0,98182,47.3843,-121.9882,2362,35533
912,1396200,6,3.0,7812,32593,1.0,0,0,4,6,7448,364,1922,0,98172,47.3363,-122.0471,1656,30586
913,1372184,5,4.0,5820,24264,3.0,0,0,3,13,4760,1060,1933,0,98048,47.637,-121.9594,2316,5002
914,1001225,4,3.0,5524,12216,1.0,0,0,3,5,5406,118,1932,0,98165,47.6739,-121.9017,2781,39573
915,1291251,7,1.5,6632,45127,1.0,0,0,3,8,6224,408,1980,2002,98093,47.3349,-121.7471,552,11664
916,872895,5,4.0,3008,16024,1.5,0,0,3,10,2646,362,1996,0,98184,47.4379,-122.4954,3455,2390
917,711469,1,4.0,3279,25085,1.5,0,0,3,5,1887,1392,1901,0,98033,47.3952,-122.1923,2857,1856
918,1311249,3,2.0,7395,26834,3.0,0,0,3,7,6438,957,2012,0,98163,47.5155,-122.2957,2782,11426
919,614496,6,3.5,1424,38058,1.0,0,0,2,12,300,1124,1960,0,98102,47.2052,-121.6475,5638,1086
920,623878,5,2.5,3456,32127,2.0,0,0,5,3,3134,322,1903,0,98112,47.664,-121.5012,5448,3045
921,647586,7,4.5,2081,9915,1.0,0,0,2,12,1324,757,1911,0,98134,47.6579,-121.6291,4556,27087
922,1036342,2,4.5,3824,36773,1.5,0,3,2,12,2507,1317,1928,0,98046,47.5133,-121.3304,1078,4229
923,1181955,4,3.0,4985,1654,1.0,0,0,3,10,4042,943,2005,0,98074,47.6223,-122.4073,3450,18216
924,1283209,7,4.0,6213,25940,2.5,0,0,4,9,5766,447,2005,0,98036,47.792,-121.9423,5756,36801
925,1615247,5,4.5,7526,39440,2.5,0,0,3,10,6373,1153,2010,0,98172,47.7458,-121.4208,5367,22971
926,528879,4,3.0,755,26393,2.0,1,3,3,4,300,455,2006,0,98135,47.528,-122.1171,5870,15504
927,1057682,6,2.5,5304,3416,3.0,0,0,2,9,4596,708,2002,0,98135,47.458,-121.5372,5574,25276
928,611050,2,4.0,2338,1125,1.0,0,0,3,6,1360,978,1941,0,98029,47.4742,-121.8259,4343,27422
929,618495,3,2.0,2444,40008,2.5,0,3,3,4,2103,341,1982,0,98065,47.4266,-121.3257,2589,36667
930,1554631,7,2.5,7093,6709,3.0,0,0,3,11,5803,1290,1956,0,98060,47.4362,-122.0548,5178,4062
931,504578,3,4.5,509,16803,2.5,1,0,3,7,300,209,1949,0,98112,47.6124,-121.9994,5517,6442
932,853797,2,4.0,3371,28729,3.0,0,0,4,9,2897,474,1965,0,98035,47.7945,-122.3034,2568,23524
933,563552,4,2.5,1297,49366,3.0,0,2,4,6,300,997,1906,0,98185,47.1317,-122.3084,1902,33346
934,1603788,6,2.0,7909,37536,2.5,0,0,3,12,7619,290,1956,0,98029,47.2611,-121.4668,2045,13113
935,1535522,5,2.5,7918,23985,1.5,0,0,3,13,7747,171,1945,0,98038,47.2471,-122.0112,5719,28622
936,1291656,2,2.0,5472,27213,3.0,0,0,4,13,4010,1462,1921,0,98140,47.683,-121.7554,3926,29947
937,1099661,1,1.5,5624,25231,1.0,0,0,4,6,5324,300,1910,0,98087,47.3938,-121.5973,3040,39279
938,1453780,4,4.0,7786,46257,2.5,0,3,3,5,7638,148,1932,0,98110,47.4676,-121.9741,5631,29388
939,423396,3,2.0,1515,22714,1.5,0,0,3,3,856,659,1953,0,98080,47.4284,-121.3555,5198,7203
940,648502,7,3.0,2324,36306,2.5,0,0,4,4,1036,1288,1919,0,98186,47.6976,-121.3742,4292,37483
941,1155662,2,2.5,4969,40884,2.0,0,3,3,11,3851,1118,1904,0,98078,47.4498,-121.6839,3462,25731
942,750129,3,5.0,3636,14528,1.0,0,0,4,3,2939,697,1967,2010,98080,47.5675,-121.3058,1469,17249
943,618726,4,2.5,2693,39808,2.0,0,0,3,7,1727,966,1913,0,98134,47.1136,-122.4968,2590,28634
944,195839,3,1.5,723,8561,3.0,0,0,3,4,307,416,1902,0,98036,47.5567,-122.4889,3149,34305
945,1061913,2,1.5,5858,8044,3.0,0,0,3,6,5602,256,2013,1994,98052,47.2687,-122.419,1403,32696
946,1389219,4,3.5,6820,15747,2.0,0,0,2,13,6306,514,1981,0,98088,47.7068,-121.3678,4263,1604
947,1244793,1,3.5,6398,12336,2.0,0,0,3,9,5720,678,1957,0,98115,47.6261,-121.7742,1242,27618
948,1128398,2,2.5,5448,37329,3.0,0,0,4,7,4075,1373,1926,0,98027,47.1765,-121.3867,4927,11900
949,1448425,5,2.5,7949,30255,1.5,0,0,3,3,7038,911,1903,0,98025,47.1724,-122.3475,1065,37356
950,939536,6,1.0,4658,42323,1.0,0,0,4,5,4454,204,1966,0,98168,47.3051,-122.4616,4459,1400
951,1244232,2,3.0,5836,19572,2.5,0,0,3,12,5147,689,1963,0,98164,47.188,-121.8481,2203,24016
952,992396,4,3.0,4425,22062,2.0,0,0,3,11,4082,343,1990,0,98188,47.6182,-122.2897,4752,30811
953,1252890,7,1.5,7470,16555,1.0,0,0,3,3,7006,464,1991,0,98029,47.7908,-121.4682,5890,18063
954,1549389,6,1.5,7438,2680,2.5,0,0,4,12,7410,28,1985,0,98095,47.5587,-121.9955,2573,8834
955,1155424,2,1.5,5284,21020,2.5,0,4,3,6,3885,1399,1941,0,98003,47.2743,-121.5755,2979,16037
956,1238840,1,1.5,6080,34770,2.0,0,3,3,7,5976,104,1928,2001,98141,47.495,-121.8803,5207,22017
957,1110399,7,3.5,4500,24530,1.5,0,0,5,12,4167,333,1979,0,98068,47.664,-121.8656,1692,26611
958,580460,1,2.0,2133,47983,1.5,0,4,3,5,1041,1092,1934,0,98139,47.7735,-121.6818,3819,3958
959,653428,5,2.0,2652,31444,1.0,0,4,4,5,2546,106,1918,0,98176,47.1036,-122.0975,3173,39713
960,1354827,7,1.5,7766,41949,1.0,0,0,4,3,7665,101,2015,2001,98060,47.4666,-121.3614,5096,5992
961,398052,3,5.0,1010,34253,3.0,0,0,3,8,300,710,1993,0,98002,47.4172,-122.0195,702,36261
962,546641,7,4.5,884,40899,1.5,0,3,3,6,333,551,1978,0,98079,47.3901,-122.0223,4561,31778
963,471492,6,2.0,904,6374,1.0,0,0,4,10,300,604,1968,0,98198,47.4527,-121.6511,552,11457
964,1481067,7,2.5,7466,23472,3.0,0,0,3,8,7330,136,1930,0,98111,47.3825,-121.7365,1248,26636
965,949812,4,2.0,5113,38504,2.5,0,0,1,5,4624,489,1942,1988,98013,47.3408,-121.3051,1701,4007
966,986708,4,3.0,5071,23132,1.0,0,0,3,9,5005,66,1994,0,98035,47.1804,-121.4797,3287,11787
967,574894,3,1.0,2500,11845,3.0,0,0,3,5,1326,1174,1972,0,98051,47.4499,-122.1585,1259,8672
968,846756,7,3.5,3256,28436,1.5,0,0,4,11,2979,277,1976,0,98108,47.6747,-122.3781,4052,33055
969,604221,1,3.0,2168,32775,2.5,0,0,4,10,1957,211,2006,2014,98113,47.1733,-122.372,1504,36665
970,1110755,1,4.5,6489,14373,1.0,0,0,4,5,5116,1373,1920,2015,98056,47.6169,-122.0661,2962,6199
971,1519709,2,1.5,7414,26923,1.5,0,2,4,13,6787,627,2009,1998,98040,47.2874,-121.9274,3317,4082
972,619166,5,4.0,1960,35446,2.5,0,0,2,4,1313,647,1994,0,98187,47.3669,-121.7355,5928,22071
973,1388714,6,4.0,7690,1375,2.0,0,0,3,5,6520,1170,1964,0,98012,47.7917,-121.4707,3263,28606
974,1420869,5,1.5,7640,13401,1.5,0,0,3,6,7276,364,2004,0,98016,47.5726,-121.3126,3781,2097
975,829260,7,2.5,4136,18328,2.0,0,0,3,5,3459,677,1976,0,98181,47.6034,-122.0095,4411,1620
976,845419,5,1.5,3224,19449,1.0,0,4,4,11,1973,1251,1933,0,98116,47.5217,-121.8453,1462,25035
977,1176723,2,2.0,5309,31858,3.0,0,0,3,13,3996,1313,1960,0,98041,47.3257,-121.7791,3755,28117
978,1126350,5,2.0,4678,28596,1.0,0,0,4,12,3325,1353,1935,2010,98148,47.5726,-121.8297,4756,9358
979,1045605,3,3.0,5764,32055,1.5,0,0,2,4,4902,862,1979,2004,98168,47.4201,-122.3916,658,21307
980,1622126,2,2.5,7752,49270,2.0,0,0,4,10,7358,394,1973,2012,98061,47.6825,-122.362,2999,19512
981,1477943,3,5.0,7745,6322,2.0,0,0,3,9,7191,554,2001,1984,98034,47.4997,-121.4335,4874,3157
982,1255230,7,1.5,7100,7026,2.5,0,0,3,3,6298,802,1940,0,98019,47.6399,-121.6893,600,3075
983,1190077,2,5.0,6497,47840,1.0,0,0,3,8,5335,1162,1933,2010,98173,47.694,-121.6855,4338,5992
984,855063,7,2.0,2548,11714,1.0,1,0,3,8,2125,423,1924,0,98091,47.6748,-121.5223,2326,39435
985,1267432,7,4.0,4646,17822,1.5,0,3,3,11,3370,1276,1956,0,98029,47.3815,-122.399,1896,37824
986,1206750,5,2.5,5280,10027,2.0,0,0,4,12,4865,415,1964,0,98019,47.3581,-122.0014,1753,4424
987,627190,3,1.5,1216,27491,1.5,1,0,3,13,300,916,1975,0,98184,47.7083,-122.204,4276,19993
988,1339474,7,4.5,6065,3232,1.5,0,2,3,10,5720,345,1921,0,98027,47.2002,-121.707,4470,22213
989,1060652,3,2.0,5044,47233,2.0,0,2,3,9,4348,696,1959,0,98130,47.2956,-122.2421,5629,37774
990,1076275,3,3.5,5476,33654,1.5,0,0,3,9,4900,576,1953,0,98168,47.1847,-121.6695,4817,12391
991,1216398,2,3.5,5083,39249,2.0,0,4,3,7,4268,815,2020,0,98103,47.1295,-122.0345,2157,18073
992,526002,4,3.0,2323,24372,1.5,0,0,3,4,2144,179,1921,0,98193,47.5311,-121.9727,2831,8318
993,748114,5,3.0,2581,10045,3.0,0,0,3,12,2368,213,1960,0,98078,47.7305,-121.5184,3651,9884
994,940229,7,4.0,3919,10071,1.5,0,0,4,7,3482,437,2011,0,98008,47.1906,-122.0822,616,26477
995,1214448,3,1.5,6738,46671,1.5,0,0,3,3,6586,152,1965,0,98027,47.657,-122.1921,5475,35441
996,1871693,6,3.5,7739,23612,3.0,1,0,3,13,6868,871,1944,0,98158,47.3655,-121.4797,3767,30455
997,716951,4,4.5,2074,13473,1.0,0,0,3,12,1134,940,1971,0,98153,47.5327,-121.6775,1034,31412
998,1425973,7,1.0,6797,6953,2.0,0,0,3,8,5361,1436,1996,0,98049,47.6346,-122.0153,2907,9001
999,394161,6,1.5,749,8676,2.5,0,2,4,4,300,449,1968,0,98056,47.5971,-121.9017,4847,15045
1000,500022,5,4.0,1173,36452,3.0,0,0,3,3,568,605,1963,0,98100,47.1957,-122.0826,3466,18828
1001,844735,5,2.5,5033,27228,1.0,0,0,3,3,4282,751,1909,0,98102,47.1808,-121.8385,5029,22077
1002,656407,3,2.5,2665,12406,1.5,0,0,3,3,1712,953,1966,0,98065,47.7469,-122.3336,1090,15801
1003,360237,3,,1270,3803,1.0,0,0,4,6,300,970,1910,0,98031,47.1556,-121.4339,3316,23930
1004,1168391,7,3.0,4462,36581,3.0,0,1,3,7,3675,787,2017,0,98060,47.2529,-121.8351,4440,2795
1005,1486634,2,1.5,7973,7604,1.5,0,0,3,7,6644,1329,1993,0,98162,47.4068,-122.0377,1035,22959
1006,1154067,4,3.0,4863,29087,1.0,0,0,3,13,3704,1159,1927,0,98145,47.6747,-121.8141,997,2306
1007,560861,7,4.0,2484,26974,2.5,0,0,3,3,1302,1182,1904,0,98073,47.5218,-122.3066,2912,14803
1008,561337,4,2.0,1577,13338,2.0,0,1,3,13,1426,151,1911,0,98029,47.4998,-122.4058,4288,7752
1009,301655,3,3.0,735,42189,2.0,0,0,5,8,300,435,1943,0,98134,47.5844,-121.8422,1433,32714
1010,406789,5,5.0,888,47769,3.0,0,0,3,5,300,588,2008,0,98088,47.6615,-122.4154,4779,7211
1011,788122,3,3.5,3537,30689,1.5,0,0,4,6,3082,455,1992,0,98126,47.2628,-121.707,2833,7169
1012,1152830,5,4.5,5358,43475,1.5,0,2,3,7,5025,333,1989,0,98006,47.1132,-121.5397,2375,25652
1013,574132,7,2.5,2348,16691,2.0,0,0,3,6,1886,462,1992,0,98104,47.189,-121.314,1500,7346
1014,1481576,5,4.0,7044,32782,1.0,0,4,4,6,5552,1492,1928,0,98131,47.2156,-121.5769,4457,26894
1015,1154990,3,1.0,5219,31614,1.5,0,0,3,12,4170,1049,1977,0,98095,47.128,-121.331,5857,35849
1016,650435,1,1.5,3314,17344,2.5,0,0,3,3,2125,1189,1935,2006,98159,47.6233,-122.4734,4592,9826
1017,814430,4,2.0,3874,3927,2.5,0,0,4,4,2485,1389,1934,0,98076,47.7194,-121.8294,5016,9168
1018,1420678,6,2.5,7562,16659,1.5,0,0,4,4,6757,805,2012,0,98180,47.5975,-122.3023,3267,32071
1019,910362,5,4.5,3778,34812,1.5,0,2,4,4,3340,438,1907,0,98136,47.232,-122.2058,3720,21832
1020,615628,5,2.5,1752,38275,2.0,0,2,4,12,1656,96,1915,0,98090,47.5245,-121.6186,2149,19316
1021,1231779,1,3.5,7496,45683,3.0,0,0,3,3,7103,393,1942,0,98026,47.4644,-122.1966,1337,17016
1022,1149333,7,4.0,4481,37539,2.0,0,0,3,12,2991,1490,1968,1996,98143,47.674,-122.2842,5341,7991
1023,1202282,7,3.5,5173,24106,3.0,0,3,4,10,4907,266,1915,0,98184,47.7596,-122.0538,3698,25869
1024,669390,7,2.5,2622,42036,2.5,0,0,4,3,1476,1146,1955,0,98086,47.6201,-122.4001,2493,14653
1025,1147109,6,3.5,5030,13225,3.0,0,2,3,10,4201,829,1940,0,98122,47.4588,-122.3242,2258,1769
1026,624944,2,2.5,2650,32017,2.0,0,3,3,3,1429,1221,1976,0,98127,47.4577,-122.3243,3193,20328
1027,1072658,1,1.5,5359,4371,1.5,0,0,3,12,4295,1064,1907,0,98062,47.6655,-122.2287,5356,14967
1028,1420747,6,5.0,7381,48928,3.0,0,1,3,5,7261,120,1953,2008,98141,47.1858,-121.4552,5663,21188
1029,1467990,1,1.5,7449,10871,2.0,0,0,3,11,7025,424,1989,0,98046,47.2073,-122.1457,4522,14511
1030,666869,5,1.5,1829,14395,2.5,0,0,3,10,1826,3,2019,0,98182,47.3405,-122.1714,1319,15809
1031,1262220,4,4.5,6741,20679,3.0,0,0,3,4,5463,1278,1904,0,98009,47.623,-122.3488,4172,36139
1032,1260431,1,2.0,7441,7358,2.5,0,0,3,6,6799,642,1908,0,98088,47.1462,-122.4807,1863,18330
1033,634291,2,3.5,1858,32421,2.5,0,0,3,10,836,1022,2001,0,98003,47.341,-122.3075,5334,28361
1034,1515961,3,2.5,7502,49009,1.0,0,2,3,11,6011,1491,1965,0,98151,47.323,-121.6324,5044,34456
1035,754192,6,2.5,2982,18598,3.0,0,0,3,9,2164,818,1970,0,98012,47.44,-121.3362,1938,4296
1036,787348,1,2.0,5042,4071,2.0,0,0,3,3,4860,182,1929,0,98041,47.4246,-121.6074,2800,23943
1037,628425,1,2.5,2517,2302,3.0,0,0,3,10,1387,1130,1980,0,98172,47.6001,-121.4761,1473,10397
1038,568717,2,2.5,1831,38809,3.0,0,0,3,3,1333,498,2021,0,98186,47.5379,-121.5559,2614,33403
1039,1140941,4,4.0,4844,15407,2.5,0,0,3,11,3374,1470,2007,0,98011,47.7319,-122.1447,3311,3124
1040,1091592,1,3.0,4761,40427,2.5,0,0,3,10,3561,1200,1994,0,98147,47.2265,-121.6225,3907,8106
1041,1451731,1,5.0,7627,47919,2.5,0,0,4,6,7556,71,1964,0,98187,47.4025,-121.5993,5057,25028
1042,642281,4,1.0,1858,37215,2.5,0,0,4,12,1789,69,1991,0,98073,47.3801,-122.1897,2102,37293
1043,1207034,2,3.0,5615,1150,2.0,0,2,4,13,5035,580,1929,0,98165,47.1788,-121.3952,988,10485
1044,1125588,6,3.5,5137,21960,1.5,0,0,3,6,5015,122,1946,0,98138,47.2154,-121.3025,5375,14401
1045,1079107,6,4.5,5354,31989,1.0,0,0,3,6,4963,391,1994,0,98073,47.3356,-121.8264,565,34867
1046,951281,1,1.0,3677,19900,2.5,0,4,3,8,2427,1250,1987,0,98033,47.6144,-122.1201,5427,14500
1047,638933,4,3.5,2628,11755,2.5,0,2,4,4,1714,914,1930,2009,98148,47.2051,-122.0709,2846,32909
1048,631259,1,4.5,2680,15809,1.0,0,0,3,6,2313,367,1959,0,98172,47.2857,-121.8011,1377,24923
1049,1184077,7,2.0,5392,35641,2.5,0,0,4,6,4935,457,2016,0,98075,47.5735,-122.4907,5039,4035
1050,1490668,3,4.5,7543,49173,1.5,0,1,3,10,7361,182,1974,0,98093,47.5177,-122.13,1846,29584
1051,261351,6,1.0,637,39436,3.0,0,0,3,4,300,337,2005,0,98111,47.1731,-122.4412,3602,13005
1052,1718746,7,4.0,6827,2728,1.0,1,1,3,10,5732,1095,1979,1981,98125,47.7606,-121.751,2569,19247
1053,962158,5,4.5,3972,48293,2.0,0,0,4,12,3461,511,1908,0,98124,47.2036,-121.7751,2509,2118
1054,1370815,3,3.5,5949,4650,1.0,0,0,3,13,4918,1031,1993,0,98013,47.143,-121.7907,5356,4295
1055,727344,1,3.0,3332,12866,1.5,0,0,3,4,2237,1095,1975,0,98124,47.313,-122.3188,3696,6891
1056,896050,2,1.0,4079,29474,2.0,0,0,4,11,3356,723,1953,0,98063,47.1185,-121.3665,1219,19971
1057,1367280,6,4.5,6471,24094,3.0,0,0,3,11,6426,45,2010,0,98142,47.1215,-121.8589,1491,20080
1058,860717,5,3.0,3531,16779,2.5,0,0,3,8,2358,1173,1960,0,98054,47.5051,-121.833,4695,32682
1059,1072210,3,1.0,4664,8702,1.0,0,0,3,12,4072,592,1963,0,98170,47.7251,-121.8469,1263,25467
1060,900569,6,4.0,3093,6837,2.0,0,4,3,7,2154,939,1979,1987,98166,47.3818,-121.8707,3898,19063
1061,1430217,4,3.0,6696,19351,1.0,0,0,3,9,5924,772,1996,0,98083,47.3115,-121.3739,4005,23658
1062,1168336,2,1.5,6069,14813,3.0,0,0,4,10,5588,481,1905,0,98106,47.7402,-121.7776,2587,26349
1063,1087532,3,2.0,4800,15218,1.0,0,1,3,10,3368,1432,1944,0,98111,47.143,-121.9178,4573,3149
1064,1453303,4,1.5,6769,43300,2.0,1,0,4,5,5571,1198,1964,0,98117,47.4313,-121.5803,1891,15812
1065,946208,7,3.5,4318,7786,1.5,0,0,3,5,2868,1450,1976,0,98072,47.2768,-122.1982,1342,35101
1066,883602,1,3.5,4638,27766,2.0,0,0,3,7,3984,654,1936,0,98082,47.3672,-122.2696,2551,39169
1067,865795,4,3.0,4323,45921,1.0,0,0,4,7,4087,236,1998,0,98036,47.3876,-121.9729,4044,34825
1068,926640,3,4.5,4542,44015,3.0,0,0,3,4,3552,990,2007,0,98009,47.4816,-122.4812,1526,17648
1069,840528,3,4.5,2406,42724,2.5,0,3,4,7,1720,686,1989,0,98005,47.4173,-122.1478,4971,2911
1070,1259989,7,3.5,6754,46145,2.5,0,0,3,3,5591,1163,2005,0,98143,47.7916,-121.9959,5437,7838
1071,509927,1,1.0,1260,45972,3.0,0,0,3,13,1197,63,1972,2019,98152,47.1179,-121.8056,3391,15139
1072,1680096,4,4.0,7850,10777,1.0,1,0,3,9,7572,278,1916,0,98064,47.6304,-121.8482,2709,32688
1073,1492623,4,2.5,7491,9257,3.0,0,0,3,13,7442,49,2001,0,98048,47.1357,-122.0591,793,22509
1074,1347154,1,3.5,6738,22280,1.0,0,1,4,9,6524,214,2009,0,98171,47.4017,-122.0881,3912,2302
1075,1196636,4,3.5,6590,28024,2.0,0,0,3,3,6555,35,1998,0,98167,47.2413,-122.4984,5623,14880
1076,731739,6,2.5,3945,21776,1.5,0,0,3,5,3515,430,1924,2009,98153,47.7617,-121.4427,4286,1648
1077,1239047,1,4.5,6531,16590,1.0,0,0,3,10,6027,504,1949,0,98086,47.6057,-122.2225,3949,2784
1078,512056,2,1.5,1399,10675,2.5,0,0,3,13,1151,248,1970,0,98114,47.424,-122.0704,3514,24305
1079,1100020,3,3.5,4955,9251,2.5,0,0,3,11,4222,733,2004,0,98133,47.7666,-122.4757,5922,17197
1080,669210,2,1.0,3447,29692,1.5,0,0,3,5,2643,804,2010,0,98188,47.6049,-121.3518,910,36597
1081,684780,6,4.5,2219,22931,1.0,0,0,5,8,1752,467,1930,0,98119,47.7664,-121.9065,3678,11691
1082,529757,7,1.5,780,43842,1.5,0,3,3,8,300,480,1931,0,98007,47.5932,-122.4721,3855,39458
1083,843240,6,1.5,3766,41086,2.0,0,0,3,8,3257,509,2014,2003,98146,47.1544,-122.1986,4268,31692
1084,688662,5,2.5,2387,33334,1.5,0,0,3,7,970,1417,1947,0,98128,47.5314,-121.4449,2515,23720
1085,946933,5,2.5,3766,48078,2.0,0,0,4,8,2303,1463,1982,0,98006,47.7862,-122.0492,5181,6157
1086,493153,5,2.0,1166,30180,2.5,0,0,2,8,441,725,2014,0,98113,47.2499,-121.6727,1237,20088
1087,1056423,1,3.5,4688,42557,2.0,0,0,3,12,3879,809,1916,0,98012,47.6549,-121.7634,3306,12407
1088,534416,4,3.0,1171,9716,1.0,0,1,3,8,300,871,1960,2020,98108,47.2292,-121.9337,4984,3630
1089,581579,6,1.0,2469,1685,1.0,0,0,2,10,1352,1117,1956,0,98161,47.4166,-121.5001,3370,16337
1090,1090059,2,2.5,4656,44316,1.0,0,0,3,13,3194,1462,1956,0,98021,47.1593,-122.4516,593,24546
1091,1440761,7,4.0,7277,23200,1.0,0,3,3,8,7112,165,1969,0,98186,47.3384,-121.4051,2739,33790
1092,793638,2,4.0,3622,19102,3.0,0,0,3,5,2543,1079,1988,0,98042,47.6434,-121.6383,2182,10703
1093,1233736,2,4.0,5624,6130,2.0,0,0,3,9,4146,1478,2020,0,98046,47.1317,-121.4635,1976,15959
1094,1173439,2,4.0,6085,43576,1.0,0,0,4,8,4692,1393,1932,0,98003,47.3241,-122.4797,3629,33133
1095,1292661,7,2.0,5199,23525,1.5,0,0,3,13,3798,1401,1918,0,98185,47.5408,-122.3982,5253,22226
1096,1170773,5,1.5,5277,2633,1.5,0,0,4,11,4432,845,1914,0,98053,47.764,-122.2529,3814,10465
1097,797103,2,2.0,4400,1654,3.0,0,0,3,6,2982,1418,1934,0,98062,47.2717,-121.7877,5698,3981
1098,1404023,7,4.5,7177,28916,2.0,0,0,4,3,5763,1414,1948,0,98141,47.2212,-122.3891,3210,13317
1099,1303516,7,5.0,6024,44684,2.0,0,0,3,8,4649,1375,1995,0,98051,47.2426,-121.3821,5925,38397
1100,1708254,4,3.0,7481,7510,2.0,1,1,3,11,6376,1105,2001,2000,98147,47.2658,-121.6017,2167,26088
1101,1549609,7,1.0,7288,48348,3.0,0,1,4,10,6277,1011,1935,0,98187,47.5468,-121.5309,3157,33241
1102,1251955,5,1.5,6876,10146,2.0,0,0,3,4,6331,545,1995,0,98062,47.7991,-121.7994,1808,14762
1103,437043,2,2.5,1023,10263,2.0,0,0,3,5,961,62,1995,0,98165,47.4665,-121.7429,4857,4556
1104,794797,7,3.5,2893,48545,1.0,0,0,4,10,2192,701,2003,0,98143,47.29,-122.2347,5193,20555
1105,860473,1,1.5,3617,39921,2.0,0,0,4,13,3063,554,1953,1987,98090,47.6229,-121.408,5358,14925
1106,828335,7,5.0,3093,11127,1.0,0,0,3,11,2487,606,1935,1985,98070,47.2108,-121.7213,3972,24916
1107,735833,3,2.5,2468,5199,1.0,0,0,3,10,2321,147,1952,0,98091,47.121,-121.9987,2860,33038
1108,1217930,3,,5697,3641,2.0,0,0,3,12,5390,307,1959,0,98012,47.5237,-121.442,2579,16164
1109,576281,3,4.0,2253,30283,1.5,0,1,4,3,2156,97,1997,0,98089,47.2472,-121.4634,2472,31704
1110,1387657,7,4.0,6432,30621,2.5,0,0,3,5,5107,1325,1973,0,98178,47.3795,-122.4994,3278,33586
1111,1711997,5,3.5,7740,11999,1.5,0,4,4,13,6675,1065,1943,0,98047,47.2618,-121.3902,5306,17053
1112,1478105,2,3.5,7437,46813,2.0,0,1,2,10,7122,315,1932,0,98016,47.7426,-122.0639,1046,33621
1113,530902,6,3.5,2796,8869,2.0,0,0,3,3,2043,753,1943,0,98110,47.3366,-121.9934,1038,3324
1114,1279195,6,3.5,6690,25435,1.5,0,0,3,9,5283,1407,1954,0,98144,47.4144,-122.3976,3734,32818
1115,1102961,6,3.0,5740,39849,2.0,0,0,3,6,4613,1127,1973,0,98195,47.2644,-121.4469,4613,29629
1116,829325,5,5.0,2761,28608,1.0,0,0,3,9,1402,1359,1943,0,98034,47.1594,-121.853,4945,35459
1117,571727,4,4.0,2786,30272,3.0,0,0,2,6,2197,589,1950,0,98046,47.4588,-121.4132,3075,22471
1118,1308631,1,4.0,5675,17987,2.0,0,0,3,10,4620,1055,1998,0,98087,47.7081,-121.563,4242,32374
1119,1294163,1,4.5,6993,35422,2.0,0,0,3,8,6060,933,1985,0,98064,47.3462,-121.4224,3888,26099
1120,1072874,3,2.0,4702,22806,1.5,0,0,3,12,4024,678,1950,0,98177,47.6467,-121.3621,2924,12756
1121,986304,3,1.5,3378,6906,1.0,0,3,3,12,2073,1305,1986,0,98149,47.1228,-121.4369,2777,14562
1122,958061,7,3.0,4643,34936,1.5,0,0,4,10,3590,1053,1906,0,98181,47.2649,-122.2482,4977,5944
1123,805057,6,3.0,4144,35901,1.5,0,0,3,3,3464,680,1984,0,98190,47.192,-122.4159,1253,3058
1124,1083624,7,4.5,4932,16091,2.0,0,0,3,11,4062,870,1900,0,98182,47.382,-121.7557,3349,26694
1125,1246316,6,3.0,5645,29057,1.0,0,2,4,13,5253,392,1912,0,98082,47.726,-122.3139,1652,27408
1126,1425784,3,3.5,7447,43830,2.0,0,0,3,11,6392,1055,1972,0,98131,47.3615,-121.4643,5079,9303
1127,1240887,2,3.0,5876,14244,2.0,0,1,4,8,5181,695,1947,0,98181,47.5223,-121.3631,2015,7567
1128,719872,4,1.0,2555,1412,2.0,0,2,3,11,1584,971,2013,0,98140,47.7287,-122.3545,4279,9085
1129,1147123,7,3.5,5220,42798,2.0,0,2,3,8,4302,918,2010,0,98038,47.3519,-122.217,5235,12871
1130,1286362,4,4.5,6486,22706,3.0,0,0,3,8,5638,848,1983,0,98078,47.356,-121.7497,3885,18318
1131,482113,4,1.5,1776,33631,2.5,0,0,3,6,829,947,1946,0,98091,47.1616,-121.6297,2016,11235
1132,1237102,4,3.5,6311,25061,1.0,0,0,3,5,5139,1172,1946,0,98146,47.3443,-121.8852,671,11853
1133,640026,3,3.5,3266,4635,3.0,0,0,3,5,2167,1099,1909,0,98084,47.6223,-122.0572,2429,22036
1134,169269,1,1.5,802,48738,2.5,0,0,4,4,300,502,1925,0,98163,47.6912,-122.1328,4897,20013
1135,289899,3,1.5,1138,2852,2.5,0,0,3,6,732,406,1949,0,98084,47.6059,-121.7008,3422,13002
1136,402206,4,5.0,555,29774,2.5,0,0,1,11,300,255,1946,0,98198,47.1048,-121.6065,5616,1458
1137,1018691,3,2.5,5321,24463,3.0,0,0,3,9,4581,740,1943,0,98199,47.1819,-122.1534,3931,13049
1138,277029,4,2.0,1025,30592,1.0,0,0,4,5,477,548,1900,0,98102,47.6117,-122.1088,2240,17424
1139,1042153,5,1.5,5069,30517,1.5,0,0,3,10,5009,60,2008,0,98076,47.7597,-121.9479,4076,12468
1140,996659,6,3.5,4623,23537,2.5,0,1,2,11,3469,1154,1962,0,98017,47.5868,-121.9597,3244,25772
1141,491394,1,3.5,2625,30174,1.5,0,0,4,3,2113,512,1916,1993,98149,47.2583,-121.4888,5273,18855
1142,750822,5,3.5,3787,49894,1.5,0,0,4,3,2704,1083,1916,0,98070,47.1753,-121.9757,3935,12821
1143,434944,2,1.5,864,6427,2.0,0,0,3,11,300,564,1938,0,98047,47.7139,-121.3259,771,5931
1144,1587419,3,4.5,7309,49924,1.5,0,4,4,11,6930,379,1942,0,98165,47.1693,-122.1268,2970,26134
1145,1076726,2,2.5,5121,25249,2.0,0,2,3,9,4775,346,1975,0,98054,47.2057,-121.6686,3924,5887
1146,1362883,7,2.5,7342,9626,1.0,0,0,4,5,5877,1465,1940,2017,98015,47.5177,-121.5893,1166,31825
1147,1073957,3,3.0,5931,12333,1.0,0,0,3,6,5533,398,1914,0,98139,47.233,-121.7435,5491,35900
1148,1129326,6,2.5,5478,39629,2.0,0,0,4,9,5472,6,1900,0,98009,47.2593,-122.0595,1379,33202
1149,1321279,5,4.5,5626,39535,1.0,0,0,4,11,4212,1414,1957,2012,98196,47.1996,-122.1911,5315,22274
1150,1321650,6,4.5,5622,22525,2.5,0,1,2,10,4694,928,1953,1992,98003,47.761,-121.7749,3088,32727
1151,683075,7,2.0,2146,26515,1.0,0,0,2,10,988,1158,1995,0,98013,47.1874,-121.7096,5508,28951
1152,480775,4,4.5,1418,22881,2.0,0,0,3,3,464,954,1974,1998,98096,47.7519,-122.1909,795,34097
1153,975476,6,4.0,3297,26456,2.5,1,0,3,8,2254,1043,1904,2000,98006,47.3283,-122.0962,5946,16242
1154,1433129,6,4.5,7006,17932,1.5,0,2,3,8,6680,326,1961,0,98129,47.6751,-121.4655,5205,26770
1155,1270096,4,2.0,6370,13990,1.5,0,0,4,7,4913,1457,2014,0,98133,47.765,-121.5274,608,25264
1156,783288,3,3.5,2031,41043,1.5,0,2,3,13,1378,653,1981,0,98066,47.4635,-122.2795,5930,24017
1157,721415,4,2.0,3845,48062,2.0,0,0,3,3,2448,1397,2013,0,98096,47.6391,-121.38,1293,8042
1158,1436902,5,4.5,7449,40084,1.5,0,0,3,5,7307,142,1981,0,98112,47.2862,-121.7464,2942,28184
1159,1581721,6,1.0,7382,24400,1.0,1,0,3,6,6989,393,1986,0,98125,47.3681,-121.9039,5865,34968
1160,793851,4,3.5,2406,36580,1.5,0,0,3,12,1924,482,2015,0,98041,47.4871,-122.259,5900,16275
1161,947454,7,2.5,3586,36305,3.0,0,2,3,9,2600,986,1970,0,98178,47.6953,-121.6238,5463,1389
1162,1276442,7,2.5,5811,37331,3.0,0,2,4,7,5321,490,1945,0,98113,47.5345,-121.395,2717,13079
1163,1253811,6,3.5,6250,42509,1.5,0,0,4,4,4906,1344,1989,0,98007,47.1155,-122.4221,3747,26158
1164,976844,5,4.5,5080,33193,1.5,0,0,4,5,4130,950,1964,2006,98021,47.3133,-121.8751,2037,27801
1165,467638,2,3.5,2575,10043,3.0,0,0,4,3,2164,411,1927,0,98181,47.7055,-121.4474,5199,31933
1166,512278,5,4.5,1213,40035,1.5,0,0,3,8,860,353,2021,2021,98148,47.2682,-121.357,1780,33376
1167,482925,1,2.0,1562,23993,2.5,0,0,4,10,1131,431,1983,1993,98193,47.3575,-122.4134,633,9018
1168,479095,1,3.0,2476,11061,3.0,0,0,3,6,2474,2,1940,0,98160,47.3727,-121.5507,2026,1341
1169,498819,1,3.0,1796,35779,2.0,0,2,3,4,841,955,2011,0,98096,47.2081,-122.1623,791,27774
1170,1096559,6,1.0,5850,3525,3.0,0,1,3,6,5720,130,1922,0,98006,47.3449,-121.8502,1026,4275
1171,1475375,7,3.0,6729,32979,1.0,0,0,3,12,5631,1098,1931,1987,98041,47.6722,-121.5595,1716,20009
1172,421898,3,3.5,625,49143,2.5,0,2,3,6,300,325,1957,1984,98033,47.6944,-121.8458,3596,33540
1173,1509462,7,3.5,7455,1305,2.0,0,0,3,7,6432,1023,2001,0,98153,47.5066,-122.3679,3137,36049
1174,942915,3,4.0,5132,16863,1.5,0,0,3,5,4973,159,1938,0,98024,47.5751,-121.7914,2377,12609
1175,1366196,3,3.5,6788,10635,1.0,0,0,3,11,6772,16,1981,1993,98095,47.4742,-122.3586,842,29154
1176,1144616,7,1.5,4096,30009,1.0,1,0,3,9,2678,1418,1932,0,98140,47.131,-122.0831,2618,31340
1177,1125290,6,1.5,3783,13486,2.5,1,2,3,11,3428,355,1957,0,98165,47.5877,-121.8301,2814,28349
1178,1460522,5,3.5,6668,22770,2.0,0,2,4,9,5613,1055,1988,0,98106,47.7976,-121.3103,2883,26436
1179,887380,3,2.0,2103,14997,1.0,1,0,3,12,1215,888,1931,0,98178,47.2595,-121.6277,4578,33204
1180,264444,2,1.5,566,16091,2.0,0,0,3,6,300,266,2011,0,98009,47.7875,-122.136,3865,31908
1181,257090,7,2.5,732,4195,2.0,0,0,3,7,300,432,2013,1990,98093,47.7984,-121.4481,4599,13079
1182,646859,7,3.0,2656,5348,1.0,0,0,4,9,2047,609,1949,0,98126,47.1991,-122.2286,3488,17355
1183,579942,1,2.5,1669,47270,2.0,0,2,3,8,897,772,1950,0,98067,47.7483,-122.0392,3115,19651
1184,830214,5,4.0,2658,16320,2.5,0,4,3,11,1802,856,1991,0,98004,47.5729,-121.7236,3675,3934
1185,1281694,1,3.5,6871,4616,1.0,0,0,3,5,6076,795,1976,0,98054,47.4265,-122.0073,5387,21988
1186,1037109,7,2.5,4706,44641,2.5,0,1,3,10,3745,961,1918,0,98085,47.3413,-121.6245,503,18525
1187,745228,7,4.0,1993,4250,2.5,0,0,3,13,1192,801,1902,0,98134,47.5409,-121.7193,4561,9347
1188,1434377,3,3.5,6677,49360,2.0,0,0,4,12,6336,341,2015,0,98194,47.69,-121.6993,5019,33044
1189,1107051,5,3.5,5218,22075,2.0,0,0,3,13,4813,405,1990,0,98165,47.1239,-121.9957,5361,9021
1190,964822,4,3.0,4507,6988,1.0,0,2,3,6,3111,1396,1916,2018,98045,47.4748,-122.4338,4590,8594
1191,1440199,2,1.0,7391,20417,1.5,0,0,3,11,6082,1309,1942,0,98142,47.5552,-121.4528,1703,10632
1192,1297295,3,4.0,7238,8740,1.0,0,2,3,3,6679,559,1928,2001,98084,47.1179,-122.4112,1753,21337
1193,717733,7,2.5,2972,7186,2.5,0,0,4,7,2396,576,2012,0,98171,47.7224,-121.9432,1810,1504
1194,779751,3,5.0,3160,43753,2.0,0,0,4,6,2940,220,2007,0,98194,47.7663,-122.1377,5011,13026
1195,1148178,2,4.5,6137,20527,2.5,0,0,3,7,5991,146,1943,0,98111,47.5287,-122.1444,1414,8404
1196,897396,7,3.5,3239,48576,3.0,0,2,3,8,2239,1000,1951,2011,98135,47.1819,-122.2281,1046,11467
1197,1104116,2,2.0,5901,19775,3.0,0,0,4,3,4698,1203,2011,0,98055,47.7527,-122.174,5529,12495
1198,1600402,4,2.0,7987,21731,2.5,0,1,1,10,6667,1320,,0,98165,47.6635,-121.3536,1181,23535
1199,690987,3,2.5,2261,19944,1.5,0,0,3,13,889,1372,1927,0,98016,47.12,-121.3335,2991,38825
1200,838039,6,3.0,4014,35753,1.5,0,0,4,5,3524,490,1983,0,98017,47.5054,-121.8149,1579,9491
1201,754102,3,2.0,2475,13171,1.0,0,2,3,9,2123,352,2008,0,98071,47.1802,-121.8704,5551,27960
1202,692515,1,3.0,2862,20624,1.0,0,0,1,9,1852,1010,1933,2002,98090,47.1987,-122.442,2171,23546
1203,562615,5,1.5,1376,43721,1.0,0,2,3,11,1296,80,1979,0,98129,47.2348,-121.5355,3539,30345
1204,1454538,5,5.0,6585,28965,2.0,0,0,4,13,5716,869,2002,0,98002,47.3773,-122.2953,5335,23096
1205,1015228,1,1.5,4312,42837,1.5,0,0,2,13,3608,704,1953,0,98095,47.7135,-122.3289,3928,5440
1206,851635,7,4.5,3948,6849,2.5,0,1,3,9,3515,433,1901,0,98084,47.1218,-121.9911,2531,34412
1207,735722,5,4.5,1812,10747,3.0,0,2,4,10,666,1146,2013,0,98101,47.5824,-122.083,2570,21083
1208,518399,2,3.0,1960,5877,1.5,0,0,4,6,648,1312,1991,0,98123,47.7752,-122.384,826,25912
1209,865241,5,4.0,3209,8076,1.5,0,0,3,12,2470,739,1916,0,98161,47.5489,-122.3225,1673,20343
1210,677628,5,2.5,2824,34642,1.5,0,0,3,6,1331,1493,2011,0,98141,47.6709,-121.3092,4119,7085
1211,700825,1,3.5,2233,5935,1.0,0,0,3,12,1724,509,1983,0,98065,47.7312,-121.6182,3738,28878
1212,545068,7,2.5,2105,14428,2.0,0,0,3,10,1512,593,1917,0,98051,47.6004,-121.7817,4633,10974
1213,1208437,4,2.0,6122,47014,2.5,0,0,3,6,5210,912,2016,0,98161,47.5619,-122.1357,2967,39517
1214,1384664,5,3.5,7267,47596,1.0,0,2,4,6,6788,479,1927,0,98003,47.1126,-121.9859,5897,11242
1215,812975,6,3.0,3063,32658,2.0,0,1,3,12,2309,754,1927,0,98060,47.4632,-121.7464,2954,23643
1216,811734,5,3.5,3921,14139,1.5,0,0,1,5,2459,1462,1951,0,98172,47.4285,-121.5589,753,35413
1217,1311342,4,2.0,7486,22062,2.0,0,2,3,5,6760,726,1915,0,98122,47.4659,-121.3643,3450,1646
1218,943786,1,2.5,4017,9242,1.0,0,0,3,13,2820,1197,1932,0,98104,47.4027,-122.3528,2056,33970
1219,842833,4,1.5,2897,26079,1.5,1,0,3,6,2552,345,1984,2020,98133,47.7346,-122.27,3393,37142
1220,1173867,1,,6226,11280,1.0,0,2,4,4,5272,954,1904,0,98175,47.7223,-121.8189,1658,39461
1221,882854,2,2.0,4235,24254,2.5,0,2,3,5,4131,104,2010,0,98043,47.188,-121.3738,1080,13822
1222,995255,1,1.5,3370,43902,1.5,0,0,3,13,2583,787,1944,0,98047,47.473,-121.9569,1670,31997
1223,365528,2,1.5,1660,22392,2.0,0,1,3,4,300,1360,1936,0,98006,47.7717,-121.7393,1100,25855
1224,1480982,2,4.5,5354,17122,1.0,1,0,3,13,4037,1317,1981,0,98188,47.5191,-122.1475,4604,18562
1225,1347412,1,1.0,7542,4346,3.0,0,2,3,8,6748,794,1951,0,98164,47.6612,-121.5259,1182,10878
1226,282545,6,3.5,742,30212,2.0,0,0,3,5,350,392,1963,0,98165,47.3614,-121.7737,4830,28313
1227,878010,3,2.0,3090,16481,2.0,1,1,2,4,2895,195,1961,0,98118,47.3641,-122.0418,5958,21094
1228,550887,1,4.5,1563,2155,1.5,0,0,3,11,1142,421,1904,0,98006,47.328,-121.8489,1794,33097
1229,1107642,5,3.0,4824,19628,2.0,0,0,3,10,3944,880,2011,0,98030,47.1153,-121.6663,1111,16724
1230,691253,6,2.0,3095,45233,1.0,0,0,3,7,2878,217,2006,0,98101,47.7474,-122.2438,5189,23398
1231,548816,6,3.0,1419,22133,3.0,0,0,3,11,1267,152,1910,0,98126,47.3447,-122.0903,1714,29046
1232,1206790,5,2.5,5842,38668,2.5,0,0,3,7,5806,36,1985,0,98138,47.357,-122.1994,3977,38997
1233,353007,3,3.5,505,43409,3.0,0,3,3,7,300,205,1986,1983,98156,47.6317,-121.3478,5385,27679
1234,1695825,6,1.5,7989,35999,1.0,0,1,4,13,6618,1371,1989,0,98006,47.4688,-122.4484,5603,37817
1235,591721,2,5.0,967,37834,1.5,0,0,3,13,300,667,1990,0,98073,47.3534,-122.4323,2096,38687
1236,1216882,3,2.5,6351,28651,1.0,0,2,3,6,5158,1193,1902,0,98024,47.7185,-122.0731,3761,27666
1237,1077215,7,2.5,4670,5869,2.0,1,0,1,5,4361,309,1950,0,98052,47.6778,-121.8544,4096,29245
1238,465280,5,4.0,503,36219,1.5,0,0,3,12,300,203,2005,0,98082,47.7838,-122.1053,3047,9851
1239,1324218,3,2.5,6466,20153,2.5,0,2,4,11,6217,249,1959,0,98068,47.5487,-121.4717,4033,10995
1240,273563,1,4.5,1145,42357,2.5,0,0,3,6,300,845,1965,1991,98173,47.5831,-122.2967,1889,18634
1241,364603,3,3.0,617,36583,1.0,0,2,3,9,300,317,1956,0,98118,47.3271,-122.0624,2964,35061
1242,807350,2,4.0,3428,37088,2.0,0,1,3,7,2689,739,1916,0,98027,47.1697,-121.9145,1726,23763
1243,1111467,1,1.5,6225,47782,2.5,0,0,3,9,5057,1168,1902,0,98196,47.1741,-122.2574,3073,30884
1244,769652,4,4.5,3051,49485,3.0,0,0,3,10,2427,624,1902,2018,98013,47.5522,-122.1519,3480,34120
1245,1549466,5,4.0,6617,28222,1.5,1,0,3,10,6526,91,1939,0,98075,47.1793,-121.3631,4120,1636
1246,1482615,5,2.0,5542,1222,3.0,0,4,3,12,4338,1204,1979,0,98147,47.7346,-121.8757,1000,30911
1247,1389533,3,1.5,7217,2606,2.5,0,0,4,8,6066,1151,1975,0,98161,47.5927,-121.4564,2049,6064
1248,1278659,6,2.5,6060,42520,2.5,0,0,3,7,4759,1301,1962,0,98013,47.2583,-122.1768,3683,30079
1249,1211294,1,5.0,4789,40813,1.0,0,0,3,13,3324,1465,2017,0,98007,47.2954,-121.7652,5906,24261
1250,277325,4,2.0,1346,26263,1.0,0,0,3,4,300,1046,1950,0,98033,47.597,-121.5841,4925,9782
1251,760984,1,3.0,3262,22142,1.5,0,1,4,10,1891,1371,1900,0,98160,47.6769,-121.9941,3723,18332
1252,1160046,5,1.0,6011,16143,1.0,0,0,4,7,5437,574,1950,0,98045,47.6876,-121.7503,5976,11998
1253,1624795,1,2.5,7693,34484,2.0,0,4,3,10,7210,483,1903,0,98056,47.5207,-121.4641,5653,7419
1254,1266278,4,3.5,6054,16032,1.5,0,0,3,8,5221,833,1980,0,98046,47.2087,-122.3311,2152,36641
1255,1397070,6,5.0,6816,20605,2.0,0,0,3,10,6515,301,1982,0,98019,47.6729,-122.0743,4971,2870
1256,1375140,3,3.0,7967,14946,1.0,0,0,3,3,6732,1235,1903,0,98100,47.6542,-121.5113,2465,36397
1257,1320789,2,4.5,6264,13945,1.5,0,3,2,11,5777,487,1946,0,98162,47.6848,-122.2229,2497,16726
1258,1356572,1,3.0,6969,15240,2.5,0,0,3,11,6486,483,1938,0,98191,47.2104,-121.8327,4042,30600
1259,1055499,2,1.0,6029,25058,3.0,0,0,4,5,5382,647,1983,0,98070,47.5791,-121.9744,4371,12708
1260,487998,5,2.5,1641,22626,2.5,0,0,3,7,1091,550,1948,0,98125,47.7722,-121.7021,4898,20082
1261,1480740,3,3.5,7479,16946,2.0,0,0,3,9,7017,462,1956,0,98054,47.2792,-121.6984,4210,28266
1262,871942,7,5.0,2310,48092,2.5,0,0,3,10,937,1373,2017,0,98183,47.6017,-121.8058,5100,37874
1263,665314,3,4.5,1223,35539,2.5,0,0,4,9,921,302,2004,2019,98050,47.2812,-121.3639,3263,22348
1264,365541,1,2.0,724,27733,3.0,0,0,3,5,307,417,1938,0,98065,47.315,-122.2896,843,37603
1265,1005034,6,2.0,5127,12612,3.0,0,0,3,9,5060,67,1967,0,98045,47.4397,-121.4979,533,33108
1266,1140574,3,2.0,4708,40488,2.5,1,1,2,3,4652,56,1916,0,98030,47.7265,-121.9127,2594,37534
1267,1336273,1,4.5,6783,29838,3.0,0,0,3,7,5290,1493,1914,2004,98079,47.1271,-121.7058,5127,2642
1268,1246990,1,4.5,5154,22053,2.5,0,0,3,11,3978,1176,2018,0,98073,47.7927,-122.1715,1360,13849
1269,653331,2,4.0,2548,11110,1.5,0,0,3,4,2348,200,2004,0,98061,47.6405,-122.3865,1795,15467
1270,1145904,3,2.5,6733,49944,2.5,0,0,3,5,6135,598,1927,0,98187,47.3518,-121.5668,1957,21915
1271,1143556,1,3.0,5249,17344,1.0,0,0,3,11,4420,829,1915,0,98130,47.3479,-122.1979,3964,20690
1272,817786,2,3.0,4915,47113,3.0,0,0,3,5,3853,1062,1905,0,98158,47.4381,-122.0316,2911,15025
1273,626902,4,2.0,2073,1345,3.0,0,0,3,10,802,1271,1991,0,98174,47.7128,-122.443,1445,13893
1274,784458,7,3.0,2328,42451,2.0,1,0,2,8,1191,1137,1931,0,98068,47.1125,-121.7198,1191,24761
1275,748080,2,1.0,2417,32356,2.0,0,0,3,9,1016,1401,1980,0,98147,47.4838,-121.6751,4084,23416
1276,1067387,2,1.5,4734,11062,1.0,0,4,4,7,4600,134,1924,0,98005,47.1393,-121.418,1786,12908
1277,1608782,1,4.5,7488,41220,3.0,0,4,4,12,6626,862,1938,0,98073,47.1809,-121.4308,4818,12591
1278,751777,5,4.0,2526,13056,3.0,0,2,5,9,1753,773,1916,0,98057,47.5835,-121.6538,3456,7140
1279,1471983,5,2.5,6902,44579,2.0,0,0,3,12,5953,949,1945,0,98191,47.264,-122.1134,1005,35173
1280,1330257,6,3.0,4244,44769,2.0,1,0,3,13,3098,1146,1978,0,98052,47.1291,-122.0504,1323,11989
1281,719168,5,2.5,1401,11739,2.5,0,2,3,12,807,594,2015,0,98113,47.215,-122.042,2313,31758
1282,892316,2,4.0,5285,8531,3.0,0,0,3,5,5073,212,1952,0,98059,47.246,-122.3444,1027,34754
1283,798216,6,4.0,2539,31456,3.0,0,0,2,13,1753,786,2013,0,98060,47.6388,-121.3633,3849,19207
1284,241260,1,4.0,509,48530,2.5,0,0,3,7,300,209,1950,0,98123,47.5374,-121.5182,616,18495
1285,272965,3,4.0,760,27916,3.0,0,0,3,8,300,460,1917,0,98080,47.6146,-122.3257,1249,25208
1286,1443043,7,2.0,6538,29849,1.0,0,2,3,11,5240,1298,2009,0,98123,47.3589,-121.3642,501,4526
1287,627323,7,2.5,2173,48011,2.0,0,1,4,6,914,1259,1919,0,98084,47.1792,-121.4881,4665,7639
1288,654508,2,3.0,2719,7100,2.0,0,1,3,10,2549,170,1986,0,98148,47.6637,-121.3974,4789,3323
1289,1378186,2,2.5,7541,4650,2.0,0,2,3,10,7122,419,1904,1993,98103,47.1983,-122.1572,4228,4546
1290,853822,6,4.0,2560,37539,1.5,0,0,3,12,1440,1120,1961,0,98161,47.3679,-122.0973,505,37140
1291,1206346,1,2.5,5787,31480,1.0,0,1,4,8,4964,823,2002,0,98140,47.2836,-121.9361,1908,34225
1292,832158,4,1.5,4213,4672,1.0,0,0,3,10,4193,20,1911,0,98149,47.3076,-122.231,1735,1965
1293,582316,2,2.5,2119,44489,2.5,0,0,3,7,1830,289,1980,0,98056,47.5213,-121.9415,4220,29575
1294,252745,4,5.0,820,30230,1.5,0,0,3,3,300,520,1929,0,98120,47.215,-122.489,1043,16604
1295,597149,4,2.0,1842,49048,3.0,0,1,4,6,737,1105,1982,0,98151,47.4121,-121.447,1668,28898
1296,1450907,5,3.5,6232,13513,1.0,0,4,3,13,6126,106,1995,0,98148,47.5471,-122.3052,4074,14355
1297,675390,1,2.5,2876,19198,1.5,0,0,5,8,2188,688,1915,0,98049,47.7082,-121.899,4644,18725
1298,856967,7,1.5,3332,44991,1.5,0,0,3,11,2388,944,1901,2016,98175,47.3599,-121.3854,4736,5203
1299,762202,7,3.0,3324,27320,1.0,0,0,3,6,3039,285,1975,0,98070,47.3231,-121.5148,4084,3386
1300,721905,4,4.0,2494,14636,2.5,0,0,4,8,1874,620,2012,0,98045,47.3575,-121.5687,5472,28413
1301,1033045,7,3.0,3458,42801,1.5,0,0,3,12,2676,782,2016,1986,98163,47.4506,-121.7735,4121,35210
1302,1351804,1,4.5,6539,43986,2.0,0,2,3,13,5185,1354,1902,0,98072,47.3192,-121.9765,537,33828
1303,515750,5,2.0,2538,33078,1.5,0,0,3,7,1811,727,1907,0,98120,47.2753,-121.9648,3095,38425
1304,1008136,1,1.5,3990,36052,3.0,0,0,4,11,3163,827,1936,1981,98120,47.3627,-122.3956,1110,39987
1305,993861,2,4.5,4177,33294,1.0,0,1,3,12,4046,131,1952,0,98155,47.6445,-122.4223,3341,29324
1306,577757,4,2.5,1618,42238,3.0,0,0,3,8,1280,338,1954,0,98047,47.277,-121.4879,803,9035
1307,447498,1,3.5,2104,18046,2.5,0,0,2,5,1884,220,1987,0,98032,47.6912,-122.0096,3412,18638
1308,1274284,7,4.0,6961,20983,2.0,0,1,4,4,6180,781,1948,0,98029,47.2996,-122.4352,667,17219
1309,987671,3,2.5,4527,16264,1.0,0,1,3,5,3679,848,2016,0,98199,47.5222,-121.7043,1706,29426
1310,534756,1,4.0,735,21530,1.5,1,0,3,8,659,76,1988,1986,98053,47.7797,-121.68,2951,1335
1311,693838,4,1.5,2469,25113,2.0,0,0,3,12,1865,604,1958,0,98093,47.7663,-122.2271,1776,7581
1312,1250984,5,2.0,4929,3383,1.5,1,0,3,10,4338,591,1959,0,98184,47.4042,-122.0071,5107,29667
1313,578905,7,1.5,2408,33157,2.5,0,0,4,10,2359,49,1988,2010,98043,47.1473,-121.8119,4506,4138
1314,391882,5,,875,6729,1.0,0,0,3,7,300,575,1977,1985,98100,47.7318,-121.7845,3023,3517
1315,836136,4,2.0,4030,21967,2.5,0,0,4,3,2664,1366,2018,2016,98112,47.1888,-121.8867,3920,28705
1316,1123684,7,4.0,5756,47114,2.5,0,2,3,3,5425,331,1945,0,98132,47.7465,-122.063,1613,29622
1317,780697,2,5.0,3135,33243,2.5,0,0,3,9,1818,1317,1999,0,98192,47.6128,-122.4174,4539,11435
1318,553497,7,3.0,2070,9827,2.5,0,0,4,4,895,1175,1962,0,98091,47.754,-122.4733,4689,30020
1319,740519,2,3.0,3060,37282,1.5,0,0,3,6,1942,1118,1978,0,98151,47.5658,-121.9486,1383,14523
1320,1214462,5,3.0,5915,24676,3.0,0,0,3,12,5238,677,1931,2006,98060,47.7966,-122.2565,5932,4456
1321,881017,5,2.5,3891,29783,1.5,0,0,4,7,2896,995,1965,0,98030,47.4269,-121.3738,4660,10486
1322,1000586,4,3.0,3465,14475,2.0,0,2,3,10,2061,1404,1984,0,98043,47.3307,-121.7315,1935,13376
1323,884620,2,3.5,4143,49285,2.5,0,0,1,12,3186,957,1903,0,98048,47.3753,-121.7974,2268,2292
1324,1558268,5,5.0,6451,1693,2.0,1,0,4,11,4988,1463,1928,1991,98007,47.3452,-122.0121,3492,5631
1325,1155746,2,5.0,5968,7947,1.5,0,0,3,3,5648,320,1948,0,98087,47.3806,-122.1046,3208,39305
1326,1145469,5,4.5,4350,17956,2.5,0,0,3,11,3237,1113,1992,0,98031,47.7196,-122.2842,4040,11634
1327,501817,7,4.5,1372,8072,1.5,0,0,3,7,844,528,1922,0,98118,47.5144,-122.4278,3966,31180
1328,497333,1,3.0,1752,29256,2.5,0,0,3,6,885,867,1902,0,98019,47.608,-121.7386,1102,39936
1329,1472295,3,3.5,6913,46441,1.5,0,0,3,12,6173,740,1953,2004,98052,47.3015,-121.565,2560,30800
1330,1333989,7,4.5,6447,23539,1.0,0,0,3,7,5141,1306,1920,0,98068,47.7929,-121.4707,1435,6535
1331,1651010,6,2.5,7441,17002,3.0,0,4,3,11,6073,1368,1979,0,98134,47.2965,-121.6308,3665,6184
1332,605012,1,5.0,1814,7790,3.0,0,0,4,10,558,1256,1943,0,98122,47.2113,-121.4237,5046,32400
1333,1180347,6,2.5,5320,18324,2.5,0,0,3,12,3945,1375,1919,0,98060,47.6447,-121.3206,2083,15794
1334,1434182,5,3.5,7832,39918,1.0,0,0,3,7,7117,715,1998,0,98093,47.6874,-121.346,5578,38909
1335,1454200,3,4.0,6648,49827,2.0,0,0,4,13,6216,432,1956,0,98118,47.3757,-121.7893,5074,37427
1336,868812,3,5.0,3398,29784,1.0,0,0,3,12,2061,1337,1968,0,98140,47.4788,-122.231,1145,8808
1337,379167,5,,577,25591,2.5,0,0,3,7,300,277,2011,0,98166,47.3899,-122.3724,1854,30711
1338,656338,5,4.0,3121,39460,1.0,0,0,3,3,2742,379,1989,2015,98141,47.3057,-121.3073,4504,11127
1339,1273206,2,3.0,4727,6599,2.0,1,1,3,11,4471,256,1970,0,98028,47.6694,-122.1299,1145,7786
1340,309031,5,2.0,1100,18563,2.5,0,0,3,5,704,396,1951,0,98005,47.6299,-122.4592,1157,6884
1341,1185897,4,,6368,24234,3.0,0,3,3,3,5580,788,1979,1999,98174,47.4397,-122.0307,5556,20195
1342,451040,5,3.0,1565,48011,1.0,0,1,3,7,1309,256,1916,0,98046,47.4189,-121.6023,1733,5322
1343,770675,4,3.5,2636,29283,3.0,0,0,3,12,1664,972,1965,0,98081,47.2261,-121.431,2046,13574
1344,803241,5,2.5,2949,10775,3.0,1,0,4,5,2791,158,1911,0,98155,47.5461,-121.9269,2744,37386
1345,937595,2,3.0,2843,19160,1.5,1,0,4,8,2015,828,1957,0,98154,47.7466,-122.1472,3637,23645
1346,721789,4,3.5,2363,36060,2.0,0,0,3,9,1381,982,1976,0,98062,47.6032,-121.5659,1302,2392
1347,531315,1,2.5,1818,27471,1.0,0,0,2,13,1616,202,1904,0,98196,47.4544,-121.8955,1749,35781
1348,1085517,4,2.0,5211,25815,3.0,0,0,3,6,3775,1436,1979,0,98072,47.1271,-122.3968,861,13248
1349,1033296,7,5.0,4097,48805,3.0,0,3,4,6,3410,687,1991,0,98090,47.7512,-121.4347,3061,39422
1350,1507059,2,3.0,7443,47229,2.0,1,0,4,4,7362,81,1971,0,98097,47.3156,-121.713,3815,4664
1351,793095,6,4.0,4262,42797,3.0,0,0,3,4,2793,1469,1955,2021,98128,47.31,-122.4558,3199,1064
1352,1479897,4,2.5,7065,14128,3.0,0,0,3,9,6017,1048,1991,0,98140,47.4287,-122.4891,1506,7864
1353,1496489,7,2.5,6484,34635,3.0,0,0,4,13,5555,929,1945,0,98180,47.4004,-122.3947,2326,37725
1354,1225013,7,2.5,5642,13136,3.0,0,2,3,7,5625,17,1971,0,98165,47.7736,-121.5137,4432,8161
1355,1304858,7,2.5,5170,8755,1.5,1,0,4,7,4210,960,1992,0,98153,47.2155,-121.9224,2910,36948
1356,566943,5,3.0,2690,19245,1.5,0,0,2,4,1804,886,2020,1992,98039,47.5824,-122.0976,4711,5350
1357,573809,7,3.0,1492,39926,2.5,0,2,4,9,353,1139,1917,0,98195,47.1747,-122.2008,5166,19494
1358,828579,5,3.0,3212,3445,1.0,0,2,3,4,2040,1172,2015,0,98147,47.2938,-121.8918,4756,24185
1359,674202,6,1.5,2692,25641,2.0,0,1,3,7,1343,1349,1943,0,98071,47.6055,-122.4004,2729,1122
1360,548698,2,3.0,1748,11193,2.5,0,2,3,7,1728,20,1942,0,98077,47.6628,-121.7594,5210,26108
1361,982326,3,1.5,3554,3621,1.5,1,0,4,5,2558,996,1979,0,98024,47.4282,-122.0434,4882,35606
1362,1253480,5,1.5,5098,10498,1.5,1,0,2,4,3927,1171,1989,0,98179,47.6525,-121.4699,5126,37253
1363,921568,7,4.5,4533,27832,1.5,0,0,3,5,3896,637,1985,2014,98045,47.7546,-121.5947,4876,13230
1364,870909,7,3.5,2497,14354,2.5,0,0,2,13,1561,936,1978,0,98008,47.7551,-122.478,2142,34300
1365,1067116,1,3.5,5416,10797,1.5,0,0,4,7,4681,735,1976,0,98173,47.3397,-122.3002,1202,20054
1366,925564,7,2.5,4187,38821,2.5,0,2,3,8,3555,632,1921,0,98130,47.3185,-121.9312,3990,20825
1367,631506,2,4.5,2651,33445,1.5,0,0,3,6,2012,639,1959,0,98158,47.6085,-121.7096,5160,36424
1368,1143536,4,3.5,4518,27776,3.0,0,3,3,9,4073,445,1984,0,98067,47.5579,-121.6418,4126,29021
1369,766916,4,4.0,3610,4445,3.0,0,0,3,4,3324,286,1962,1986,98173,47.3746,-121.5205,3106,14698
1370,643469,7,2.5,2470,6488,1.0,0,0,3,8,1603,867,2013,1994,98154,47.2601,-122.4409,1581,13320
1371,355832,1,5.0,697,17122,1.5,0,0,3,11,300,397,1923,0,98017,47.5329,-122.4778,1757,25757
1372,1550151,5,4.5,6265,5843,1.0,0,0,4,12,4917,1348,1964,0,98038,47.4012,-121.7794,2507,38154
1373,724868,2,4.5,3126,24687,2.5,0,0,2,7,2927,199,1928,0,98067,47.1925,-121.6314,630,27883
1374,1234394,1,1.5,7034,34819,1.0,0,0,3,6,6250,784,1900,2019,98057,47.5475,-121.556,2571,14089
1375,491866,5,2.0,1702,29778,1.5,0,0,4,11,1555,147,1900,0,98161,47.5884,-122.3131,3161,21262
1376,1504573,2,2.0,7197,27438,2.5,0,4,4,8,6831,366,1972,0,98094,47.355,-121.3375,2513,26301
1377,1075148,7,2.0,6067,7015,2.5,0,0,4,6,5847,220,1920,0,98072,47.6824,-122.2247,2698,37640
1378,1402286,4,4.5,7682,8515,3.0,0,0,3,3,7455,227,1977,0,98094,47.1516,-122.1996,4494,3250
1379,1254025,2,1.0,6242,33185,2.5,0,0,3,11,5937,305,1927,2017,98064,47.4471,-122.3149,1202,16368
1380,1318589,7,1.5,6288,30853,2.5,0,0,3,12,6110,178,1917,0,98023,47.7694,-122.4481,622,4689
1381,1329570,6,2.0,5908,14698,1.0,0,1,3,5,4409,1499,1996,0,98012,47.2333,-121.5283,4869,27482
1382,688523,3,2.0,2535,36770,2.5,0,1,3,8,1568,967,1951,0,98103,47.2206,-122.4932,4763,10307
1383,365324,2,2.0,977,25644,2.0,0,3,4,3,561,416,2006,0,98008,47.3651,-121.9435,5861,18693
1384,442195,3,4.0,1754,49104,3.0,0,0,2,8,1145,609,1965,0,98038,47.2877,-122.3896,3129,19800
1385,544946,2,3.5,1422,27210,3.0,0,0,3,5,795,627,2014,0,98033,47.2551,-122.4462,869,27923
1386,350229,3,1.0,919,40095,2.5,0,2,3,5,797,122,1997,1991,98176,47.7649,-121.3784,4868,35115
1387,918586,6,2.5,2704,32768,1.0,0,4,3,13,2420,284,1987,0,98097,47.3414,-121.5095,3550,38432
1388,775587,4,2.5,3097,31152,3.0,0,4,3,9,2391,706,1961,2016,98045,47.1419,-122.0261,3240,1428
1389,557912,5,1.5,1620,8470,3.0,0,1,3,13,1618,2,1918,0,98075,47.7298,-121.9497,1971,36831
1390,809550,3,3.5,3568,40541,2.0,0,0,3,11,2809,759,1901,0,98151,47.4138,-121.4583,2670,35019
1391,1567476,6,4.0,7640,23696,2.5,0,0,3,8,7379,261,1969,0,98107,47.6152,-121.5438,2800,28334
1392,464436,3,4.0,1450,3547,3.0,0,2,4,3,300,1150,1954,0,98115,47.3571,-121.6701,4391,37625
1393,843031,4,4.0,2836,23368,3.0,0,2,3,11,2505,331,1978,0,98043,47.7546,-121.8561,3396,12436
1394,1141270,3,1.0,5873,28652,3.0,0,1,4,7,4909,964,1956,0,98025,47.3015,-121.7706,4620,6680
1395,648042,6,5.0,2743,40078,3.0,0,0,3,4,2483,260,1910,1983,98015,47.5639,-122.028,4127,30710
1396,692763,7,4.5,3145,14435,1.0,0,0,4,5,2119,1026,2021,0,98010,47.677,-121.8663,2001,3734
1397,934510,6,4.5,2357,44845,1.5,1,0,3,13,1586,771,1915,0,98148,47.2666,-121.8524,990,9825
1398,1244385,1,1.0,5112,19759,2.0,1,0,4,7,4666,446,2015,0,98016,47.6611,-121.4622,1051,4517
1399,1244267,4,4.5,6254,49235,1.0,0,0,3,4,5015,1239,1984,0,98099,47.6546,-122.2376,3059,5563
1400,693824,7,4.0,2365,11722,2.0,0,3,3,5,1593,772,1961,0,98125,47.775,-122.2041,5316,16446
1401,843348,1,4.5,3412,29055,3.0,0,0,3,10,2934,478,1926,2019,98098,47.746,-122.2469,3512,25553
1402,1087688,4,1.5,5737,37146,2.0,0,0,3,8,5169,568,1921,2008,98057,47.372,-121.805,543,21306
1403,698848,7,4.0,3353,4810,2.5,0,0,3,4,2487,866,1902,0,98046,47.5134,-121.6658,1955,38432
1404,1187327,3,5.0,6528,2306,2.5,0,0,4,4,5934,594,1902,0,98111,47.7477,-122.2138,4012,3464
1405,1516461,7,3.5,7826,29839,1.5,0,0,3,3,7387,439,2014,2000,98124,47.1031,-121.6876,2845,19913
1406,1185282,6,3.5,5410,13127,1.5,0,3,3,9,5211,199,1920,0,98129,47.5391,-121.7463,1501,16951
1407,1347107,1,5.0,6871,44662,2.0,0,0,3,8,6204,667,1942,2000,98025,47.2508,-122.1147,4246,30089
1408,1324657,3,3.0,6496,22421,1.0,0,0,1,8,5563,933,1969,0,98056,47.6171,-122.2242,1662,33157
1409,1404818,6,3.5,6859,27183,1.0,0,1,3,7,6581,278,1988,2003,98046,47.6575,-121.4418,2831,14839
1410,1404430,4,3.0,7591,11695,3.0,0,0,3,5,6433,1158,2004,1984,98187,47.5991,-121.8164,3743,28623
1411,1314059,7,4.5,6658,19342,1.0,0,0,4,10,6365,293,1936,0,98190,47.7973,-121.6553,1651,30497
1412,991323,6,1.5,3728,39109,1.5,1,0,2,5,3524,204,1993,0,98189,47.4355,-121.3896,3957,34136
1413,996093,3,3.0,4219,3391,1.0,0,0,4,7,3343,876,1955,0,98008,47.4929,-122.2535,3164,14314
1414,1763919,1,3.5,7928,31373,3.0,1,0,3,10,7844,84,1938,0,98041,47.3863,-122.0793,2068,18694
1415,634341,1,4.0,3728,45033,2.5,0,0,4,5,3436,292,1919,0,98143,47.7818,-121.9787,5271,6890
1416,1447847,7,3.5,6690,19463,1.0,0,2,3,7,6301,389,1964,0,98044,47.7459,-122.2205,3965,18573
1417,899905,6,4.5,2871,18657,1.0,0,0,4,13,1710,1161,1934,2017,98082,47.7906,-121.4915,2479,2885
1418,712342,3,5.0,3391,31662,1.5,0,0,3,8,2981,410,1942,0,98129,47.7894,-122.3999,2208,33069
1419,727017,2,1.5,4256,15844,2.0,0,0,3,3,3748,508,1989,0,98111,47.7268,-122.213,5702,28468
1420,871573,4,2.5,4725,42052,2.5,0,0,3,4,3484,1241,1920,2018,98193,47.7516,-122.2708,5421,10524
1421,253204,4,1.0,594,12437,2.0,0,0,3,9,300,294,1909,0,98117,47.1839,-121.3559,3440,3337
1422,965673,3,2.5,3174,30983,3.0,0,2,2,11,2094,1080,1944,2010,98162,47.2215,-121.7472,2894,34655
1423,1547378,2,3.0,7398,40724,3.0,0,0,3,12,7307,91,1992,2001,98132,47.7196,-121.6405,1046,9648
1424,571483,1,4.5,2455,45299,2.0,0,0,3,6,1672,783,1902,0,98081,47.6088,-122.3699,4830,17160
1425,1699681,7,4.5,7959,16990,1.5,0,3,4,7,6566,1393,1942,0,98130,47.7125,-122.2672,5141,38914
1426,552547,5,1.5,1293,30941,1.5,0,0,5,6,723,570,1951,0,98167,47.639,-121.5281,3253,38231
1427,729866,5,1.5,2334,32269,1.5,0,0,3,13,899,1435,1940,0,98182,47.1977,-121.8187,3501,39856
1428,1449334,7,3.5,7950,13349,2.5,0,0,3,5,7180,770,2020,0,98138,47.7416,-122.4459,5500,31756
1429,845874,3,3.0,2616,34927,3.0,0,0,3,12,2424,192,2006,0,98042,47.6399,-121.8212,716,27921
1430,1182431,2,2.0,6279,49530,3.0,0,0,4,4,5139,1140,1940,0,98045,47.4996,-121.9295,5152,24311
1431,955695,2,4.5,4606,30373,3.0,0,0,4,5,3900,706,1976,1983,98101,47.4727,-122.3156,2384,24539
1432,729307,4,4.5,3825,18589,2.5,0,0,4,4,3156,669,1908,0,98154,47.5017,-121.7885,746,29357
1433,1334227,1,2.5,6461,21981,3.0,0,0,4,10,5163,1298,1945,0,98027,47.3733,-122.2914,1007,17222
1434,692979,6,4.5,3419,14256,2.0,0,1,4,3,2043,1376,1915,0,98167,47.6623,-121.5263,4737,30183
1435,809240,2,2.5,3097,19446,1.0,0,0,5,7,2194,903,2012,0,98153,47.7363,-121.7578,5799,11829
1436,757897,7,4.0,3705,2816,2.5,0,0,3,3,2236,1469,2020,0,98029,47.277,-121.4544,1758,1154
1437,1038671,6,3.0,5307,36007,1.0,0,0,4,7,4248,1059,,2009,98110,47.1266,-121.9904,5155,38610
1438,1248160,5,1.5,6666,37235,2.0,0,0,4,5,6043,623,1927,0,98022,47.242,-121.8857,5861,9965
1439,432409,6,4.5,1314,17962,1.5,0,0,3,11,574,740,1927,0,98115,47.6301,-121.5873,1766,12725
1440,272799,1,3.0,845,1202,1.5,0,0,2,3,649,196,1974,0,98090,47.7079,-121.8445,2324,19425
1441,878049,7,4.0,2849,2111,1.5,0,0,3,12,2560,289,2007,0,98188,47.344,-121.8136,2422,5178
1442,224189,1,2.5,862,32764,2.5,0,0,4,3,300,562,1993,0,98090,47.2067,-121.836,1762,24671
1443,768303,6,1.0,2943,22919,1.5,0,0,3,10,1509,1434,1910,0,98180,47.701,-121.9104,3751,38036
1444,823135,3,1.5,2765,44621,2.5,1,1,3,5,1319,1446,1928,2006,98085,47.2503,-121.5332,5911,16799
1445,822636,2,3.0,2688,40531,2.5,0,0,4,13,1426,1262,2013,0,98149,47.2693,-121.9177,5283,37263
1446,955591,7,4.0,3505,47386,1.0,0,3,3,9,2184,1321,1955,0,98106,47.1648,-121.419,2205,5098
1447,984682,3,2.5,3781,35139,1.5,0,2,4,12,2716,1065,2020,0,98136,47.7372,-121.5297,3987,20630
1448,697028,6,4.0,1484,12605,3.0,0,4,4,7,474,1010,1975,2007,98117,47.3287,-121.6691,5079,38467
1449,1386334,2,4.0,7636,32993,1.5,0,2,4,4,7549,87,1971,0,98066,47.2203,-121.4216,3998,16856
1450,609912,4,4.0,2139,48402,1.5,0,0,3,13,1964,175,1956,0,98113,47.7676,-121.8555,2007,24959
1451,510369,3,3.0,1327,42430,1.5,0,0,4,9,401,926,1952,0,98018,47.3349,-121.5138,4991,3590
1452,857248,3,4.5,3230,37640,3.0,0,0,3,9,2953,277,1973,0,98081,47.6232,-122.2098,966,10518
1453,810681,6,3.0,4031,40558,3.0,0,1,3,5,2665,1366,2018,1990,98143,47.2613,-122.4124,1458,27475
1454,1508575,5,3.0,7647,26867,2.5,0,0,3,8,6327,1320,1958,0,98003,47.6088,-121.678,731,35359
1455,1059801,6,2.0,4951,38138,3.0,0,0,3,7,3648,1303,1934,0,98085,47.2625,-122.1381,2288,9965
1456,1280805,3,2.0,7651,40726,2.5,0,0,5,3,7228,423,1951,0,98083,47.5464,-121.7385,1085,8296
1457,1210944,2,1.0,5943,41948,1.0,1,0,3,3,4504,1439,1935,1999,98059,47.4086,-122.4071,2900,18409
1458,1458576,5,3.5,7800,22236,2.5,0,0,4,4,7768,32,1976,0,98183,47.6591,-121.3532,3490,26935
1459,807041,6,2.0,3435,21853,1.5,0,0,3,9,2384,1051,1957,0,98122,47.6112,-121.8819,598,11089
1460,992609,7,2.0,4376,19495,2.0,0,1,3,5,4168,208,2015,0,98160,47.7548,-122.4886,5124,21160
1461,1373962,6,4.0,6459,11225,2.0,0,2,3,11,5858,601,1990,0,98011,47.3636,-121.9287,2410,10852
1462,292473,3,2.5,626,41781,1.5,0,2,3,5,379,247,2003,0,98181,47.628,-121.5523,1726,15401
1463,986253,3,2.0,3677,12800,2.5,0,1,4,12,2276,1401,1901,0,98157,47.7782,-121.4617,1687,8496
1464,722415,4,1.5,3556,47300,1.5,0,0,4,6,2710,846,1927,0,98067,47.3354,-121.9465,1048,26351
1465,731661,6,4.0,1103,24238,3.0,0,3,3,13,300,803,1997,0,98132,47.303,-122.3489,786,10435
1466,848468,3,1.5,3949,28572,2.5,0,0,4,10,3160,789,1984,0,98137,47.6383,-121.4126,2518,7018
1467,1323579,7,3.0,6524,10694,1.5,0,2,3,6,6507,17,1969,0,98057,47.4119,-121.3226,5263,17553
1468,1075125,1,3.0,5609,45708,3.0,0,0,2,9,5397,212,1962,0,98166,47.3791,-122.4242,4660,32180
1469,1288054,5,3.5,4646,34001,3.0,1,0,3,13,4133,513,1951,0,98007,47.4819,-122.4063,2706,3476
1470,1377550,1,3.5,7696,22029,2.5,0,1,3,7,6579,1117,1959,0,98193,47.7549,-121.8213,2663,8514
1471,1233817,5,4.0,4033,15949,1.0,1,0,5,8,3177,856,2002,0,98163,47.1587,-121.8593,3611,12222
1472,875097,7,1.0,3867,26955,1.0,0,0,2,10,2946,921,1989,0,98175,47.426,-121.7936,5454,33874
1473,762682,6,2.0,3868,8572,3.0,0,0,3,6,3062,806,1935,0,98034,47.1771,-122.1195,2830,3364
1474,982970,4,2.0,4297,20304,1.0,0,0,3,8,3257,1040,2003,0,98063,47.7185,-122.4396,2224,38084
1475,1539037,3,1.5,7422,36374,3.0,0,0,3,12,6160,1262,1981,0,98009,47.1957,-121.8036,5444,12111
1476,1159258,3,2.0,6026,27544,1.0,0,0,3,4,5499,527,1961,0,98090,47.1628,-122.3183,999,3144
1477,704885,3,2.0,2292,39756,3.0,0,0,3,11,2116,176,2005,0,98019,47.7746,-122.0905,2188,26325
1478,921443,6,3.0,3361,28492,3.0,0,0,4,11,2207,1154,2015,0,98154,47.4943,-121.8011,4177,9151
1479,1195310,5,3.5,6232,41541,3.0,0,0,3,12,5935,297,1942,0,98174,47.6781,-122.2498,859,10149
1480,896918,7,2.5,3976,13497,3.0,0,0,3,12,2890,1086,1938,0,98056,47.4292,-121.849,5634,1909
1481,833895,3,4.0,3917,4710,2.0,0,0,3,8,2920,997,1904,0,98010,47.4049,-121.6423,2413,26452
1482,572541,1,2.5,2145,31209,1.0,0,0,1,8,1349,796,1989,0,98120,47.7381,-122.4211,4742,32276
1483,1492590,3,2.0,7063,47571,3.0,0,0,4,12,5910,1153,1974,0,98171,47.7929,-121.7566,4663,28161
1484,638000,6,3.0,1705,22449,1.5,0,0,2,9,1343,362,1949,0,98158,47.533,-121.8887,4738,21207
1485,796785,7,1.0,3530,14872,2.5,0,4,1,6,2915,615,1915,0,98040,47.7427,-122.3831,3566,27585
1486,773551,4,1.5,3372,28067,1.5,0,2,3,9,2079,1293,1982,0,98183,47.7039,-121.6524,3800,1590
1487,933431,7,2.5,3572,46320,1.5,0,1,4,12,3305,267,1951,1990,98186,47.4808,-122.1269,2306,30278
1488,493764,1,5.0,2354,9245,2.0,0,0,4,3,1855,499,1968,0,98031,47.7588,-122.2812,4074,22569
1489,1124115,3,4.0,4521,33809,1.0,0,0,3,9,3608,913,1970,1987,98047,47.247,-122.1611,1108,12413
1490,896882,3,1.5,5162,37017,2.0,0,0,3,3,4946,216,1902,0,98037,47.7194,-121.8446,1220,4496
1491,1462308,2,4.5,7014,47898,1.0,0,0,3,13,5634,1380,1988,0,98185,47.3165,-121.8039,558,7370
1492,1136803,5,4.0,5531,6742,3.0,0,2,4,10,4886,645,1909,0,98079,47.1214,-122.2964,2092,21127
1493,1298984,1,3.5,6530,39864,2.0,0,0,3,12,5526,1004,1950,0,98185,47.651,-121.376,5289,20234
1494,803366,2,4.5,3208,18387,2.5,0,0,3,8,1899,1309,1968,2017,98099,47.751,-122.1053,2331,13910
1495,746223,7,2.5,4002,26863,1.0,0,0,3,3,3457,545,1931,0,98131,47.2517,-122.1781,3671,10285
1496,1567294,4,2.0,7612,5646,2.0,0,0,3,13,6890,722,1995,0,98157,47.4739,-122.2759,768,3801
1497,370841,5,3.0,1832,32358,2.5,0,0,3,3,397,1435,1904,0,98045,47.6245,-122.3554,3339,12211
1498,1427188,1,3.0,7804,14590,1.5,0,0,3,6,6837,967,2018,0,98087,47.3321,-121.3215,4944,14831
1499,346158,3,3.0,701,39456,3.0,0,0,3,9,300,401,2017,1992,98073,47.2028,-121.6903,996,30492
1500,905645,7,3.5,4007,36881,3.0,0,0,3,7,3315,692,1942,0,98002,47.3746,-121.5556,5675,5117
1501,1364781,1,5.0,6956,1876,1.5,0,0,3,7,6173,783,1982,0,98143,47.4196,-122.0182,4897,19061
1502,1028479,3,4.5,4712,45817,2.0,0,1,2,10,3791,921,1911,0,98146,47.6196,-122.0025,4466,23216
1503,1163037,5,4.5,5532,20505,1.5,0,1,3,4,4060,1472,1930,0,98157,47.2391,-121.3157,1269,38775
1504,487446,3,4.0,1074,1601,2.5,0,1,4,6,300,774,1980,0,98040,47.6706,-122.2592,3369,26629
1505,1192022,4,5.0,6887,37431,1.0,0,0,2,6,6861,26,1921,0,98003,47.4515,-122.1077,1091,4691
1506,542695,7,1.5,1036,22436,2.0,0,0,3,13,300,736,1958,0,98058,47.7327,-122.2658,3047,25589
1507,721055,6,2.0,2125,49941,1.0,0,3,4,10,965,1160,2017,1991,98071,47.4961,-122.1609,5453,34892
1508,622572,3,3.0,2622,30640,1.5,0,0,3,8,2361,261,1951,0,98094,47.4128,-121.7037,4784,17638
1509,533628,4,4.5,885,12013,3.0,0,0,3,12,300,585,1946,0,98166,47.3008,-122.1293,1885,24173
1510,935441,6,3.0,3781,27057,1.0,0,0,2,11,3093,688,2013,0,98157,47.1744,-121.4494,1719,36340
1511,557140,7,4.0,974,21438,1.0,0,0,3,12,453,521,2004,0,98159,47.3602,-122.4416,2168,15003
1512,493733,5,1.5,917,39213,3.0,0,0,3,11,300,617,1985,2010,98126,47.3895,-122.0743,4743,38363
1513,1359534,5,2.0,6990,39796,1.0,0,1,3,6,5857,1133,1948,0,98193,47.4978,-121.4672,2203,17877
1514,1060997,7,4.0,4100,29296,1.0,0,0,4,12,2644,1456,1955,0,98105,47.7019,-121.7543,592,28867
1515,1517575,7,1.5,7283,35213,3.0,0,0,4,9,6660,623,1989,2020,98043,47.4247,-121.5748,4044,17464
1516,1008283,1,2.5,5534,25351,3.0,0,0,3,5,5268,266,1930,0,98155,47.32,-122.1116,5189,9137
1517,486216,4,2.0,1454,24439,1.5,0,0,4,8,677,777,2018,0,98155,47.7113,-122.0568,1929,34996
1518,1158055,4,2.5,5471,36935,1.5,0,0,3,3,4804,667,1958,0,98118,47.6137,-121.4341,5435,37330
1519,1118036,7,4.0,5358,2667,1.0,0,0,3,7,4122,1236,2006,0,98069,47.3149,-121.6005,4251,9416
1520,1236122,2,2.5,5798,47262,2.0,0,0,3,8,4466,1332,1969,2010,98003,47.2169,-122.0389,1442,13102
1521,520519,2,3.0,1705,7962,1.5,0,1,3,7,1652,53,1975,0,98157,47.3037,-122.2416,3568,25164
1522,1206839,6,1.5,5259,41190,1.5,0,0,3,9,4486,773,1942,2014,98103,47.1865,-122.3725,957,1836
1523,941370,6,4.0,4620,12004,2.0,0,0,3,6,4226,394,1990,0,98141,47.7324,-121.4658,4804,32629
1524,636840,2,2.5,2490,44397,2.0,0,0,3,7,1979,511,1980,0,98097,47.5282,-121.6628,5153,35546
1525,1447955,7,3.5,5799,43755,3.0,1,0,4,6,4999,800,1973,0,98060,47.7045,-121.7712,3939,16486
1526,1279501,7,4.0,5305,7399,1.5,0,0,2,11,4981,324,2008,1985,98084,47.6743,-121.5681,3783,20668
1527,727237,6,2.0,4072,24156,2.5,0,0,3,4,3977,95,1904,0,98067,47.2073,-121.402,1808,22709
1528,1203610,3,4.5,6475,26454,2.5,0,2,3,3,6302,173,1903,2000,98198,47.4101,-121.5861,5625,24130
1529,1126992,7,3.5,5780,43887,1.0,0,0,2,6,5437,343,2002,0,98107,47.7804,-121.9952,1671,5837
1530,1239057,2,2.5,6820,45860,1.5,0,0,4,8,6616,204,1914,0,98081,47.2637,-122.2882,5592,32479
1531,995587,4,1.5,4880,12221,2.5,0,0,5,12,4826,54,1901,0,98123,47.1352,-121.6434,3014,9987
1532,1046802,7,5.0,4658,28953,1.5,0,1,4,10,3949,709,1948,0,98047,47.3422,-122.2039,2366,27231
1533,1131762,7,4.0,5598,49575,1.5,0,0,4,6,5373,225,2018,0,98196,47.4577,-121.5609,1123,22506
1534,953667,3,2.0,5257,48917,2.5,0,0,1,3,3927,1330,1955,0,98097,47.1391,-122.0935,3162,18134
1535,999833,6,2.5,3213,22678,1.5,0,2,3,11,1909,1304,2016,0,98161,47.3987,-122.3119,3593,33049
1536,548972,7,4.0,2703,47082,2.0,0,0,3,5,2402,301,1907,0,98006,47.2774,-122.1944,934,29500
1537,1266862,5,4.0,6088,24024,1.0,0,0,4,8,4860,1228,1915,0,98118,47.2485,-122.18,876,21531
1538,1193332,1,4.0,3620,31600,3.0,1,0,3,12,3401,219,1963,1998,98192,47.2847,-122.0454,5113,3569
1539,635626,2,3.0,1466,26049,2.5,0,1,3,10,463,1003,1983,0,98078,47.1738,-122.1913,3848,11174
1540,1280761,5,4.0,5444,20711,3.0,0,1,3,13,5017,427,1923,0,98199,47.1537,-122.2293,5427,38127
1541,1180029,6,2.5,5703,41651,1.0,0,1,3,7,5563,140,1998,0,98070,47.5171,-122.0299,5001,26264
1542,959210,4,2.0,3932,32589,2.0,0,3,3,13,3478,454,1954,0,98179,47.7635,-121.4583,4281,29035
1543,477973,1,3.5,1188,5121,2.0,0,0,3,9,1044,144,1953,1983,98067,47.6633,-122.4155,3414,3337
1544,1437446,5,5.0,4743,2720,2.0,1,0,2,13,3775,968,1980,0,98101,47.6837,-122.1445,3753,4316
1545,861161,1,2.0,4201,33110,2.0,0,0,4,13,3676,525,1968,0,98150,47.6146,-121.8252,2198,9094
1546,522524,2,3.0,841,30778,2.5,0,4,4,12,684,157,1977,0,98024,47.7692,-121.4506,2913,24269
1547,1422301,6,3.5,7119,1591,2.5,0,0,4,11,7015,104,1977,0,98065,47.7654,-122.159,4896,14705
1548,1117877,7,3.0,5682,12775,1.5,0,3,4,3,4941,741,,0,98181,47.6448,-122.0815,5099,10122
1549,714690,4,4.5,2224,37765,1.5,0,0,2,13,1335,889,2006,0,98128,47.6012,-121.5425,5288,1460
1550,1378635,6,4.0,5979,21132,1.0,0,1,4,10,5691,288,1959,1983,98169,47.3137,-122.053,2732,30627
1551,1459400,1,1.0,7204,39644,1.5,1,0,3,4,6573,631,1930,1982,98100,47.1638,-121.4781,3132,29365
1552,1224594,5,5.0,4922,7280,1.0,1,2,4,3,3714,1208,1919,2018,98032,47.165,-121.9537,1603,27979
1553,610029,2,4.0,2292,26758,1.0,0,0,3,6,1052,1240,1976,0,98069,47.6154,-121.8171,3774,12138
1554,725588,2,4.5,2259,22244,1.0,0,0,3,8,1205,1054,1953,0,98071,47.1199,-121.8269,2595,39002
1555,814799,6,3.5,3712,48573,2.0,0,0,2,10,3434,278,1908,1997,98045,47.6715,-122.3568,968,6757
1556,419073,7,4.5,1489,33087,3.0,0,0,2,3,542,947,2015,2012,98032,47.3565,-122.0741,2845,32226
1557,863240,5,1.5,2762,1681,3.0,1,0,4,3,1264,1498,1933,0,98028,47.2345,-122.2101,5801,24234
1558,865552,7,2.5,2982,35383,2.5,0,3,4,12,2758,224,1975,0,98097,47.3853,-121.6804,4269,36586
1559,377676,7,4.5,1451,17787,1.0,0,0,3,4,300,1151,2003,0,98014,47.5923,-121.3796,1223,14631
1560,506599,5,2.0,1222,9268,2.0,0,0,3,11,1139,83,1979,0,98141,47.2926,-122.2451,1348,13666
1561,696973,1,1.5,3889,30997,1.5,0,0,4,6,3798,91,1964,0,98178,47.2215,-122.3905,2002,12444
1562,694516,6,4.0,2579,19110,1.5,0,0,3,9,2572,7,1915,0,98168,47.6165,-121.8921,3559,29039
1563,805888,6,4.5,3217,3832,2.5,0,1,4,5,2140,1077,,0,98129,47.7165,-122.031,5445,3222
1564,881046,3,1.5,2832,13148,2.5,0,2,3,13,1646,1186,1983,0,98175,47.5099,-122.4571,3219,2651
1565,845999,6,4.5,3876,20092,1.0,0,4,3,3,3398,478,1905,0,98113,47.4667,-121.3941,5669,32048
1566,887733,2,3.5,5024,25083,1.0,0,0,4,3,4917,107,1934,0,98113,47.6284,-121.3718,4205,18801
1567,664364,1,3.0,2000,20087,1.5,0,0,3,11,706,1294,2004,0,98030,47.6129,-121.4795,1313,30610
1568,429142,5,4.5,785,42852,1.5,0,0,3,6,549,236,2014,0,98034,47.1044,-122.1634,2169,16746
1569,1516757,6,2.5,7811,30910,1.5,0,0,4,13,6527,1284,1902,0,98046,47.2973,-122.3531,3896,1068
1570,955459,1,2.0,3995,47602,1.5,0,4,4,5,3014,981,1920,0,98001,47.7524,-121.789,2976,10203
1571,1407433,6,2.0,7686,29098,3.0,0,0,5,7,7158,528,1906,1996,98162,47.7721,-122.1622,4748,26487
1572,641716,5,3.0,2565,39329,1.0,0,0,3,3,1937,628,1977,0,98187,47.4572,-122.2579,1476,1467
1573,461094,4,3.0,1268,23517,1.0,0,1,3,5,300,968,1929,0,98135,47.4921,-121.7304,3116,19813
1574,1330563,5,4.0,7233,4217,1.5,0,0,3,6,5807,1426,1921,0,98193,47.1005,-121.5995,2149,10258
1575,1240960,5,4.0,5990,44372,2.0,0,0,2,8,4609,1381,1913,0,98170,47.5706,-121.8673,5625,22678
1576,1594155,5,3.5,7842,23960,1.5,0,2,4,11,6600,1242,1954,0,98019,47.2487,-122.116,3155,6742
1577,801128,6,4.0,3557,17538,2.5,0,0,3,5,2069,1488,1988,0,98141,47.1895,-121.885,4052,23760
1578,934895,3,2.0,4789,10881,2.0,0,3,3,6,3798,991,1966,0,98023,47.3133,-121.7803,1070,27052
1579,1408450,5,1.0,7145,10691,2.5,0,0,4,7,5701,1444,1904,0,98066,47.5654,-122.4377,3015,23330
1580,1282942,2,4.5,5583,7251,2.0,0,0,4,10,4411,1172,1968,0,98131,47.4054,-121.9674,5935,14723
1581,1164715,2,1.5,5732,46920,2.5,0,0,1,11,4352,1380,2014,0,98086,47.3443,-121.782,4130,33175
1582,580413,1,2.0,2661,48673,1.5,0,0,3,5,1587,1074,1958,0,98164,47.6088,-122.3446,2813,16584
1583,840721,3,4.0,3793,10316,1.5,0,0,4,5,3740,53,2005,0,98177,47.6696,-121.9614,4510,33368
1584,1225575,1,2.5,6297,39994,2.0,0,0,3,9,5135,1162,1908,0,98087,47.7084,-122.0839,2202,4388
1585,513512,2,4.5,1446,49392,2.5,0,0,4,11,698,748,1947,1989,98072,47.4113,-121.4585,1990,22104
1586,1107182,7,2.0,5426,47087,3.0,0,0,4,3,4290,1136,2004,2004,98185,47.6025,-121.9127,3029,9143
1587,1227498,2,1.0,6516,23355,2.0,0,0,3,3,6090,426,2001,0,98089,47.7196,-121.9885,4375,19508
1588,816187,4,2.0,3835,10051,2.0,0,0,3,4,3338,497,1936,0,98192,47.7362,-122.2073,4971,38698
1589,1822612,5,3.5,7568,48639,1.0,1,4,3,8,6253,1315,1967,2020,98111,47.4445,-121.351,1671,32658
1590,960620,7,2.5,4650,4284,2.0,0,2,3,5,4305,345,1919,0,98139,47.3487,-121.3466,4641,27553
1591,1052902,2,3.0,5395,41492,3.0,0,0,3,10,4885,510,1984,0,98041,47.7301,-122.0599,568,38990
1592,1048688,6,4.5,5373,19953,1.5,0,0,4,7,4933,440,1949,2018,98006,47.283,-121.3852,562,1336
1593,579272,6,4.5,1981,42847,2.5,0,0,4,5,1060,921,2011,0,98106,47.6578,-121.7577,5779,1465
1594,700750,1,2.0,2401,28403,1.0,0,0,3,10,1680,721,1923,0,98045,47.7361,-121.5627,4763,34803
1595,1391561,7,3.0,6805,40226,2.5,0,0,4,10,6578,227,1970,0,98185,47.6178,-122.3922,1179,18100
1596,739504,1,3.0,3951,24377,1.5,0,0,3,4,2955,996,2009,0,98082,47.5759,-122.4744,4496,4979
1597,1194896,5,5.0,4564,26726,2.0,1,0,4,7,3955,609,2018,0,98161,47.1355,-121.8831,5603,26400
1598,1341108,5,5.0,6730,40015,3.0,0,0,3,5,5903,827,1948,0,98189,47.2424,-122.4089,5564,18027
1599,313868,4,2.0,554,5886,1.0,0,1,3,9,300,254,1907,0,98018,47.5666,-121.43,2869,5051
1600,489330,3,4.0,2323,19108,3.0,0,0,3,4,1534,789,1974,0,98007,47.6496,-121.5158,3862,38048
1601,1209012,1,2.5,5797,15245,3.0,0,0,3,11,5402,395,2012,0,98029,47.1444,-121.6422,526,29425
1602,827557,5,1.0,3962,2247,3.0,0,1,3,4,2864,1098,2009,0,98197,47.1133,-122.4623,1970,25108
1603,894560,1,1.0,3579,41807,3.0,0,1,4,13,2752,827,1972,0,98144,47.3181,-121.95,1900,16090
1604,446786,5,3.0,1332,8222,1.5,0,0,3,4,300,1032,1905,0,98197,47.5515,-122.4063,4624,36686
1605,1191104,2,3.0,4908,31516,3.0,0,2,4,8,3721,1187,1939,2013,98074,47.4584,-121.3856,1686,4483
1606,632352,1,1.0,3306,32882,3.0,0,0,3,5,2350,956,1980,2013,98157,47.1059,-121.7649,5656,9203
1607,1125636,2,3.5,6454,46753,1.5,0,0,3,5,5890,564,1953,0,98157,47.2061,-122.3122,3558,14717
1608,1422987,1,2.0,6603,16100,2.5,1,0,3,12,6448,155,1976,0,98016,47.6265,-121.8273,4082,7670
1609,1294250,3,3.0,6602,18167,1.5,0,1,5,4,5811,791,2008,0,98004,47.3084,-122.3578,5261,29607
1610,738580,4,2.0,2990,9716,2.0,0,0,3,7,2488,502,1916,0,98065,47.182,-122.3252,5623,7502
1611,1356140,6,1.5,6386,31839,1.5,0,0,1,13,5606,780,1950,0,98072,47.1356,-122.4029,3158,1065
1612,593691,6,2.5,827,40771,2.5,1,0,4,7,494,333,1901,0,98129,47.6953,-121.4539,2439,15038
1613,1709878,6,2.0,7721,12635,2.0,1,0,3,9,7231,490,1929,0,98131,47.4302,-121.8452,5988,24159
1614,1397610,2,3.0,7404,38986,2.0,0,0,3,10,7077,327,1931,0,98064,47.4526,-122.1065,4271,7481
1615,901779,7,2.0,3810,21337,1.0,0,0,3,10,3810,0,1949,0,98066,47.1429,-122.4992,2795,29970
1616,848496,5,3.0,3800,1693,3.0,0,0,3,5,2417,1383,1999,1988,98089,47.442,-121.9336,5117,2884
1617,1364717,6,1.5,7222,35038,2.0,0,0,3,8,6596,626,1970,2005,98057,47.552,-121.8847,1041,27106
1618,1478992,3,3.5,7718,4729,2.0,0,0,4,7,6358,1360,1915,0,98101,47.186,-122.0961,2110,10124
1619,986409,6,4.0,4175,17561,2.5,0,1,4,6,3989,186,1982,0,98110,47.7318,-121.9188,4227,28818
1620,850377,1,1.5,3554,30980,2.0,0,0,3,12,3286,268,1978,0,98018,47.6483,-122.3791,1914,18672
1621,1184537,2,3.0,5883,21690,2.5,0,0,3,8,4429,1454,1954,2021,98106,47.6613,-121.3935,4713,27900
1622,740002,7,1.5,2643,30315,3.0,0,4,3,6,2521,122,1956,0,98039,47.4756,-122.19,5514,17231
1623,1207217,1,3.5,5707,44454,1.0,0,0,3,10,5156,551,1977,1997,98124,47.3337,-121.3618,2075,16603
1624,1517486,7,2.0,7745,21260,1.0,0,0,3,11,6503,1242,1944,0,98121,47.5483,-121.9085,500,36136
1625,360596,1,3.0,1811,40059,3.0,0,0,3,3,372,1439,1951,0,98084,47.2578,-121.4719,4896,25648
1626,653978,1,3.0,3691,35834,3.0,0,0,2,3,2482,1209,1970,2002,98007,47.1958,-121.8074,2929,12706
1627,1364039,4,4.5,7457,16014,1.5,0,0,3,6,6870,587,1946,0,98183,47.4768,-121.4867,796,13717
1628,779646,4,3.0,3038,11758,2.0,0,0,4,8,1810,1228,1932,0,98112,47.435,-122.4878,2871,19205
1629,1043920,5,3.5,4483,5378,2.0,0,0,4,10,4148,335,1997,0,98145,47.2052,-122.2762,4085,22713
1630,831020,2,2.5,5047,42075,2.0,0,0,3,3,4658,389,1923,0,98068,47.4713,-122.0753,1796,17744
1631,1140552,3,5.0,6119,37253,2.5,0,0,4,5,5816,303,1934,0,98036,47.4825,-122.1446,1916,25016
1632,302083,3,4.0,664,7752,1.5,0,2,3,6,300,364,1963,0,98124,47.7101,-121.3639,1823,36415
1633,1091540,3,2.0,4777,10852,2.0,0,1,3,12,3929,848,1984,0,98001,47.6314,-122.0264,1963,33250
1634,1390962,1,4.5,7112,29925,2.5,0,0,4,4,6141,971,1987,0,98035,47.2523,-121.3335,578,37194
1635,1278659,4,2.5,5505,14411,2.5,0,0,4,11,5280,225,2000,0,98076,47.6726,-121.7188,2222,17987
1636,1475563,2,4.5,7378,1023,1.0,0,0,3,5,6866,512,1979,0,98145,47.7783,-121.4973,3189,5643
1637,456591,1,4.5,1322,1063,2.5,0,0,3,6,313,1009,1959,0,98080,47.6016,-122.0274,4597,31265
1638,506418,7,2.0,1443,2274,3.0,0,2,4,6,1415,28,1980,0,98156,47.6509,-122.2719,1583,8089
1639,1148605,4,4.0,6597,32201,2.5,0,0,3,3,5994,603,1928,0,98032,47.2865,-122.4395,3975,19053
1640,1230931,4,2.0,6650,38472,3.0,0,0,3,7,5686,964,1917,0,98183,47.7943,-121.7123,3217,27557
1641,982128,6,2.0,4925,10368,3.0,0,0,4,7,3945,980,1957,0,98035,47.2235,-121.3338,4296,5820
1642,360427,6,2.0,1274,46909,1.0,0,0,3,4,660,614,1947,0,98128,47.6256,-122.3581,5911,4803
1643,550499,2,4.0,2698,37490,1.0,0,0,3,3,1692,1006,1910,0,98019,47.3767,-121.5739,2692,37876
1644,750858,7,2.0,3656,26536,2.5,0,0,4,7,2644,1012,1902,0,98093,47.3498,-122.0625,4491,4310
1645,934365,2,1.0,4742,12045,1.0,0,0,3,7,3365,1377,1941,0,98093,47.2996,-121.3078,2521,5974
1646,971480,2,4.0,4195,18243,1.0,0,3,3,9,3471,724,1917,0,98080,47.4087,-121.456,3511,23505
1647,859309,1,1.5,3952,38519,2.0,0,0,3,13,3481,471,1915,0,98004,47.6536,-122.2231,1684,4606
1648,635970,5,1.5,1414,13718,2.5,0,2,3,12,726,688,1940,0,98149,47.7587,-121.5811,5676,39637
1649,1250845,2,2.0,6167,23925,2.5,0,1,3,12,5853,314,2016,0,98113,47.3914,-121.6189,1749,6941
1650,401295,6,2.5,1808,25084,2.5,0,0,3,4,900,908,1964,0,98115,47.5562,-121.5839,681,34364
1651,1322684,5,3.0,7343,1681,1.0,0,0,3,10,6787,556,1942,0,98172,47.6518,-122.4006,1838,19914
1652,826728,1,1.0,4677,41723,1.0,0,0,3,7,3736,941,1942,0,98062,47.1698,-121.5287,1019,31825
1653,586484,5,5.0,1013,6122,3.0,0,0,3,7,735,278,1990,0,98129,47.7724,-122.1863,5475,8987
1654,814593,3,4.0,2420,17034,1.5,0,0,3,11,1109,1311,1930,0,98083,47.2481,-121.7915,2194,29331
1655,1364100,7,2.5,7458,14198,1.5,0,0,3,4,6619,839,2008,0,98051,47.7406,-122.3615,5171,9650
1656,1430187,5,2.5,7352,46880,1.5,0,0,3,12,6986,366,1927,0,98116,47.7906,-121.8303,4600,31640
1657,1389956,2,3.0,6535,8900,2.0,0,1,3,13,6205,330,2003,0,98108,47.1703,-121.4123,1693,32908
1658,855037,1,3.5,4094,21794,1.0,0,4,3,4,3698,396,1950,1998,98145,47.7249,-122.2874,3933,9232
1659,1136168,7,1.5,5341,18210,3.0,0,0,4,7,4554,787,1926,0,98037,47.5486,-121.4739,1296,8317
1660,1284819,2,2.0,7666,49906,3.0,0,0,3,3,7282,384,1908,0,98036,47.6725,-121.9775,2433,36369
1661,767874,7,4.5,1909,33641,1.5,0,2,3,13,1352,557,2020,0,98157,47.1764,-122.1132,1703,22561
1662,1064271,6,2.0,5302,9073,2.0,0,0,3,7,4249,1053,1937,0,98069,47.684,-122.4315,4776,36892
1663,1113803,3,2.5,5066,7357,2.0,0,0,1,7,3846,1220,1935,0,98102,47.5382,-121.8658,5632,12312
1664,909921,6,4.5,3690,28664,1.5,0,0,3,10,3428,262,1959,1980,98131,47.4574,-122.2601,5551,17268
1665,1200375,2,3.5,4991,36929,1.5,0,2,3,8,4584,407,2004,0,98143,47.492,-121.3719,1315,25765
1666,727490,2,2.5,2055,16662,1.0,0,0,2,13,937,1118,1990,0,98195,47.6211,-122.2142,3469,6667
1667,1382024,2,3.5,6904,32350,2.0,0,0,3,8,5961,943,1956,0,98077,47.3083,-121.7959,1735,3995
1668,369978,4,1.0,1304,17066,3.0,0,0,4,7,315,989,1946,0,98197,47.7604,-121.8298,3474,36624
1669,1286260,3,4.0,5529,24205,1.5,0,2,3,7,4463,1066,2013,1998,98149,47.3153,-122.0958,2062,6284
1670,680019,7,3.0,1779,29539,1.0,0,3,4,10,933,846,1989,0,98105,47.714,-121.4775,2776,36730
1671,1286955,2,4.5,6353,49917,3.0,0,0,3,3,5294,1059,2017,0,98023,47.1085,-122.2801,5716,27489
1672,1330750,2,5.0,5500,23739,2.0,0,3,3,11,4019,1481,1990,0,98047,47.7415,-121.5195,3152,6609
1673,1442703,7,4.5,7893,35664,1.5,0,0,2,8,6741,1152,1967,0,98034,47.6961,-122.251,1614,30625
1674,1266439,6,4.5,5672,2506,1.5,0,0,4,11,4605,1067,1950,0,98041,47.1869,-122.4531,4343,19294
1675,1540796,6,3.0,7583,49334,1.0,0,3,3,4,6499,1084,1957,0,98047,47.6158,-121.3674,1214,22527
1676,1170852,2,2.5,6486,3036,1.0,0,0,3,5,5100,1386,1947,0,98159,47.3619,-121.7352,2667,9510
1677,1228084,1,3.0,6119,19789,2.0,0,0,3,3,5245,874,2001,0,98035,47.4358,-121.7434,4728,5579
1678,927160,4,4.0,4077,24049,1.5,0,0,4,7,2933,1144,1958,0,98135,47.148,-122.1819,550,5662
1679,906486,6,4.5,3401,38590,1.0,0,1,3,4,2905,496,1975,0,98045,47.2488,-122.333,1077,20260
1680,637364,1,2.0,1887,41312,1.5,0,2,3,13,1730,157,1946,2019,98057,47.7676,-121.6527,3611,15941
1681,1170249,4,4.5,5899,33005,2.0,0,2,5,3,4619,1280,1914,0,98117,47.3926,-121.8775,2496,1004
1682,1162691,2,4.5,5188,3206,1.5,0,0,3,11,4918,270,2010,0,98150,47.1182,-122.1185,1131,28971
1683,1035314,3,5.0,3261,28673,3.0,0,2,3,13,1927,1334,2011,1999,98111,47.4606,-122.1199,4456,28268
1684,1573219,5,4.5,7825,11019,1.5,0,0,3,11,7513,312,1993,0,98070,47.7963,-121.4329,3854,13016
1685,770090,5,2.0,3179,48051,2.5,0,0,4,8,2039,1140,1977,0,98149,47.333,-121.4324,3054,9591
1686,762077,2,1.5,2606,45579,2.5,0,1,3,13,2262,344,1971,0,98103,47.1988,-122.1704,4804,34626
1687,1159331,6,1.5,4723,3092,2.0,0,0,3,13,3522,1201,2020,0,98049,47.5505,-121.547,1490,3699
1688,1072901,1,2.0,5331,25600,2.0,0,0,4,10,5215,116,1991,0,98047,47.7439,-122.228,4777,6312
1689,941874,3,3.5,3268,31103,2.0,0,0,3,13,2248,1020,2020,0,98101,47.7014,-121.5304,3949,28562
1690,1389417,7,4.0,4453,1218,3.0,1,0,4,11,3265,1188,1994,0,98155,47.5599,-122.3485,4798,39241
1691,775558,4,4.5,3686,47994,3.0,0,0,3,7,3513,173,1901,0,98010,47.2289,-121.5902,3068,38037
1692,809749,2,3.5,3780,10664,1.5,0,0,3,4,3032,748,1978,0,98086,47.6491,-121.8332,3450,2775
1693,626942,3,1.0,3073,48516,1.0,0,0,3,6,2919,154,1960,0,98172,47.6763,-122.3589,4665,16232
1694,1237494,3,1.5,5116,34884,2.5,1,0,4,5,4522,594,1939,0,98179,47.6947,-121.7611,5649,14133
1695,817139,6,1.5,3099,5396,2.5,0,1,3,12,2790,309,1942,0,98146,47.3828,-122.2691,3794,1927
1696,940155,4,2.5,4533,27301,2.5,0,0,3,9,4300,233,1947,0,98196,47.3862,-122.2671,970,6564
1697,683200,3,3.0,736,4062,1.5,1,0,3,12,300,436,1971,2016,98099,47.2086,-121.9632,3992,17796
1698,596964,6,1.0,1804,20933,1.5,0,0,4,12,1643,161,1968,2019,98038,47.6409,-121.3429,3007,21015
1699,1093487,1,2.5,3930,27208,2.0,0,2,3,12,3240,690,2015,0,98036,47.6161,-121.4293,4512,15711
1700,1456273,6,1.5,7868,15113,1.0,0,0,3,10,7577,291,1956,0,98060,47.1698,-121.5082,3397,4396
1701,1503006,1,3.5,6377,38005,2.0,1,0,5,7,6251,126,1967,0,98196,47.1141,-121.4786,4592,31166
1702,472464,1,3.0,1801,44259,1.5,0,3,4,4,1109,692,1911,0,98074,47.7662,-121.9033,3510,33255
1703,1602176,7,3.0,7902,41248,3.0,0,0,3,11,7301,601,1973,0,98096,47.1121,-122.0503,5283,15455
1704,652189,7,2.5,3041,17281,2.0,0,3,4,3,1924,1117,1967,0,98074,47.54,-121.4392,1732,15260
1705,655399,3,5.0,2551,46853,1.5,0,0,3,7,1082,1469,1950,0,98173,47.4175,-122.403,3712,20444
1706,1626177,6,2.0,7309,12248,1.5,1,0,3,5,6197,1112,1973,0,98074,47.6442,-121.3047,4143,24622
1707,515195,7,3.0,941,39044,3.0,0,0,3,10,554,387,1928,0,98114,47.1614,-121.8364,3691,12742
1708,798135,1,4.0,2576,10068,3.0,0,0,3,10,1797,779,1991,0,98137,47.5777,-121.8514,5560,21173
1709,843579,7,3.0,3680,3187,3.0,0,2,4,3,3432,248,1928,2014,98013,47.5305,-122.1497,913,11737
1710,808704,4,4.5,3157,39804,1.0,0,4,4,6,2977,180,1982,0,98185,47.6975,-122.2956,4796,28623
1711,1280403,3,2.5,4298,47625,1.5,0,3,3,12,3214,1084,2014,0,98082,47.463,-121.6836,5987,32830
1712,684232,6,3.0,1304,16397,3.0,0,2,4,10,300,1004,2006,2004,98111,47.6098,-122.0659,525,25985
1713,444698,6,1.5,574,34376,1.0,0,2,2,11,300,274,2018,0,98057,47.4063,-122.1371,879,25390
1714,1438269,5,3.5,7481,1069,2.5,0,0,3,11,7201,280,1912,0,98165,47.7888,-122.3052,1429,23804
1715,1463265,6,2.0,7813,3747,2.5,0,2,4,4,6678,1135,2016,0,98175,47.4916,-121.8578,2103,17510
1716,779867,3,1.5,2675,47932,2.5,0,0,4,11,2379,296,1956,0,98011,47.6275,-121.794,4161,25891
1717,1067086,4,3.0,4424,47456,1.5,0,0,3,10,3734,690,1997,0,98156,47.1651,-121.9683,1315,15698
1718,785774,6,3.0,2589,34466,1.0,0,0,3,13,2028,561,1945,0,98006,47.4239,-122.4856,3129,36016
1719,1351113,5,1.5,5975,34883,1.0,0,2,3,13,4835,1140,1919,0,98161,47.1451,-121.91,4075,6070
1720,477557,3,4.0,540,15664,2.5,0,0,3,11,300,240,1981,0,98142,47.1852,-122.1736,5052,18239
1721,1577552,1,3.5,7577,5308,2.0,0,2,3,11,6122,1455,1958,0,98175,47.4543,-122.3336,1419,21587
1722,496246,2,2.0,2581,4913,2.5,0,0,2,5,2271,310,2011,0,98029,47.3466,-121.8069,1344,6767
1723,1779663,2,3.0,7684,5406,1.5,1,1,3,7,6810,874,2019,2017,98103,47.4219,-121.6945,4187,14328
1724,1335518,1,4.0,6296,33540,2.5,0,4,4,13,5907,389,1935,0,98143,47.4473,-121.8775,4940,18662
1725,1468636,7,3.0,7820,5815,2.5,0,0,3,5,6335,1485,1900,0,98184,47.2118,-121.7628,5393,12248
1726,1589028,6,2.5,7641,12631,1.0,0,3,3,8,7636,5,1989,0,98069,47.3561,-121.7721,3477,15634
1727,1215956,2,2.5,5997,46906,2.5,0,0,4,12,5295,702,1902,0,98086,47.7024,-122.3509,2186,27105
1728,1045412,7,3.5,5183,24413,3.0,0,0,3,7,4173,1010,1943,0,98159,47.6996,-122.241,1346,25626
1729,507143,2,5.0,2122,13575,3.0,0,2,4,4,1593,529,1954,0,98019,47.4434,-122.4886,3309,34650
1730,265885,1,3.5,841,6899,2.0,0,0,3,5,683,158,1959,0,98146,47.6244,-121.3217,3932,6314
1731,1076673,6,1.5,4552,8831,1.5,1,0,3,9,3221,1331,1902,0,98186,47.6275,-122.2465,2923,12204
1732,790628,6,3.0,2574,37979,1.5,0,0,3,12,1623,951,1984,0,98198,47.1309,-121.5224,5537,19148
1733,1911803,7,4.5,7954,10641,1.0,1,0,3,12,6736,1218,1962,1986,98030,47.5276,-121.5625,5425,7007
1734,269377,1,1.5,1145,31400,1.5,0,0,3,7,916,229,1981,0,98163,47.6632,-121.654,4137,36724
1735,1065311,7,5.0,5326,46742,2.0,0,0,3,5,3966,1360,1930,0,98017,47.5158,-121.9603,853,2014
1736,1196614,6,5.0,4763,14226,3.0,0,3,3,6,4072,691,2019,0,98144,47.4791,-121.7994,5300,17539
1737,518201,6,1.5,1109,3038,1.0,0,0,3,8,977,132,1999,0,98068,47.4719,-122.2764,5421,29792
1738,1413180,3,4.5,6911,11537,3.0,0,0,3,10,5963,948,1960,0,98033,47.4556,-122.3727,4489,6547
1739,1259687,7,2.5,6368,44744,2.0,0,3,5,9,6210,158,1948,0,98036,47.6448,-122.0779,5288,1446
1740,1279819,3,4.5,6636,44693,1.0,0,3,4,5,5341,1295,1943,1991,98011,47.5497,-121.5093,5924,22956
1741,1261164,1,2.5,7464,14045,2.5,0,1,4,4,6932,532,1951,0,98188,47.2509,-121.8232,2432,15627
1742,369120,4,3.0,954,43764,1.5,0,0,3,5,300,654,1930,0,98120,47.4033,-121.5834,3990,6676
1743,807317,2,3.5,3453,8669,2.0,0,0,3,7,3159,294,1971,2008,98004,47.47,-121.4316,2056,15447
1744,842988,3,4.0,2208,22788,1.0,1,0,3,9,1272,936,1988,1992,98191,47.3933,-121.8274,1083,14436
1745,916164,2,1.0,3972,13673,3.0,0,0,4,10,3152,820,1948,0,98100,47.2663,-122.0593,1680,9022
1746,777875,5,3.5,3469,18909,1.0,0,1,2,8,2116,1353,1945,0,98005,47.1873,-121.4732,4215,3689
1747,635760,1,1.5,3528,23142,2.5,0,0,3,4,3248,280,1953,0,98192,47.1821,-122.2244,4278,15439
1748,1228556,4,2.5,5297,49824,2.0,0,0,3,13,3837,1460,1983,0,98085,47.3074,-122.4703,4966,21510
1749,647977,5,2.5,3181,19623,1.0,0,0,3,4,2094,1087,1910,0,98132,47.3819,-122.4392,1374,7993
1750,951241,5,3.0,4129,30479,2.0,0,0,3,12,3771,358,2003,0,98114,47.578,-121.8013,2039,7638
1751,1406250,6,2.5,6195,48410,2.0,0,0,5,13,5183,1012,1964,0,98035,47.7894,-121.4292,590,21182
1752,973473,5,1.5,4725,17562,3.0,0,2,4,7,3473,1252,1984,0,98026,47.7281,-121.8229,5912,3072
1753,800502,1,1.5,3567,18915,1.5,0,0,3,13,2297,1270,1916,0,98154,47.6696,-122.009,1633,20490
1754,1222506,3,1.0,6441,48306,2.5,0,0,3,7,5326,1115,2015,0,98019,47.6696,-121.8075,877,23638
1755,453382,1,3.0,1886,43884,1.0,0,0,3,3,1040,846,1927,0,98037,47.5172,-121.6947,2218,13065
1756,876989,3,5.0,4276,37790,1.5,0,0,3,3,3629,647,1981,0,98139,47.2769,-121.5898,959,17918
1757,792014,5,1.5,3366,17048,3.0,0,0,4,11,3366,0,1992,0,98066,47.4304,-122.0832,1551,21041
1758,1149472,5,5.0,5288,5789,1.5,0,0,3,9,4974,314,1973,1990,98128,47.1998,-122.0357,2607,18167
1759,1181787,4,4.0,3863,46137,2.0,1,0,4,10,2549,1314,1908,0,98031,47.4965,-122.4716,2535,39915
1760,1336007,3,3.5,5990,36933,2.0,0,2,3,7,4721,1269,1933,0,98146,47.1161,-121.7204,4968,24902
1761,1069928,5,3.5,5389,13017,2.5,0,0,3,5,4126,1263,1919,0,98044,47.2326,-121.5679,2401,21035
1762,1002476,6,4.5,4624,28028,1.0,0,0,3,5,4144,480,1994,2021,98016,47.5986,-121.8869,3128,15830
1763,153941,2,1.5,648,5938,1.0,0,0,4,5,300,348,1902,0,98186,47.2938,-122.0481,4332,1397
1764,793865,4,3.0,4350,14260,3.0,0,0,3,3,3697,653,1900,0,98002,47.394,-122.1002,3327,28758
1765,1303932,1,4.0,5915,48675,2.5,0,0,4,13,5068,847,1959,0,98059,47.6824,-121.726,599,36458
1766,796746,4,3.5,2558,36394,1.0,0,0,4,13,1770,788,1996,1992,98120,47.1312,-122.1031,5458,8149
1767,1244664,2,4.5,7319,28791,2.0,0,0,4,5,7006,313,1949,0,98176,47.1159,-121.7811,5537,14506
1768,296244,3,1.5,1636,1537,2.5,0,0,4,4,1498,138,1907,0,98164,47.2603,-121.3876,1467,39577
1769,316387,1,4.0,686,17333,1.5,0,0,3,10,300,386,1917,0,98008,47.5791,-122.1033,3838,8955
1770,905574,1,3.0,3354,49643,2.5,0,0,3,12,2004,1350,1929,0,98036,47.2653,-122.418,5369,26782
1771,1463621,3,2.5,7387,3916,2.5,0,0,3,12,7267,120,1996,0,98107,47.7046,-121.4512,682,2747
1772,572886,7,2.5,1750,27713,1.0,0,2,3,8,335,1415,1921,0,98025,47.3463,-122.1717,604,11804
1773,485179,7,3.5,1833,48461,3.0,0,0,4,7,1369,464,1980,0,98168,47.2985,-121.3137,4089,37882
1774,952194,4,4.5,4693,43382,3.0,0,0,2,3,3704,989,2005,1989,98125,47.263,-121.4919,1114,21852
1775,979041,5,3.0,4650,25980,1.0,0,2,3,4,3741,909,1908,0,98004,47.5018,-121.9877,913,9126
1776,1245584,7,4.5,7266,27811,1.0,0,0,4,4,6066,1200,1921,0,98109,47.6994,-121.7462,1541,18249
1777,686237,4,2.5,3211,33552,1.0,0,0,2,9,2848,363,1909,0,98171,47.3842,-122.167,5466,25347
1778,1182099,7,1.5,5353,38836,3.0,0,1,3,9,5193,160,2017,0,98155,47.2768,-122.399,1818,3351
1779,1111969,2,1.0,5001,33076,1.0,0,0,3,8,4338,663,1996,0,98166,47.3946,-121.869,4929,39399
1780,1419427,6,1.0,6712,29069,1.5,0,2,4,10,5746,966,2011,0,98109,47.7334,-121.9904,1154,33205
1781,1548991,5,2.5,7979,6177,1.5,0,0,3,6,7430,549,2002,0,98166,47.3342,-121.3361,5925,23517
1782,1239942,4,2.5,5908,20759,2.0,0,0,4,11,4550,1358,1966,0,98120,47.559,-121.7831,1751,16501
1783,789937,6,4.0,2285,20775,1.5,0,0,3,10,1212,1073,1980,0,98192,47.3308,-121.6034,2122,1156
1784,354019,6,4.0,1250,47836,2.5,0,0,4,5,504,746,1908,0,98145,47.5723,-122.3377,4235,14690
1785,1370349,7,1.0,7815,4887,2.0,0,0,3,5,7727,88,1946,0,98141,47.7167,-121.6316,2389,12168
1786,683348,3,2.0,2262,12082,1.5,0,0,3,11,1370,892,1939,0,98085,47.519,-122.4324,2750,12881
1787,1378415,2,2.0,7911,38721,2.5,0,0,3,11,7191,720,1935,0,98079,47.7632,-121.7643,4211,28208
1788,888606,2,3.0,4420,36688,1.5,0,0,3,13,3172,1248,1918,1989,98112,47.5211,-121.4937,1302,20577
1789,1448294,2,1.5,7601,23080,2.5,0,0,3,7,7216,385,1997,0,98117,47.7824,-121.9203,4943,37313
1790,1225061,5,1.5,4960,31943,1.0,0,3,3,12,3770,1190,1901,0,98024,47.6066,-122.2419,5991,8908
1791,1300869,1,5.0,6622,34516,2.5,0,2,3,3,5969,653,1944,1989,98007,47.557,-121.9676,3164,14901
1792,547241,5,4.0,981,36577,1.0,0,4,4,5,645,336,1990,0,98192,47.6809,-121.4907,5207,21153
1793,1454841,4,1.5,6844,30632,2.5,0,0,3,13,6255,589,1982,0,98117,47.1078,-121.6427,2741,26492
1794,538742,6,2.5,653,33563,2.5,1,0,5,7,300,353,1932,0,98063,47.2801,-121.7735,3186,2636
1795,571240,6,2.5,2024,8357,1.5,0,0,4,6,753,1271,1963,2003,98150,47.2513,-121.6674,858,30383
1796,616978,1,4.0,2620,14709,2.5,0,0,3,6,1553,1067,1925,0,98106,47.1776,-121.499,2802,20013
1797,1223643,4,3.0,7356,30800,1.5,0,0,3,3,6870,486,2018,0,98181,47.7565,-122.3178,5605,8617
1798,894763,1,1.5,2843,25209,2.5,1,0,3,8,2735,108,2010,0,98074,47.1917,-121.4897,5134,10914
1799,1255477,6,4.0,5636,10688,3.0,0,0,4,12,4937,699,1933,0,98012,47.284,-121.5321,5174,21262
1800,1397657,7,2.5,6260,39243,2.0,0,0,4,13,5167,1093,1962,0,98104,47.3346,-121.927,946,22962
1801,343059,5,2.0,1740,26232,1.5,0,0,3,6,1198,542,1927,0,98125,47.5372,-122.0165,2062,37169
1802,224909,2,2.5,560,48012,1.5,0,0,2,3,300,260,1979,2009,98022,47.6372,-121.3809,3723,1563
1803,558739,6,3.0,1438,6072,1.0,0,0,3,12,756,682,1985,0,98167,47.5233,-121.5167,1380,12301
1804,656105,3,2.5,2139,2673,3.0,0,0,4,8,1007,1132,1991,0,98047,47.6243,-121.3136,1499,21038
1805,1347711,2,2.0,6685,20535,1.0,0,0,3,7,6077,608,1977,0,98192,47.3815,-121.7299,2630,36182
1806,972072,6,2.5,4620,26313,3.0,0,1,4,7,3782,838,1905,0,98044,47.797,-122.4622,2714,27185
1807,950546,5,1.0,5658,15102,3.0,0,0,3,4,5109,549,1910,0,98016,47.2191,-122.3153,2342,17568
1808,782660,1,4.0,4726,36470,2.5,0,1,2,3,4463,263,1945,0,98059,47.3798,-121.5156,1202,8971
1809,901125,7,1.5,4069,43054,1.0,0,0,4,9,3780,289,1919,0,98034,47.6825,-121.7332,4331,8134
1810,485854,7,1.0,1752,7818,2.0,0,0,4,7,1608,144,1935,1985,98174,47.2727,-122.2623,3059,4377
1811,935361,2,3.5,4703,32566,3.0,0,0,3,5,4175,528,2012,0,98198,47.6256,-122.4857,5115,27439
1812,390523,5,4.0,671,32658,3.0,0,3,3,8,578,93,1915,0,98055,47.355,-122.1845,3337,9487
1813,530124,7,4.5,1958,37247,1.5,0,0,3,5,1621,337,1969,0,98120,47.2243,-122.3349,5685,21519
1814,918609,7,3.0,4049,34830,2.5,0,0,4,8,3051,998,1971,0,98114,47.3823,-121.4485,1691,38465
1815,932863,4,2.0,4697,18096,2.0,0,0,3,8,3613,1084,1944,2010,98074,47.6494,-121.4407,2081,16379
1816,1489197,3,4.0,7509,25608,3.0,0,0,3,11,7432,77,2021,0,98024,47.1784,-121.4892,4421,21731
1817,1521051,2,4.0,7167,40713,1.5,0,0,3,10,5713,1454,1999,0,98155,47.4613,-122.3865,972,22910
1818,447652,1,2.0,2822,26655,1.0,0,0,3,3,2724,98,1947,0,98111,47.6189,-122.3379,5059,4664
1819,727641,7,4.5,2136,16660,3.0,0,0,3,9,1491,645,2012,0,98144,47.6261,-122.3374,1218,33952
1820,883805,4,1.5,3615,40669,1.5,0,0,3,13,2807,808,1903,2010,98130,47.3727,-122.1899,3263,32124
1821,1122460,5,5.0,4590,19879,1.0,0,1,4,11,3252,1338,1947,0,98159,47.4265,-122.4125,3923,11278
1822,1421508,7,4.5,7460,28861,2.5,0,0,3,4,6214,1246,1997,0,98063,47.6997,-121.3221,1396,30337
1823,917792,3,4.0,3504,16745,1.0,0,0,3,11,2292,1212,1983,0,98047,47.2459,-121.4738,4395,3142
1824,1191762,1,5.0,5636,18579,3.0,0,2,3,8,4661,975,1987,0,98019,47.7948,-122.417,4382,33583
1825,302525,5,4.0,829,38849,2.0,0,0,3,5,525,304,2008,1995,98056,47.3935,-122.3276,4042,38170
1826,994534,5,2.0,4140,3899,1.0,0,0,3,10,3265,875,1966,0,98011,47.2928,-122.1852,2710,38446
1827,854117,2,3.0,4394,20624,2.0,0,0,3,9,4039,355,1927,0,98086,47.1018,-121.57,4916,23036
1828,1267757,7,1.5,6116,10038,2.0,0,0,3,10,5344,772,1929,0,98121,47.1875,-121.6431,3295,30683
1829,1236093,2,2.5,4607,48783,1.0,1,0,4,10,3829,778,1928,2006,98136,47.6296,-121.7434,5703,19489
1830,536627,1,4.0,1841,49718,2.5,0,3,4,9,1802,39,1920,0,98074,47.5545,-121.4054,707,17305
1831,837837,7,2.5,4163,41313,1.0,0,0,3,3,3688,475,1941,0,98134,47.2726,-122.4565,4056,13310
1832,383521,6,2.5,715,38014,1.5,0,0,4,12,300,415,1990,0,98159,47.7489,-122.3065,1312,6750
1833,651065,7,3.5,838,38956,2.0,0,3,4,12,300,538,1949,0,98099,47.685,-122.2722,5142,24849
1834,1498941,6,4.5,6395,47587,3.0,0,4,4,12,5717,678,1988,2003,98050,47.2885,-122.4284,1048,10051
1835,997853,5,1.0,4562,33801,2.0,0,0,3,10,3725,837,1902,0,98104,47.3311,-121.7581,2100,34703
1836,760852,2,2.5,3208,38527,3.0,0,1,3,7,2677,531,1964,0,98029,47.2293,-122.2484,2858,8578
1837,696402,3,1.5,3652,40321,1.5,0,0,3,4,3423,229,1922,0,98021,47.5498,-121.9208,4245,15431
1838,602411,7,4.0,2250,27183,1.5,0,1,4,4,839,1411,2006,0,98169,47.5908,-121.6775,520,32102
1839,1249909,3,1.5,6104,19439,1.5,0,2,3,4,5120,984,1904,0,98069,47.3771,-121.7855,2561,21033
1840,892230,7,3.5,2921,20305,1.0,0,0,3,11,2141,780,1994,0,98197,47.616,-122.1518,2693,28178
1841,1471201,5,2.0,7619,16479,2.0,0,0,3,7,6291,1328,1924,0,98088,47.7941,-122.003,5451,9752
1842,376932,2,2.0,1209,16813,3.0,0,0,4,5,1134,75,1934,1983,98079,47.5284,-122.0922,2070,9142
1843,1215057,1,4.5,5819,8914,1.5,0,0,4,8,5555,264,2006,0,98184,47.5545,-121.477,5598,2269
1844,1383366,1,1.0,7109,4361,1.5,0,0,3,11,6795,314,1964,0,98028,47.3617,-121.9961,1072,3087
1845,1348832,1,3.0,5708,30363,3.0,0,2,3,13,5081,627,1978,0,98162,47.1074,-122.426,4961,5987
1846,1222406,7,,5887,2963,2.0,0,0,3,11,4896,991,1938,0,98056,47.7677,-121.7568,3051,17891
1847,1013075,7,3.0,4226,36162,2.0,0,0,3,11,2942,1284,1987,0,98183,47.6406,-122.2628,1370,28483
1848,1146955,3,3.0,4142,9529,3.0,0,1,3,13,2750,1392,1997,0,98172,47.5869,-122.0936,4953,27231
1849,1241677,2,2.5,4493,46183,2.5,1,0,4,12,4412,81,2010,0,98160,47.1209,-122.1068,1483,16811
1850,465258,7,1.5,988,22400,2.0,0,0,4,13,759,229,1917,0,98124,47.6313,-122.4131,5645,21479
1851,987933,2,2.5,6157,49303,3.0,0,0,3,6,5512,645,1924,0,98029,47.5691,-121.3589,3746,29201
1852,582853,3,3.5,546,40944,3.0,1,0,3,7,300,246,1999,0,98003,47.4982,-121.8435,2337,16083
1853,942473,7,4.0,3859,49783,1.5,1,0,4,3,3579,280,1900,0,98069,47.5365,-122.3125,2906,19652
1854,1243246,1,3.0,5373,9644,3.0,0,1,4,13,4906,467,1961,0,98011,47.7429,-121.8331,3589,39283
1855,1162616,1,3.5,5635,7770,1.0,0,0,3,12,5106,529,1908,2021,98176,47.1047,-121.9581,3996,28504
1856,1313214,5,2.0,5306,49920,1.5,1,0,3,8,4899,407,1940,2018,98105,47.2099,-122.0862,3787,18685
1857,356004,6,2.0,900,44947,1.5,0,0,3,4,300,600,1994,0,98053,47.7263,-121.933,735,31808
1858,970885,4,1.5,4490,16062,2.0,0,0,4,9,4268,222,1921,0,98056,47.1057,-121.6965,5455,39257
1859,1289575,6,2.0,6413,1387,2.5,0,0,3,6,5645,768,2001,2016,98181,47.7325,-122.2606,2823,35375
1860,1482145,7,2.0,7624,34630,2.0,0,0,3,6,6586,1038,2009,0,98154,47.1207,-121.8545,1114,38393
1861,934771,2,3.0,3657,37651,1.0,0,2,2,11,2964,693,2004,0,98137,47.6455,-121.5244,3016,19491
1862,988197,7,3.5,4845,44719,1.5,0,0,2,3,4300,545,1965,0,98108,47.7236,-122.233,3813,13744
1863,404423,2,5.0,890,13654,1.5,0,0,3,8,300,590,2004,0,98193,47.5288,-121.8814,5685,18123
1864,795641,2,2.0,4353,43024,3.0,0,0,3,4,3328,1025,1944,0,98102,47.549,-121.3411,3223,22616
1865,1047232,6,3.5,4930,21240,2.5,0,2,3,8,4780,150,1951,1988,98056,47.1354,-121.5394,1412,31865
1866,528610,4,4.5,1128,11364,2.5,0,0,3,9,300,828,1919,0,98028,47.2476,-121.7884,5177,29400
1867,955751,5,3.0,4732,40186,3.0,0,0,3,5,3402,1330,2020,0,98151,47.7296,-121.6011,5851,39197
1868,810559,6,2.0,3430,18295,1.0,0,0,4,6,2010,1420,1986,0,98159,47.6766,-121.8692,4053,22426
1869,1238306,4,2.0,7331,19236,2.5,0,0,3,4,6714,617,1911,0,98194,47.1417,-121.3161,4011,17585
1870,526862,1,1.0,2021,26098,1.5,0,0,4,9,1255,766,1973,0,98189,47.6691,-122.297,3529,27055
1871,473794,1,2.0,1326,10857,1.0,0,2,3,11,1313,13,1963,2013,98082,47.3964,-121.6365,765,37440
1872,1228537,2,4.0,5322,34796,2.0,0,4,3,7,4026,1296,1931,0,98016,47.4925,-122.4929,4921,12939
1873,715305,3,1.0,2000,13770,2.0,0,0,3,13,599,1401,1961,0,98187,47.1759,-122.3492,5591,13899
1874,1332950,7,2.0,7237,7390,1.0,0,0,4,7,6582,655,1904,0,98176,47.3791,-121.6338,4116,39291
1875,999887,7,4.0,3794,48423,1.5,0,0,3,11,2867,927,2019,0,98017,47.4044,-121.5888,1397,12196
1876,1109715,2,4.0,5585,37862,2.0,0,0,3,10,5379,206,1943,0,98035,47.5686,-122.4527,1347,22590
1877,496153,3,3.0,2919,15352,1.5,0,0,3,3,2301,618,1928,0,98095,47.5603,-122.0994,5260,33182
1878,433249,4,4.0,1434,9380,3.0,0,0,3,4,300,1134,1932,0,98187,47.4842,-122.3582,1230,18699
1879,781577,1,2.5,3542,42046,2.5,0,0,3,9,2808,734,1986,0,98169,47.122,-121.4318,1410,39188
1880,905042,7,1.5,4997,28317,1.0,0,0,4,5,4218,779,1999,0,98037,47.2131,-121.9553,5595,19774
1881,508127,6,2.5,1966,15634,2.5,0,0,3,8,556,1410,1912,0,98113,47.2122,-121.969,4057,1840
1882,827019,3,3.5,4061,9785,3.0,0,0,3,3,2963,1098,1949,0,98030,47.7214,-121.5114,3790,27908
1883,500674,4,5.0,1114,37516,2.0,0,0,4,10,300,814,1901,0,98082,47.7312,-121.6656,4740,30925
1884,1066894,1,1.5,5892,29866,1.5,0,0,3,4,4736,1156,1974,0,98144,47.6645,-121.3932,2522,38284
1885,443893,6,3.0,1682,38079,1.5,0,0,3,3,1252,430,1927,0,98105,47.2224,-121.3736,2561,34956
1886,714954,3,2.5,3723,5602,3.0,0,0,3,4,2929,794,1988,0,98047,47.6881,-122.1242,1124,23429
1887,1838967,2,3.0,7638,29865,1.0,1,2,3,10,6179,1459,2017,0,98028,47.2313,-121.7219,5007,6314
1888,849549,2,1.0,3167,32187,2.5,0,0,3,12,3112,55,1999,0,98149,47.4882,-121.8499,5609,15140
1889,1158387,2,2.5,6831,14895,2.0,0,0,3,7,6624,207,1917,0,98041,47.6137,-121.785,4475,9495
1890,1262974,7,4.5,5717,29268,1.0,0,0,4,11,4979,738,2002,0,98045,47.1361,-121.7496,2299,18487
1891,396329,4,3.0,630,39395,3.0,0,0,3,5,527,103,1972,0,98097,47.5186,-122.428,887,8835
1892,1412229,2,3.0,7448,39811,3.0,0,0,4,10,6985,463,1965,0,98112,47.2758,-121.4259,5484,26619
1893,1350470,7,2.0,5790,32432,1.5,1,0,3,6,5321,469,1999,0,98192,47.4485,-122.3317,3251,31250
1894,793262,5,2.0,3483,4613,2.0,0,0,3,9,2904,579,1945,0,98141,47.3687,-121.9907,4836,25649
1895,1504040,7,2.5,7629,19235,1.0,0,0,3,12,7380,249,1916,2012,98171,47.5806,-122.1495,4141,16602
1896,1052343,1,4.5,4778,46237,1.5,0,0,3,12,3787,991,1932,0,98119,47.4424,-121.8355,2588,39252
1897,1532248,7,5.0,7626,23963,2.0,0,0,3,10,7024,602,1998,2020,98110,47.3111,-121.3462,5101,1007
1898,1090703,4,3.0,4959,32950,2.5,0,0,3,5,4177,782,1932,0,98117,47.7373,-122.0051,4124,22606
1899,280039,6,2.5,538,32419,2.5,0,0,4,5,300,238,1995,0,98058,47.7713,-121.7762,4057,38719
1900,1148577,7,4.5,4459,19736,1.5,1,1,4,3,4434,25,1983,0,98020,47.6613,-122.3306,4810,25379
1901,1339470,2,2.5,7140,33363,1.0,0,0,3,10,6422,718,1929,0,98114,47.5065,-121.9444,5353,27515
1902,893036,1,3.0,4087,9025,2.0,0,4,4,4,3147,940,1921,2007,98191,47.7191,-121.4011,2151,12916
1903,1236954,3,2.0,5968,28059,2.5,0,0,4,9,5959,9,1952,2012,98001,47.5212,-121.3811,2506,18640
1904,1551655,2,4.0,7625,31911,2.5,0,0,3,13,7012,613,1988,0,98023,47.2042,-121.8443,4981,20358
1905,487412,1,3.0,1420,25869,1.0,0,0,3,9,300,1120,2008,0,98033,47.1122,-121.5777,694,27958
1906,849350,5,4.0,3269,47918,1.5,0,0,5,9,2110,1159,1945,1990,98185,47.6081,-122.4961,4350,19145
1907,1634057,3,4.0,7828,33771,3.0,0,2,3,6,6981,847,1943,0,98182,47.6267,-121.8622,5871,1046
1908,875710,5,2.0,4611,43288,2.0,0,0,5,9,4391,220,1974,0,98194,47.7481,-121.621,3687,38373
1909,664240,6,4.0,992,25728,2.5,0,0,3,12,449,543,2013,0,98095,47.677,-122.1042,4470,20295
1910,1237732,1,4.0,6045,4668,3.0,0,0,3,13,4745,1300,1933,0,98123,47.5477,-121.4186,4796,2278
1911,465970,5,2.5,1631,28250,1.0,0,0,3,10,1536,95,1927,0,98159,47.2332,-121.5644,3795,12219
1912,1529519,6,1.5,7537,39935,1.5,0,0,5,11,6075,1462,1934,0,98182,47.5158,-121.5764,4223,3840
1913,1110445,1,1.0,4021,44059,2.0,1,1,3,9,3242,779,1967,0,98144,47.4043,-122.4745,4593,5290
1914,593614,1,3.0,810,11418,1.0,1,0,2,8,300,510,1908,0,98165,47.2625,-122.2793,3569,24580
1915,392179,5,2.5,1238,39129,1.5,0,0,3,7,300,938,2006,0,98101,47.6594,-121.6437,1671,38443
1916,941743,1,3.0,3741,18265,1.0,0,0,3,12,2900,841,1921,0,98135,47.2047,-121.8259,5808,35769
1917,556054,2,2.0,1045,17408,2.5,0,2,3,12,300,745,1960,2014,98001,47.5412,-121.8058,5532,4476
1918,844790,1,4.5,2961,34773,2.5,0,1,3,9,1728,1233,1988,0,98146,47.5275,-122.4822,4223,30022
1919,1113140,4,2.0,4846,26284,3.0,0,0,3,12,3967,879,1984,2008,98170,47.3125,-121.9695,1020,11384
1920,969964,6,2.0,5354,9843,1.0,0,3,3,4,3916,1438,1924,2010,98039,47.4005,-121.5563,736,20828
1921,630879,1,3.0,2304,15747,2.5,0,0,2,7,2174,130,2004,1991,98026,47.1816,-121.7037,5472,4827
1922,798708,4,3.0,3712,1786,1.5,0,0,3,10,3615,97,1980,1984,98075,47.1179,-121.8131,3712,12097
1923,1154640,1,2.0,5893,29149,3.0,0,0,3,8,4427,1466,1978,0,98193,47.1091,-121.6641,2175,11584
1924,1249320,1,2.0,6227,3035,2.0,0,0,3,8,5168,1059,1940,1989,98125,47.222,-121.4788,5532,9707
1925,701064,5,1.5,4310,15261,1.0,0,0,3,3,3341,969,1906,0,98125,47.7069,-121.4806,3786,3107
1926,1173923,2,4.0,6510,38949,2.5,0,0,3,4,5267,1243,1958,0,98057,47.4658,-121.9528,2830,15694
1927,1561907,6,4.0,7706,15706,1.5,0,0,3,5,6321,1385,1995,0,98197,47.182,-122.1306,1231,20195
1928,487882,2,3.0,1313,29926,1.0,0,0,3,9,359,954,1971,0,98017,47.7338,-122.0603,3986,13251
1929,1086954,3,4.0,4624,26923,1.5,0,0,3,12,3931,693,1966,0,98135,47.4982,-121.8743,563,29069
1930,1102139,5,4.0,5553,26430,3.0,0,1,3,8,5526,27,1932,0,98102,47.1195,-122.3928,4907,28585
1931,633833,5,1.5,2532,3652,2.5,0,0,3,7,1628,904,1999,0,98199,47.6339,-121.7908,4351,32283
1932,1201254,2,5.0,5072,17040,2.5,0,0,4,11,4404,668,1980,0,98012,47.4314,-121.9561,4871,9642
1933,1128418,7,4.5,4913,4042,3.0,0,0,4,12,4392,521,1964,0,98038,47.473,-121.5893,2455,5764
1934,505162,5,2.0,744,9527,1.5,0,3,3,9,300,444,1999,0,98176,47.5293,-122.1713,3510,32322
1935,1219484,2,1.5,5343,19088,1.0,0,0,3,11,5235,108,2003,0,98183,47.1661,-122.4204,3664,12014
1936,1174926,5,1.5,5292,48441,1.5,0,0,4,13,4463,829,1959,0,98054,47.7634,-121.4265,2660,23821
1937,600073,1,1.5,771,4044,1.0,1,0,3,13,300,471,1980,0,98072,47.2788,-122.4183,2616,38069
1938,954470,2,4.0,4011,14790,3.0,0,1,3,5,3354,657,2021,0,98015,47.5353,-121.3873,4146,13403
1939,790702,2,3.0,2271,45971,2.0,0,0,3,13,1067,1204,1957,0,98030,47.6989,-121.903,2902,29211
1940,491237,4,4.0,1762,32907,1.0,0,0,3,10,1553,209,1943,0,98055,47.3323,-122.4325,2687,16581
1941,895995,5,4.0,2924,4070,2.5,0,0,3,11,2583,341,2020,0,98073,47.5393,-122.349,4394,14292
1942,1170113,5,3.5,4861,42273,2.5,0,4,3,4,3789,1072,2017,0,98109,47.7922,-121.8605,1058,21274
1943,1267240,2,3.5,7569,39294,2.5,0,0,3,6,6073,1496,1947,0,98149,47.6963,-122.4811,4947,29566
1944,342161,1,1.0,1420,42227,1.5,0,0,4,4,755,665,1936,2003,98060,47.6455,-121.4018,3175,30454
1945,849596,1,2.0,3930,2474,1.5,0,0,3,9,3158,772,1924,0,98136,47.4075,-121.5445,1206,24950
1946,984643,6,3.5,4935,24891,1.5,0,0,3,6,4607,328,1924,0,98175,47.4159,-121.8945,2913,12389
1947,1074695,1,1.0,4984,22974,2.5,0,0,3,8,4429,555,1956,0,98120,47.4399,-121.3885,1969,8291
1948,838554,5,1.0,3124,4680,1.0,0,1,3,10,1865,1259,1912,1986,98164,47.5833,-122.1883,874,29834
1949,1089656,7,4.5,4260,32226,2.5,0,2,2,8,2796,1464,1976,0,98073,47.201,-121.4759,5866,7876
1950,593644,4,3.5,2550,45993,1.0,0,0,3,6,1406,1144,1911,0,98026,47.7027,-121.5338,3060,17164
1951,1017275,2,2.0,4000,24551,1.5,0,0,5,8,3753,247,1995,0,98084,47.1127,-121.8018,3444,6703
1952,499895,3,4.0,1665,39068,2.0,0,0,4,3,622,1043,1998,0,98123,47.219,-122.1174,581,20825
1953,449384,4,4.0,875,4306,1.5,0,0,3,8,300,575,1991,0,98070,47.4373,-121.83,4701,20860
1954,740802,7,2.0,2533,19212,3.0,0,0,4,13,2031,502,2007,0,98162,47.2765,-121.3513,3677,21110
1955,1364665,3,1.0,6967,10495,1.0,0,0,3,12,6604,363,1962,2013,98060,47.3559,-122.3985,3509,14899
1956,514068,4,4.5,645,30694,2.0,0,0,3,13,300,345,2019,0,98151,47.3328,-122.2588,2873,7112
1957,1433123,1,2.5,6577,45760,1.5,0,0,3,10,5354,1223,2021,0,98125,47.2883,-121.7273,4659,8406
1958,1053773,5,1.5,4888,19564,2.0,0,2,3,6,3462,1426,1961,0,98085,47.3662,-121.6859,3254,37582
1959,508062,7,3.0,931,18609,2.5,0,0,3,11,300,631,,0,98169,47.4537,-122.3026,5413,12783
1960,526058,3,4.0,1204,46980,1.0,0,1,3,8,393,811,1983,0,98090,47.4335,-121.5324,5185,30463
1961,1598911,7,2.0,7592,18714,3.0,0,3,4,8,6928,664,1927,0,98069,47.6683,-121.3858,977,2816
1962,1617395,4,2.0,6594,46422,2.5,1,3,3,6,5554,1040,1954,0,98183,47.3157,-122.4044,3196,14540
1963,806290,5,2.0,3132,37423,2.0,0,0,3,10,3094,38,1994,0,98073,47.2973,-121.3309,5721,25493
1964,1054331,7,5.0,4994,16633,1.5,0,0,3,7,4330,664,1987,0,98124,47.4531,-122.1625,5290,37688
1965,1300193,3,2.0,7460,34143,1.0,0,0,3,3,6594,866,2015,0,98045,47.1336,-122.1294,1808,4965
1966,519292,2,3.5,1463,2656,3.0,0,1,3,9,1169,294,1974,0,98061,47.1783,-122.4461,2764,21830
1967,1693799,4,4.5,7807,37199,1.5,1,0,3,10,7769,38,1941,0,98161,47.6622,-121.9031,1562,29553
1968,696894,2,1.5,2734,7300,3.0,0,3,3,8,2548,186,1960,0,98180,47.4456,-121.3543,5575,13534
1969,742946,1,5.0,2541,20705,1.0,0,0,3,9,1792,749,1979,0,98111,47.1466,-122.3068,3455,38297
1970,691751,2,5.0,2328,35080,2.0,0,0,3,9,1367,961,1937,0,98081,47.4083,-121.8078,5653,38559
1971,674428,2,4.5,2608,2064,3.0,0,0,5,6,1825,783,1980,0,98104,47.3788,-122.1707,1247,35304
1972,961531,6,2.0,4568,1768,1.0,0,2,3,6,4260,308,2008,0,98111,47.2723,-122.4776,5551,27729
1973,486109,4,3.5,1438,34854,3.0,0,0,4,3,1077,361,2013,2003,98019,47.3605,-121.3154,1487,13185
1974,1080083,1,4.0,5305,3536,1.5,0,0,3,4,4844,461,2007,0,98008,47.2318,-121.6406,5682,22209
1975,322573,2,5.0,1306,15969,3.0,0,0,3,5,638,668,1904,0,98198,47.4143,-121.6174,3758,22548
1976,673985,5,1.5,1963,11833,1.5,0,0,3,7,709,1254,1983,1983,98134,47.386,-121.7044,4666,19705
1977,1838063,3,4.0,7986,32823,1.5,1,0,3,12,7281,705,1947,0,98185,47.5253,-122.3275,625,16162
1978,1218168,2,2.5,5921,17407,1.0,0,0,3,11,4648,1273,1934,0,98088,47.7595,-122.252,3095,3754
1979,783305,1,1.5,3915,17894,2.5,0,0,3,7,3138,777,1947,0,98060,47.2298,-122.0372,1299,11139
1980,339132,2,2.5,510,37405,3.0,0,0,3,8,509,1,2006,0,98119,47.3922,-121.3054,4832,28472
1981,1289539,3,4.0,5681,6125,2.0,0,3,2,9,4183,1498,1913,0,98147,47.4936,-121.6929,4398,32246
1982,783194,1,3.0,2368,18122,1.5,0,4,3,6,1716,652,1953,0,98125,47.4829,-121.9691,4301,8161
1983,1324511,4,3.0,6869,13248,2.5,0,0,3,10,6688,181,1925,0,98180,47.5629,-121.9183,1961,33169
1984,1624970,1,5.0,7820,35039,1.5,0,0,4,13,7819,1,2017,0,98169,47.2876,-121.3934,533,4480
1985,1509143,4,2.5,7207,16505,2.5,0,0,3,8,6014,1193,2008,1981,98091,47.5442,-122.2643,4254,16169
1986,1357020,1,3.5,5367,36652,2.5,0,4,3,13,4074,1293,1942,0,98088,47.2408,-122.115,5539,33098
1987,1226866,7,2.5,6190,2581,2.0,0,0,3,3,5214,976,2009,0,98166,47.1878,-122.055,5776,38432
1988,1266877,3,2.5,6203,8287,2.5,0,0,4,8,5897,306,1941,0,98127,47.6822,-121.4228,5947,38692
1989,1168606,3,4.0,5929,47946,2.0,0,0,3,4,5054,875,1987,0,98069,47.4316,-121.5679,4237,5305
1990,487376,1,5.0,1384,8597,1.0,0,0,3,6,1336,48,,0,98144,47.3781,-121.7911,4745,7768
1991,1571054,7,3.0,7910,47729,1.5,0,0,3,13,6465,1445,1917,0,98039,47.75,-122.1223,2656,13025
1992,904738,2,4.0,4064,38201,2.0,0,1,3,6,3069,995,2002,0,98097,47.5968,-122.2574,3517,4498
1993,858779,3,1.5,1889,2814,1.5,1,0,3,12,581,1308,1954,0,98051,47.574,-122.1031,1156,7768
1994,844022,4,2.0,3901,11276,3.0,0,0,3,12,3522,379,1949,0,98133,47.236,-121.3847,3040,10902
1995,1645528,4,3.0,7774,1087,1.0,1,0,3,7,6984,790,,0,98116,47.2465,-121.4077,1851,17681
1996,1154847,5,1.0,4821,1159,3.0,0,2,4,12,4031,790,,0,98083,47.4382,-121.9937,4709,18795
1997,267903,6,2.0,1324,38536,3.0,0,0,2,4,821,503,1933,1988,98190,47.5566,-122.1094,1351,20233
1998,824733,7,3.0,2765,47824,2.5,0,0,3,8,1982,783,1988,0,98115,47.3767,-121.4385,607,18975
1999,556499,6,1.0,1436,5011,2.5,0,0,5,13,881,555,1939,0,98041,47.1449,-121.9645,4882,29200
2000,1055542,6,2.0,3300,17357,3.0,1,3,3,5,2729,571,2018,0,98085,47.5781,-122.4536,1905,12936
2001,857346,4,3.0,3053,7215,2.5,0,0,3,11,1831,1222,2010,0,98195,47.6416,-122.0851,4489,28901
2002,1308740,5,3.5,6902,13460,1.5,0,0,3,8,6794,108,1929,0,98059,47.761,-121.7712,5470,25518
2003,1215249,6,4.5,6507,34422,2.5,0,0,4,5,6443,64,1969,0,98092,47.3861,-121.3665,2572,29139
2004,1080769,6,3.5,4345,18893,3.0,0,2,2,5,2969,1376,2016,1998,98147,47.2806,-121.9905,2790,10033
2005,645739,1,2.5,2296,5774,2.5,0,0,3,7,1175,1121,2008,0,98080,47.7481,-122.2119,2111,1157
2006,235845,1,4.5,553,43015,2.5,0,0,4,8,300,253,1924,0,98062,47.6006,-122.0386,5264,32859
2007,1433732,1,4.0,7714,37712,2.0,0,0,2,6,7447,267,1968,2001,98181,47.1448,-122.4315,3893,6499
2008,391695,2,2.0,1226,36853,2.0,0,0,4,7,300,926,1928,0,98194,47.506,-121.4214,5121,22698
2009,774014,6,1.5,3236,45338,3.0,0,0,5,5,3150,86,1985,0,98008,47.12,-122.4599,5925,31503
2010,1467408,2,3.5,6140,18961,1.5,0,4,3,12,4723,1417,1966,0,98046,47.2586,-122.4988,5707,16681
2011,782271,5,3.0,3670,34129,1.0,0,0,3,6,3221,449,1956,0,98102,47.1497,-121.763,1634,32249
2012,1282052,7,4.0,5639,8729,1.0,0,3,4,10,4711,928,1946,0,98140,47.2434,-122.3152,5131,28657
2013,673728,4,4.0,2413,47622,3.0,0,0,3,10,1673,740,1993,0,98088,47.4429,-122.1447,2336,15495
2014,1247451,6,3.5,6372,11963,1.5,0,3,4,3,5902,470,1987,0,98065,47.3092,-121.9108,5915,8023
2015,575657,4,5.0,2096,22527,1.5,0,0,3,6,1332,764,2004,1990,98023,47.1616,-121.5495,3825,37052
2016,615443,7,3.0,2414,42877,1.5,1,0,2,4,2305,109,1916,0,98039,47.4374,-122.035,1294,2194
2017,590096,1,1.5,2966,33818,2.0,0,0,3,6,2673,293,1948,1985,98060,47.5959,-121.3515,4017,22293
2018,800729,6,4.5,3237,21175,3.0,0,0,3,7,3023,214,2008,0,98155,47.1372,-121.9562,4761,38844
2019,382760,3,2.0,1349,7594,1.0,0,0,3,3,300,1049,1949,0,98185,47.7177,-121.396,913,10626
2020,704484,2,4.0,2609,13301,1.5,0,0,2,7,1382,1227,1983,2014,98044,47.5571,-121.9572,892,27573
2021,1519692,2,5.0,7812,31562,3.0,0,0,3,9,6361,1451,1989,0,98070,47.4636,-121.8806,731,15472
2022,1379836,6,4.0,6859,20436,1.0,0,0,3,7,5900,959,1904,0,98156,47.3774,-121.3503,2442,18418
2023,410662,7,3.5,502,41808,2.0,0,1,4,9,300,202,1912,0,98151,47.3753,-121.6901,2793,17710
2024,1051448,1,3.0,4755,17266,2.5,0,0,4,11,4075,680,1962,0,98116,47.3349,-122.3208,4198,14444
2025,1125908,2,2.5,4569,32841,1.0,0,3,3,10,3518,1051,1938,0,98034,47.181,-121.7817,4148,22736
2026,1067483,1,2.5,5376,8404,1.0,0,3,3,3,4035,1341,1967,0,98025,47.1555,-122.2297,1686,28194
2027,1894443,5,3.5,7787,41845,1.0,1,0,3,12,6365,1422,1944,1984,98139,47.3162,-122.1284,5258,7722
2028,603080,4,4.0,1392,21673,2.5,0,0,3,12,1127,265,1916,0,98048,47.5669,-121.4942,1385,29754
2029,606875,7,3.5,2530,47571,1.5,0,0,3,4,1635,895,2003,0,98065,47.3019,-121.6814,1109,17495
2030,881505,3,2.0,3660,34132,2.5,0,0,4,8,2667,993,1958,2005,98102,47.6686,-122.1557,597,15623
2031,653084,4,3.0,2876,21301,1.0,0,0,3,7,2592,284,1998,0,98138,47.3662,-122.4944,5715,36496
2032,1037508,4,4.0,5175,14175,2.0,0,0,3,3,4089,1086,2020,0,98154,47.5418,-121.8626,1446,13682
2033,639589,5,3.0,2433,19969,1.0,0,0,4,4,1835,598,1994,2003,98138,47.4023,-122.1998,2182,12426
2034,504681,2,3.0,1880,38452,2.0,0,0,3,5,967,913,1979,0,98018,47.4485,-122.466,2288,38515
2035,1039985,3,4.0,4181,45050,3.0,0,0,3,12,3515,666,,0,98188,47.2751,-122.4241,3057,22643
2036,817079,2,3.5,1790,8245,2.0,1,2,3,7,1771,19,1958,0,98073,47.4597,-121.6921,5846,12901
2037,760937,6,2.5,2140,8465,1.0,0,0,3,9,769,1371,1995,0,98045,47.1775,-122.0029,2979,20122
2038,1399485,4,4.5,5547,18513,2.5,1,0,3,8,5498,49,1996,0,98154,47.3707,-122.185,5476,27787
2039,1433385,6,1.5,7990,20416,1.0,0,0,3,5,6778,1212,2021,0,98106,47.4138,-121.4444,5463,3845
2040,633894,1,5.0,3182,44786,1.0,0,0,3,8,3116,66,1907,2015,98137,47.5928,-121.5099,5732,9616
2041,367806,4,1.5,1487,18065,3.0,0,0,3,6,1123,364,1929,0,98036,47.3802,-121.9406,2263,9066
2042,420464,2,1.0,1718,30025,1.5,0,0,3,5,493,1225,1902,0,98143,47.5658,-122.1693,2393,31384
2043,1307393,4,4.5,5516,24335,1.0,1,0,3,6,4604,912,1916,0,98152,47.2222,-121.8914,4590,21406
2044,1410119,1,2.0,7381,47709,3.0,0,0,3,13,6259,1122,1950,1991,98168,47.1177,-121.5965,553,12982
2045,531968,5,4.0,1855,3479,2.5,0,0,3,10,1195,660,1923,0,98130,47.4542,-122.4871,5607,4961
2046,1143980,6,4.0,4765,3912,3.0,1,0,3,3,3789,976,1979,0,98132,47.4317,-121.7649,4314,29039
2047,1061028,6,4.5,5116,21069,3.0,0,0,4,5,3933,1183,1963,1994,98095,47.5688,-121.6478,5285,38168
2048,1361513,2,5.0,6082,13972,2.0,0,0,4,12,5267,815,1983,0,98020,47.3195,-121.5198,1772,38822
2049,1034430,4,2.0,4635,23614,1.5,0,0,3,10,4608,27,1973,0,98167,47.1209,-122.2401,3320,3674
2050,788021,2,4.0,2060,27119,1.5,0,1,3,12,1595,465,2018,0,98045,47.6065,-122.2559,4633,9869
2051,1568250,5,1.5,7928,30030,2.5,0,0,4,11,6707,1221,1987,0,98154,47.7595,-122.2411,960,17905
2052,536444,4,2.5,1918,29747,3.0,0,0,3,5,686,1232,2010,0,98188,47.376,-121.3823,5954,39783
2053,573840,4,4.5,1454,47192,2.5,0,0,3,11,300,1154,1970,0,98197,47.5278,-122.3308,951,27008
2054,1642735,2,2.5,7893,30315,2.5,0,2,3,12,7628,265,2011,0,98068,47.4813,-121.5824,1753,32667
2055,608446,2,3.5,1483,29180,1.5,0,2,3,13,714,769,1948,0,98086,47.4962,-121.3159,4405,9778
2056,1523848,1,3.0,7791,24483,1.5,0,1,3,12,6799,992,1919,0,98070,47.7072,-121.3645,3130,17178
2057,628170,7,3.5,1474,9776,1.5,0,0,5,6,300,1174,1976,0,98118,47.6154,-122.0081,784,21769
2058,1013516,7,5.0,4633,30936,1.0,0,1,3,6,4377,256,1928,0,98031,47.6389,-121.4928,4113,39968
2059,1375533,5,1.0,6971,24083,3.0,0,0,4,9,5612,1359,1909,0,98127,47.163,-121.6958,777,6987
2060,1166234,7,3.5,5870,2627,2.5,0,0,3,8,5013,857,1908,0,98197,47.2027,-121.4578,2020,20636
2061,1131458,1,4.5,4472,16486,3.0,0,0,3,12,3216,1256,1970,0,98135,47.5643,-122.3066,3479,4891
2062,1138958,6,3.0,5795,37558,2.5,0,0,3,5,5723,72,2007,0,98069,47.4783,-121.5821,5036,36739
2063,1308548,4,1.5,6221,4034,2.5,0,0,4,10,5185,1036,1962,0,98004,47.642,-121.7961,3702,34097
2064,486753,2,3.0,1413,33323,2.5,0,0,2,7,831,582,1932,0,98037,47.1652,-121.8519,2092,26989
2065,1155191,4,2.5,5049,25695,2.5,1,1,3,4,4025,1024,1923,0,98118,47.4965,-121.6253,5137,21772
2066,414311,4,1.5,536,30465,2.0,0,2,4,12,300,236,1979,0,98002,47.4402,-122.1723,3416,32326
2067,825593,3,4.5,3887,31036,2.0,0,0,3,5,3405,482,1931,1980,98177,47.6983,-122.4105,4611,21707
2068,595605,6,3.0,2211,30201,1.0,0,0,3,9,972,1239,1903,0,98017,47.231,-121.8975,4070,6555
2069,972264,3,4.5,3520,41070,1.5,0,2,3,12,3326,194,1961,0,98017,47.3441,-122.1374,1973,6921
2070,638372,7,4.0,1295,49765,2.5,0,1,3,11,300,995,1977,0,98168,47.2053,-122.1923,5566,20720
2071,986822,4,4.0,4536,29051,3.0,0,0,4,3,4134,402,2018,0,98051,47.4162,-121.3018,5410,15492
2072,1050886,2,1.0,5568,20627,2.0,0,0,3,8,5565,3,1992,0,98114,47.717,-122.2626,4431,9232
2073,1170207,4,2.5,5188,40887,1.5,0,0,3,13,4424,764,1921,0,98028,47.5692,-122.2173,5008,13401
2074,1205343,6,2.0,5733,10823,1.0,0,0,3,11,5192,541,1922,0,98122,47.621,-122.0993,1166,7777
2075,944750,3,,3611,40502,1.5,0,0,3,9,2808,803,1989,2009,98046,47.1653,-121.9036,2053,39027
2076,534961,2,1.5,1824,44833,2.5,1,0,3,5,1719,105,1925,0,98114,47.4164,-121.4571,3611,14534
2077,1564766,4,2.0,6867,44057,1.5,1,0,3,9,6746,121,1948,0,98109,47.6871,-122.2883,1336,26189
2078,412417,5,3.0,817,8837,2.5,0,0,5,4,300,517,1943,0,98127,47.6862,-121.7608,4681,30814
2079,906815,6,2.0,2896,42853,2.0,0,2,4,12,2189,707,2010,0,98106,47.7916,-122.0578,3851,39314
2080,597697,6,2.0,2662,31383,2.0,0,0,3,4,1680,982,1921,0,98087,47.4682,-121.5437,4052,23873
2081,670881,5,3.5,3245,36142,2.5,0,0,3,3,2531,714,2007,0,98102,47.1015,-121.7777,639,7332
2082,1113658,4,1.5,5942,24575,3.0,0,1,2,5,5171,771,1966,1997,98049,47.7293,-121.5459,2244,25607
2083,563872,6,1.0,2091,36280,2.0,0,0,3,3,801,1290,1941,2020,98145,47.7693,-121.4739,4143,20611
2084,951091,2,2.5,3611,16696,3.0,0,0,3,10,2347,1264,1951,0,98027,47.7494,-121.4054,853,12418
2085,1412111,4,4.0,6485,20558,2.5,0,0,3,13,5409,1076,1916,0,98190,47.6403,-121.3052,5804,8296
2086,1365939,4,3.0,6683,26014,2.5,0,2,3,10,5536,1147,1913,0,98011,47.2483,-121.7574,3207,35055
2087,1015682,3,2.5,4430,45800,2.0,0,4,3,6,3319,1111,1963,2019,98124,47.1973,-121.735,1595,10238
2088,479755,6,3.5,2496,39648,3.0,0,0,4,3,2187,309,1944,0,98172,47.5906,-122.3313,1457,30087
2089,1137208,6,2.5,6368,8466,2.5,0,1,3,4,5517,851,1963,0,98108,47.1983,-122.3739,5599,22122
2090,477090,5,4.5,1812,4796,2.0,0,0,3,4,1256,556,1929,0,98036,47.7673,-121.9148,3891,1325
2091,643117,3,1.0,1785,17508,2.5,1,2,3,4,873,912,1912,0,98121,47.4121,-121.6676,3791,13286
2092,1235162,7,3.5,4811,7467,1.5,0,3,3,11,4114,697,1925,0,98144,47.1216,-122.2022,5714,37272
2093,1404447,3,4.5,7814,42668,1.5,0,0,5,9,7802,12,2003,0,98060,47.2054,-122.1074,4187,16032
2094,826296,6,4.0,2883,27408,2.0,0,1,3,11,2675,208,1931,0,98097,47.3033,-121.6598,4541,29632
2095,967137,4,1.5,3739,26980,2.5,0,0,4,12,3305,434,1945,0,98180,47.5926,-122.246,3202,23184
2096,806616,3,2.0,2639,10620,2.0,0,0,3,12,1564,1075,1997,0,98022,47.6161,-121.8744,5114,27066
2097,1267860,5,4.0,6996,13051,1.0,0,2,3,4,6147,849,1950,0,98077,47.2491,-121.8537,2781,18740
2098,1270592,3,1.5,7214,2427,2.0,0,0,3,7,7108,106,1986,0,98199,47.554,-121.3997,4778,7052
2099,1280885,5,4.0,7459,1292,2.0,0,0,4,3,6836,623,1933,0,98121,47.1223,-122.0173,1772,26640
2100,520882,7,4.0,2204,27105,1.5,0,0,2,4,2085,119,2007,0,98038,47.172,-122.2473,5095,11653
2101,1438666,3,4.0,7424,24888,1.5,0,2,4,6,7358,66,2015,0,98065,47.4745,-122.2913,4648,39235
2102,464868,5,1.5,862,25392,2.5,0,1,3,12,300,562,1975,0,98179,47.5927,-122.1482,649,10641
2103,626720,3,4.0,3104,11207,2.0,0,0,3,3,3023,81,1986,0,98086,47.7401,-122.1653,2906,10507
2104,656920,7,3.5,2216,3544,2.0,0,0,3,10,1503,713,1927,0,98127,47.4064,-121.5998,2952,18990
2105,1260836,3,4.5,5789,20606,2.5,0,4,3,8,5676,113,1918,0,98151,47.184,-121.7875,845,20922
2106,847210,2,1.0,4951,19643,3.0,0,0,3,3,4192,759,1947,0,98127,47.7503,-121.6811,1853,39768
2107,1077239,5,1.0,4786,32102,2.5,0,3,4,11,4333,453,1997,0,98015,47.4062,-121.7436,4940,13365
2108,926629,7,2.5,4238,24769,1.5,0,2,3,3,3279,959,1971,0,98108,47.4482,-121.9225,2443,31320
2109,711477,5,1.5,2969,32824,1.5,0,0,3,13,2738,231,1933,0,98079,47.6981,-121.3861,2087,11009
2110,1078687,5,3.0,5295,31419,2.0,0,0,3,6,4523,772,2005,0,98031,47.51,-121.5191,4842,17211
2111,1384682,1,4.5,6650,2246,1.5,1,0,2,7,6089,561,1915,0,98156,47.311,-122.247,5336,23126
2112,1443901,7,2.5,6776,12985,2.5,0,0,3,13,6461,315,1970,0,98067,47.4785,-121.9916,4791,10499
2113,441484,3,4.5,1056,46268,2.0,0,0,3,11,582,474,1926,0,98170,47.5374,-122.1545,5360,19603
2114,531341,5,1.0,1325,14402,2.5,0,1,4,4,450,875,1950,0,98153,47.7229,-121.6052,4591,26873
2115,906855,6,1.5,3308,5121,2.5,0,1,3,11,2938,370,1983,1998,98033,47.2644,-122.0867,1029,4590
2116,970936,1,1.0,5650,32014,2.0,0,0,4,3,4658,992,1953,0,98097,47.4916,-121.7317,536,8147
2117,1273938,2,2.5,7178,41125,3.0,0,1,3,6,6921,257,1998,0,98151,47.7443,-122.1493,5182,18050
2118,1179036,5,4.5,5021,34849,1.5,0,0,2,13,4299,722,1916,0,98092,47.1318,-122.294,5881,19474
2119,740329,5,1.5,3219,22099,1.0,0,0,3,9,2791,428,1991,0,98053,47.2362,-122.489,4628,7807
2120,1208643,1,3.5,7006,4102,1.0,0,0,4,6,5973,1033,1971,0,98144,47.3424,-121.3065,5143,33602
2121,963046,3,3.0,4008,34895,1.0,0,2,4,10,3332,676,1967,0,98165,47.5749,-122.2366,4834,30404
2122,995854,6,5.0,4241,23124,1.5,0,0,3,9,3579,662,1996,0,98133,47.6893,-121.5013,2130,35845
2123,564728,2,1.5,2074,15019,3.0,0,0,2,8,1650,424,2013,0,98139,47.2394,-121.5135,2215,22931
2124,1082168,5,2.0,4498,16652,2.5,0,0,3,7,3158,1340,1985,2007,98012,47.2727,-122.2168,1924,1612
2125,984842,3,1.0,2629,29095,2.0,1,0,4,12,2000,629,1994,0,98021,47.6763,-122.0012,2172,8927
2126,616320,7,2.5,2903,26646,3.0,0,0,4,5,2770,133,1900,0,98146,47.2038,-121.4967,5186,11160
2127,967500,6,2.0,3829,11950,1.0,0,0,3,10,2869,960,2004,1991,98142,47.2828,-121.6722,4368,5950
2128,412634,7,4.5,1088,49183,1.5,0,2,3,6,1071,17,1913,0,98033,47.6129,-122.0561,4727,30482
2129,714827,6,3.5,2512,37079,1.5,0,0,4,10,1142,1370,1906,0,98149,47.2163,-121.361,5835,38169
2130,455223,2,3.5,2047,28408,2.0,0,0,3,3,1680,367,1963,0,98154,47.6796,-122.0892,5835,12309
2131,460311,4,3.0,794,22897,2.5,0,0,3,13,627,167,1971,0,98153,47.4434,-122.2455,2143,14547
2132,637220,6,1.5,2485,43794,3.0,0,4,3,4,2469,16,1907,0,98035,47.4133,-122.3239,4991,5381
2133,1088766,4,3.0,5843,12452,3.0,0,0,3,4,4935,908,1953,0,98063,47.1947,-121.6584,5297,34655
2134,1364302,7,5.0,6144,30558,3.0,0,2,4,8,4647,1497,1923,0,98114,47.5758,-122.4652,2335,18152
2135,817709,6,4.5,3617,9183,2.5,0,1,4,7,3075,542,1954,0,98117,47.7188,-121.485,5895,18820
2136,683932,2,4.5,2190,25556,2.5,0,1,3,12,1464,726,1900,0,98119,47.5845,-122.1349,3065,20600
2137,741042,1,4.5,1636,8889,2.5,0,2,3,12,1331,305,1998,0,98125,47.3218,-122.0562,2848,23601
2138,1198626,2,1.5,5852,4184,2.0,0,0,4,9,5474,378,2004,0,98148,47.5892,-121.5378,2232,7220
2139,641284,2,2.0,2564,48496,1.5,0,0,3,4,2225,339,1971,0,98063,47.457,-121.523,4142,3419
2140,1085985,1,1.0,4955,41954,1.0,0,0,3,11,4805,150,1968,0,98194,47.6976,-122.02,580,17717
2141,1397062,1,2.0,7890,2757,2.5,0,1,3,4,6822,1068,1931,0,98105,47.4218,-121.8354,3852,27908
2142,1314223,3,1.5,7509,5892,1.5,0,3,3,3,7303,206,1900,0,98118,47.2661,-121.6849,4702,23375
2143,1100111,6,3.0,5295,9330,2.5,0,3,3,4,3850,1445,1965,0,98140,47.1709,-121.6737,5761,28661
2144,1249045,7,3.5,5043,41334,1.0,0,0,3,13,4905,138,1941,0,98032,47.2967,-121.8591,2895,12816
2145,1503044,3,4.5,7499,18421,2.5,0,0,2,5,6084,1415,2009,0,98107,47.4945,-121.4871,941,2983
2146,1406456,1,4.0,7008,14950,1.5,0,0,4,8,6163,845,1978,0,98097,47.219,-121.4903,4498,16436
2147,1112924,4,5.0,5270,6122,2.0,0,0,4,9,4887,383,2005,0,98048,47.1278,-121.4814,2958,24296
2148,582617,7,1.0,1507,2675,1.0,0,0,4,13,782,725,1908,0,98120,47.4142,-122.1781,4636,27379
2149,1236580,4,1.0,5945,49441,1.5,0,0,3,8,5272,673,1975,0,98187,47.3432,-122.1917,1959,19143
2150,1083591,2,3.5,3014,36597,3.0,1,4,3,3,1542,1472,1973,0,98020,47.3943,-122.3322,1703,13323
2151,1569721,5,2.0,7057,22800,3.0,0,0,4,11,6066,991,1923,0,98105,47.4179,-121.5083,2033,22024
2152,930474,2,2.0,4026,36600,3.0,0,0,4,10,3824,202,2004,0,98101,47.6362,-122.4272,3267,37483
2153,1031085,2,2.5,5181,23255,2.0,0,0,3,4,5172,9,2013,0,98037,47.7726,-122.3376,1445,30106
2154,975859,5,2.0,5852,14153,2.5,0,0,3,3,5503,349,1918,0,98040,47.2836,-121.3885,1366,30384
2155,642782,6,3.0,1747,8587,2.5,0,3,3,9,648,1099,1950,0,98119,47.7597,-122.3499,4544,21934
2156,973622,1,3.0,5589,43776,2.5,0,0,3,5,4852,737,1980,1990,98189,47.2599,-122.3545,1698,38137
2157,841875,4,3.0,4402,15581,2.0,0,0,3,5,4186,216,1901,0,98056,47.6285,-121.4091,2276,4130
2158,756162,2,3.5,1935,33743,3.0,0,0,4,13,620,1315,1909,0,98014,47.5769,-122.1279,5735,37476
2159,609177,5,2.5,1071,3984,2.5,0,4,3,12,1068,3,1968,0,98164,47.1366,-121.4423,3015,22910
2160,756265,3,2.0,2882,23991,2.0,0,0,3,11,1481,1401,2002,0,98090,47.6074,-122.0468,4714,33483
2161,365023,2,1.5,1745,35015,2.0,0,0,4,4,1140,605,1905,0,98034,47.7308,-122.0516,1089,15611
2162,656362,4,,2584,44306,1.5,0,0,3,7,1523,1061,1961,2009,98006,47.7512,-122.3378,661,5579
2163,1089479,1,4.0,5584,11185,2.5,0,0,4,6,4997,587,1965,0,98046,47.5796,-121.3977,1215,5034
2164,330691,2,4.0,777,10272,3.0,0,2,2,3,300,477,1907,0,98119,47.6506,-121.586,4629,25628
2165,1331905,2,3.5,5815,44681,1.0,0,0,4,8,4703,1112,1967,0,98150,47.1501,-122.2292,4611,12317
2166,1503613,6,2.0,7559,37478,2.0,0,0,3,8,6738,821,1958,0,98099,47.2129,-121.6266,2838,24415
2167,732733,5,3.5,2387,41096,1.5,0,0,4,13,1558,829,1949,0,98083,47.2837,-122.3756,3294,1829
2168,1197507,3,3.5,5079,14624,1.0,1,4,3,3,4805,274,1994,0,98151,47.4719,-121.8714,1837,11387
2169,495127,3,3.0,1765,49120,2.0,0,0,3,9,592,1173,1935,0,98114,47.3704,-122.1949,4544,5376
2170,1836501,7,3.0,7991,15235,1.5,1,2,3,8,7386,605,1907,0,98064,47.56,-121.4793,5390,3738
2171,1048390,1,3.0,5326,23578,2.5,0,0,3,6,3990,1336,1994,0,98096,47.412,-121.8866,529,28540
2172,1381885,7,3.5,6835,29806,1.5,0,2,3,9,5825,1010,1916,0,98172,47.6425,-121.3945,1940,37602
2173,638717,4,4.0,1540,34767,2.0,0,4,4,5,1441,99,1958,0,98011,47.5995,-121.7978,2899,9591
2174,1394052,1,1.5,7167,15465,2.5,0,0,3,12,5885,1282,2020,0,98068,47.6231,-121.8952,961,10418
2175,630465,2,4.0,1417,9866,3.0,0,0,3,13,300,1117,2009,0,98061,47.6802,-121.6673,3619,2675
2176,1380315,2,1.5,7044,25623,1.5,0,0,3,8,6017,1027,2003,0,98076,47.684,-121.5592,2395,38986
2177,607769,3,1.5,1385,38324,1.0,0,1,4,8,974,411,1977,0,98056,47.6457,-122.4817,3911,1196
2178,918099,4,5.0,3252,32995,2.5,0,0,3,12,2663,589,1907,1985,98179,47.1461,-121.8733,2034,15694
2179,465904,5,5.0,521,36906,2.5,0,0,4,8,300,221,2021,0,98063,47.5362,-121.5691,5362,23327
2180,1235511,4,1.0,5069,2350,3.0,1,0,3,5,4744,325,1988,0,98030,47.1139,-122.011,4436,12752
2181,914411,2,3.0,3691,36261,1.5,0,0,3,12,2719,972,1977,0,98010,47.6206,-122.4459,2451,26765
2182,1332781,5,1.5,6853,28318,1.0,0,0,3,7,5829,1024,1986,0,98151,47.1427,-122.4789,5085,4605
2183,596155,4,3.0,2853,48450,3.0,0,2,4,3,2254,599,1942,0,98001,47.7883,-121.5474,4048,12344
2184,1832437,4,4.5,7937,14973,1.5,1,2,3,8,6496,1441,2004,0,98048,47.5299,-122.2623,3450,6109
2185,1164636,5,5.0,5299,29827,1.0,0,0,4,9,4096,1203,1962,0,98132,47.2274,-122.2901,4364,23036
2186,655291,2,3.5,1186,2089,1.0,1,0,3,7,1177,9,1980,1990,98119,47.4278,-122.1525,4342,16706
2187,365188,4,2.5,784,42007,2.0,0,0,3,7,410,374,2012,0,98156,47.6787,-122.3774,3999,13012
2188,1143090,5,3.5,5311,41375,1.0,0,1,4,8,4666,645,1911,0,98172,47.226,-122.4361,4318,6235
2189,1055397,6,2.0,4247,11659,1.5,0,0,3,9,2772,1475,1983,1981,98117,47.4757,-121.4533,2516,16347
2190,552508,6,4.5,1262,6655,3.0,0,0,3,6,300,962,1997,0,98067,47.1025,-122.1367,2847,8261
2191,1202626,2,4.5,5846,4743,3.0,0,0,3,9,4698,1148,1955,0,98130,47.6519,-121.8011,5436,23189
2192,1097350,5,3.0,5543,39741,2.0,0,1,3,7,4088,1455,1948,0,98105,47.2362,-121.4706,5795,33442
2193,785164,6,2.5,2928,26577,1.5,0,0,3,9,1604,1324,1951,0,98058,47.371,-121.327,3134,22838
2194,680454,5,2.0,3007,7597,1.0,0,0,3,3,2356,651,1910,0,98006,47.4712,-121.6738,3436,10514
2195,1168863,4,1.0,5626,34778,2.0,0,0,5,12,5524,102,1926,0,98170,47.2014,-121.3598,3557,14366
2196,286732,2,4.5,528,49726,2.5,0,0,4,4,300,228,1961,0,98017,47.7487,-121.9918,4951,34994
2197,379501,6,3.0,1406,1461,1.5,0,0,3,4,522,884,1908,0,98165,47.4282,-121.5525,810,26158
2198,891202,7,2.5,3604,5150,2.0,0,0,3,9,2688,916,1981,0,98172,47.2622,-121.3749,2108,23497
2199,1592030,4,3.0,7522,48476,3.0,0,0,3,11,7413,109,2001,0,98023,47.6146,-122.4362,1111,20103
2200,1625052,7,4.5,6722,33142,2.0,1,2,4,9,6499,223,1935,1995,98040,47.7259,-122.1191,980,28279
2201,900938,7,1.5,4499,33379,2.5,0,0,3,8,4276,223,1945,0,98172,47.7389,-121.6117,3766,14017
2202,797404,1,4.5,3494,45970,1.5,0,0,4,5,2744,750,1991,0,98159,47.4018,-122.1217,1709,22882
2203,770913,1,4.5,3006,15397,2.0,0,0,3,7,2376,630,1983,0,98076,47.3516,-122.4796,5469,16015
2204,1267905,2,5.0,5165,7805,1.0,0,0,3,12,4323,842,2017,0,98124,47.7505,-121.5316,4332,27280
2205,1161651,6,2.5,6602,7635,1.5,0,0,3,4,6389,213,2005,0,98141,47.137,-122.3023,1839,6009
2206,1013558,6,2.0,4109,31167,2.0,0,2,3,11,2743,1366,1928,0,98124,47.6254,-122.115,3643,39228
2207,1035823,6,2.5,4053,23093,2.0,0,0,4,8,2673,1380,1967,0,98098,47.2243,-121.4073,5876,16849
2208,717329,5,2.5,1953,49152,1.5,0,2,3,11,491,1462,1978,0,98020,47.4259,-122.2494,4638,35184
2209,1141412,4,1.5,5333,25026,3.0,0,2,3,11,5078,255,1940,0,98175,47.7676,-121.4263,5707,34710
2210,991994,6,3.5,3856,39332,1.0,0,0,3,9,3190,666,2007,0,98010,47.5068,-121.9929,1664,4194
2211,564523,4,3.0,1015,6797,1.5,1,1,4,7,300,715,1927,0,98193,47.4664,-121.3982,3552,32486
2212,1457541,2,4.5,6596,18229,1.0,1,0,3,6,5169,1427,1963,0,98052,47.1433,-121.4478,2733,39004
2213,1331525,7,1.0,7766,8252,1.0,0,0,3,3,6701,1065,2003,2002,98063,47.2941,-122.0017,3509,26738
2214,1518900,6,3.5,7040,14776,1.5,0,4,3,11,5629,1411,1923,0,98157,47.1021,-121.3938,3476,4536
2215,398983,2,4.0,538,20917,2.0,0,0,4,8,300,238,2000,0,98182,47.7125,-121.7407,4087,33880
2216,654244,6,4.0,3842,12872,3.0,0,0,3,4,3148,694,1915,0,98126,47.5514,-121.9293,3826,27519
2217,582399,1,4.5,1386,32465,1.0,0,0,4,9,300,1086,1921,0,98086,47.1826,-121.8632,3042,23420
2218,808639,3,4.0,3344,44449,1.0,0,0,4,8,2784,560,1946,0,98050,47.3544,-122.424,3011,16210
2219,579277,2,4.5,2704,48337,2.0,0,0,4,6,2378,326,1916,0,98065,47.668,-121.5309,4736,7178
2220,507329,6,2.5,1598,35769,1.5,0,3,5,8,756,842,1900,0,98044,47.1982,-122.149,2424,21767
2221,1522820,3,3.0,7527,25441,3.0,0,0,4,13,6450,1077,1930,0,98008,47.2612,-122.1758,5883,17998
2222,689044,2,1.0,2323,46872,1.0,0,2,2,8,1907,416,1988,0,98009,47.479,-121.6415,3486,26497
2223,811125,5,1.0,3701,18899,1.0,0,0,3,7,2680,1021,1911,0,98023,47.2015,-122.055,1971,21881
2224,1184977,6,2.0,6306,25796,1.5,0,0,2,3,4923,1383,1919,0,98162,47.3679,-121.883,3899,9168
2225,1282345,5,1.5,5569,8108,2.0,1,0,3,5,4341,1228,1918,0,98016,47.7875,-121.9941,4075,10931
2226,806936,1,2.0,3655,10047,2.5,0,0,2,9,2753,902,1904,0,98190,47.4807,-121.8944,5949,37585
2227,718442,6,1.5,3593,38940,2.0,0,0,3,4,3314,279,1914,0,98065,47.5911,-122.2334,4658,16891
2228,1103112,7,1.0,4030,15217,1.0,0,3,2,12,2952,1078,2004,2005,98180,47.5643,-121.4381,1328,32973
2229,1281717,1,4.5,6158,40169,1.0,0,0,3,12,5936,222,1924,1992,98113,47.2482,-121.7678,530,14857
2230,678336,3,1.0,4278,41479,3.0,0,0,4,3,4171,107,1934,0,98151,47.6923,-122.2195,1599,26690
2231,856667,2,4.0,3396,41384,2.0,0,0,4,10,2679,717,2007,0,98038,47.1854,-122.3902,800,20828
2232,890804,4,1.5,3953,37497,2.5,0,0,4,9,3270,683,1954,0,98122,47.7451,-121.8574,3211,15261
2233,1440942,1,4.5,7391,4855,3.0,0,0,3,8,6790,601,1962,0,98168,47.2513,-121.9383,2098,36626
2234,1084092,4,4.5,4011,20215,2.5,0,0,3,12,3051,960,2014,2002,98114,47.7683,-121.381,5647,28842
2235,500388,4,3.5,1488,7564,3.0,0,2,3,7,459,1029,1946,0,98008,47.6586,-122.2232,5140,21602
2236,1018581,2,3.5,4616,21790,2.0,0,1,3,8,4110,506,1966,1989,98032,47.2197,-121.4421,3330,34791
2237,1212521,3,1.0,6946,27170,1.0,0,0,3,3,5752,1194,2015,0,98040,47.2123,-121.5802,2191,8499
2238,1226146,2,5.0,5464,29887,2.5,0,0,2,11,4590,874,1981,0,98194,47.1592,-121.9282,1563,13922
2239,1105271,6,4.5,4526,36509,2.0,1,0,3,3,4259,267,1963,0,98176,47.2731,-121.4515,4927,34598
2240,974917,1,4.5,4679,14650,2.5,0,1,3,6,4487,192,1921,0,98013,47.5614,-121.4657,1425,38042
2241,688956,4,3.5,2182,31971,2.0,0,2,4,5,1427,755,1979,0,98123,47.4642,-121.6427,5963,8789
2242,1440656,2,2.5,6572,24847,3.0,0,2,3,6,5369,1203,1978,1990,98027,47.5293,-122.3781,2428,24984
2243,981712,2,4.5,6006,33522,2.0,0,0,3,3,5247,759,1968,0,98174,47.1218,-122.3078,2605,35632
2244,1240390,2,2.0,6126,5327,3.0,0,0,3,12,6057,69,2005,0,98071,47.156,-121.7901,4445,35062
2245,1481508,1,3.5,7924,38970,1.0,0,0,3,6,6871,1053,2005,0,98003,47.5844,-122.2055,4096,29032
2246,1273757,3,1.5,5165,20588,3.0,0,4,4,6,4023,1142,1976,0,98085,47.6935,-121.8386,4679,36364
2247,1024239,7,4.5,4463,3068,1.5,0,3,4,5,3954,509,2013,0,98061,47.3516,-121.8271,4870,24398
2248,482462,2,1.5,1433,1566,1.0,0,0,2,10,700,733,1991,0,98072,47.2165,-121.7955,3507,32522
2249,1109444,1,2.0,4098,14203,2.0,1,1,3,9,3639,459,1973,0,98193,47.3158,-121.8162,5495,7577
2250,978970,4,3.0,3733,47457,2.0,0,3,3,11,3276,457,1979,0,98145,47.3884,-122.0449,525,13961
2251,552967,6,4.0,2480,12217,1.5,0,0,3,4,1914,566,1901,0,98154,47.5411,-122.2477,1702,30416
2252,1693578,7,3.5,7830,34302,2.0,0,2,4,12,7792,38,2013,0,98029,47.3866,-121.8777,3028,5810
2253,624321,5,2.0,2355,20410,1.0,0,0,4,5,1386,969,1999,0,98072,47.7279,-121.9058,1393,26263
2254,848786,7,1.0,3556,2021,1.0,0,0,3,8,3295,261,2014,0,98166,47.3808,-122.1698,4018,4693
2255,415614,7,4.0,1292,3545,3.0,0,0,1,4,1109,183,1924,2017,98179,47.227,-122.4386,5576,36395
2256,395526,1,5.0,1291,49047,2.5,0,0,4,4,772,519,1960,2010,98043,47.2738,-122.2533,5642,13105
2257,678539,5,4.0,2309,18252,2.0,0,2,3,12,1330,979,1904,0,98008,47.4256,-121.8391,3902,19671
2258,1048192,2,3.0,5890,8340,1.5,0,0,3,4,5068,822,1927,0,98153,47.6477,-121.8573,3374,1649
2259,1308402,2,4.5,7135,21513,1.0,0,0,3,4,6263,872,1980,0,98106,47.7086,-122.3396,2873,14726
2260,744467,7,2.5,2755,15780,1.0,0,0,3,7,2370,385,1965,1989,98124,47.2297,-121.7727,5854,27992
2261,771855,1,3.0,4110,17191,1.0,0,0,3,3,3535,575,1914,0,98055,47.1024,-121.9928,3544,39666
2262,651082,5,3.0,2107,41444,2.5,0,0,3,9,1855,252,1954,0,98173,47.7086,-121.7156,5719,32446
2263,1125883,2,3.0,5679,13202,2.5,0,0,3,3,4645,1034,2019,0,98067,47.2597,-121.4344,3915,12368
2264,1255100,4,4.0,7073,9555,2.0,0,0,3,3,6474,599,1937,0,98057,47.6752,-122.1297,2526,11698
2265,452191,3,3.0,1484,40591,1.5,0,1,3,7,1274,210,1992,0,98049,47.4855,-122.0832,4230,22636
2266,1298616,3,2.5,6276,32787,2.5,0,3,4,9,5917,359,1922,0,98054,47.3829,-121.6878,5736,13198
2267,754748,2,2.0,4176,11350,3.0,0,0,3,5,4109,67,1981,0,98175,47.2027,-121.361,5268,13682
2268,740789,5,1.0,3880,6070,2.5,0,1,4,9,3454,426,1913,0,98192,47.5704,-121.9167,2250,25249
2269,552876,6,3.5,1019,1917,1.0,0,3,3,11,1011,8,1931,2003,98102,47.6727,-122.2969,1978,34839
2270,756600,2,2.0,1090,4728,1.5,1,0,3,13,554,536,1943,0,98024,47.4228,-121.378,4003,4015
2271,443510,6,1.5,1550,34065,2.0,0,0,4,6,461,1089,1969,0,98062,47.4124,-121.9363,3960,21216
2272,1218896,6,3.5,6305,13806,2.5,0,1,3,7,5611,694,1991,1980,98033,47.6287,-121.9472,674,3360
2273,1079218,5,3.5,4133,21415,1.0,0,0,3,10,2937,1196,2017,1999,98099,47.4501,-121.8522,5738,4495
2274,1499686,6,4.0,6631,46299,3.0,0,0,3,11,5831,800,2015,0,98040,47.6499,-122.197,3633,3299
2275,1340057,4,3.0,6842,47259,3.0,0,2,2,7,6821,21,2015,0,98157,47.1379,-121.5584,1100,11291
2276,1332057,5,4.5,7030,11136,2.0,0,0,4,7,5965,1065,1981,0,98008,47.7003,-121.7307,4416,37507
2277,1123758,2,4.5,4944,27809,2.0,0,2,3,4,3717,1227,1998,0,98016,47.2834,-121.3542,5629,33705
2278,531114,7,4.0,1459,27389,2.5,0,0,3,11,1305,154,1957,0,98123,47.2184,-122.2553,5700,31710
2279,1397827,4,3.5,6559,6577,2.0,0,0,3,8,5750,809,2001,0,98161,47.1226,-121.757,2715,25388
2280,313779,1,2.0,1192,14105,1.0,0,0,3,7,300,892,1903,2004,98064,47.6839,-121.88,5633,28656
2281,1283954,3,5.0,6155,17143,1.0,0,0,4,7,6078,77,2014,0,98139,47.1421,-121.4263,1200,22816
2282,1119234,2,2.0,4399,29492,1.0,1,2,3,6,4296,103,1961,0,98157,47.7681,-122.4636,5310,33803
2283,922805,2,2.0,4973,29322,2.5,0,0,3,3,4696,277,2012,2009,98049,47.4954,-121.587,5363,16741
2284,877182,2,3.0,3446,15972,2.5,0,3,3,8,2728,718,1959,1987,98109,47.5891,-121.7523,2557,8666
2285,1339457,4,1.0,7559,35105,2.0,0,0,3,3,6797,762,1994,2021,98088,47.6077,-121.7709,5986,1080
2286,523082,1,5.0,1026,41605,2.5,0,0,3,12,970,56,1974,0,98194,47.3049,-121.4496,5665,23687
2287,900241,7,3.5,3724,21912,1.0,0,4,3,4,3386,338,2009,0,98005,47.6645,-121.7922,3292,20863
2288,1527948,5,3.0,7377,18958,1.5,0,0,3,9,7104,273,1958,0,98181,47.7624,-121.6409,2897,20710
2289,510161,1,3.5,2753,35917,1.0,0,1,4,3,1846,907,1974,0,98044,47.3589,-121.7252,2474,30095
2290,1446065,4,3.0,7098,12647,1.5,0,0,4,10,6666,432,1928,0,98135,47.6847,-122.4166,4163,31896
2291,890627,2,1.0,3844,7822,2.0,0,2,3,10,3235,609,1918,0,98070,47.6404,-122.3646,3713,32803
2292,849829,3,3.5,4465,41708,3.0,0,0,3,9,4075,390,1916,0,98069,47.5127,-122.0938,2039,22133
2293,1298576,2,4.0,5855,39790,2.5,0,3,3,9,4490,1365,1903,2020,98079,47.3573,-121.6892,3446,16335
2294,619768,5,2.5,2375,11321,2.5,0,2,3,3,1092,1283,1943,0,98155,47.3906,-122.4683,3371,3446
2295,599270,6,4.0,2263,41676,1.0,0,0,4,5,2090,173,1903,0,98099,47.3153,-121.5729,1288,5094
2296,409303,3,2.0,1020,34002,1.0,0,0,4,11,300,720,1958,0,98054,47.3984,-122.2564,1161,8691
2297,1230976,2,2.0,6297,27266,1.5,0,0,3,7,5320,977,1911,2002,98126,47.7927,-121.8286,5687,6372
2298,530139,7,1.5,1516,6014,2.5,0,0,3,7,300,1216,2012,2010,98023,47.3544,-122.2586,5386,12665
2299,1399742,3,2.5,7599,27844,2.0,0,0,3,9,7328,271,1946,0,98186,47.5659,-122.2888,1772,8950
2300,1542925,6,4.5,7369,2495,1.0,0,0,3,13,6039,1330,1906,0,98145,47.3237,-122.099,3959,1389
2301,1307364,1,4.5,5609,22203,2.5,0,0,3,12,5302,307,1984,0,98117,47.4267,-121.3942,2546,35055
2302,1479504,4,2.5,7144,14741,3.0,0,0,3,10,6550,594,1996,0,98087,47.1586,-122.2146,2969,16736
2303,424578,2,3.5,616,29180,1.5,0,2,3,8,300,316,2000,0,98046,47.6343,-122.4418,5388,4985
2304,856900,5,4.0,2933,23055,1.0,0,2,3,7,2727,206,1911,0,98103,47.5627,-121.4413,2990,16337
2305,1163563,1,2.0,5963,5199,1.0,0,1,3,3,4823,1140,1970,0,98047,47.3432,-121.9733,2933,28870
2306,486683,2,1.5,1083,40617,2.0,0,0,3,12,1079,4,1953,0,98059,47.4674,-121.7547,3117,32582
2307,503424,1,5.0,894,42775,1.0,0,0,4,12,396,498,1957,0,98103,47.7106,-121.4371,3889,36799
2308,1226333,5,3.5,5683,39777,2.5,0,0,4,12,4359,1324,1962,0,98173,47.1311,-121.5932,2260,31375
2309,1248350,2,5.0,4288,4757,2.5,0,4,5,11,2840,1448,1914,0,98110,47.7512,-121.5442,5016,11228
2310,930213,6,2.5,3268,28475,2.5,0,0,3,8,2155,1113,1936,0,98062,47.4296,-121.9239,3541,11406
2311,1022981,6,4.0,4667,49650,3.0,0,0,3,5,3616,1051,1955,0,98054,47.7018,-121.6752,1122,18626
2312,1026599,5,2.0,4360,41129,3.0,0,0,3,12,3411,949,1972,0,98125,47.703,-121.3435,1649,20868
2313,406986,3,2.0,773,22180,1.0,0,0,4,9,300,473,,0,98114,47.1411,-121.4323,1515,29800
2314,591584,5,3.0,2513,5377,3.0,0,0,3,6,2443,70,2001,0,98141,47.6471,-121.7651,4666,14943
2315,1125401,3,2.5,5939,43370,3.0,0,0,2,5,5910,29,1979,0,98012,47.613,-122.3976,1014,26227
2316,1023294,2,1.5,4933,47481,2.0,0,0,3,9,3654,1279,1930,0,98002,47.1302,-121.3244,3049,36398
2317,475792,3,2.0,1889,16891,3.0,0,0,5,8,1069,820,1914,0,98042,47.7584,-122.2294,4527,26836
2318,942365,2,1.0,4066,46114,1.5,0,0,4,13,3396,670,1901,0,98182,47.5442,-122.0671,2073,21143
2319,952877,2,4.0,5202,21968,1.5,0,0,3,6,3783,1419,1912,0,98011,47.2173,-122.3316,4441,17792
2320,651409,7,3.0,665,33982,1.5,0,2,4,12,300,365,2019,0,98113,47.1862,-122.3001,4309,15174
2321,620860,4,1.5,2067,43993,1.0,0,0,2,10,1745,322,1904,0,98078,47.4934,-121.5451,2834,25440
2322,1251232,2,1.5,6654,31822,2.5,0,0,3,4,6285,369,1947,0,98150,47.1412,-122.3461,1851,21137
2323,1240713,3,1.5,5920,42609,2.0,0,2,4,8,4741,1179,1932,0,98109,47.2151,-122.2727,524,4608
2324,442076,4,3.5,1228,19901,1.0,0,3,3,5,300,928,1931,0,98177,47.7639,-122.2942,5098,18168
2325,1291584,4,1.5,7444,47675,2.5,0,0,3,10,7231,213,1952,0,98037,47.6213,-122.0558,972,13618
2326,856818,2,4.0,2543,23512,2.0,0,0,4,13,1878,665,2005,0,98036,47.5294,-121.6664,4848,13052
2327,1141273,5,1.0,4697,47793,2.0,0,2,3,10,3591,1106,2011,0,98177,47.2462,-121.7274,756,22433
2328,1211458,5,2.0,3996,36097,2.0,0,0,5,13,3592,404,2008,2017,98058,47.253,-121.6304,3907,23501
2329,1448307,6,4.5,6011,21400,1.5,0,3,3,13,5399,612,1920,0,98003,47.4121,-121.6278,3056,5484
2330,377415,4,4.0,1278,25533,1.5,0,0,3,3,300,978,1965,0,98194,47.6278,-122.4964,4982,33334
2331,384487,2,1.5,713,45171,1.5,0,3,3,4,300,413,1999,2018,98161,47.1028,-121.6786,5470,19840
2332,976169,7,4.5,4262,15662,2.0,0,0,4,6,3982,280,1960,0,98146,47.131,-121.6785,1571,38248
2333,1412451,5,3.0,5707,43347,2.0,1,1,3,3,4594,1113,1953,0,98176,47.7091,-122.4255,5464,35807
2334,588812,7,4.5,2076,15781,1.5,0,0,3,5,1948,128,1996,0,98075,47.6698,-121.9875,5889,12424
2335,774759,2,3.5,2948,1760,2.0,0,4,3,6,2640,308,1974,0,98199,47.5863,-122.4056,2177,21142
2336,1571787,2,3.5,7231,21271,1.5,1,0,4,12,6747,484,1940,0,98037,47.4497,-122.271,669,38691
2337,811374,4,5.0,3436,48998,1.5,0,0,3,5,2306,1130,1986,2006,98178,47.2016,-121.9123,4836,4114
2338,800335,7,2.0,3617,19859,1.5,0,0,2,7,2644,973,1937,0,98036,47.1716,-122.4856,1130,26433
2339,1407054,6,3.5,6291,26129,2.5,0,3,3,13,5269,1022,1932,0,98027,47.7338,-122.386,4930,16206
2340,512947,4,3.0,1091,1970,2.0,0,0,3,12,300,791,2003,0,98150,47.3678,-122.3981,3338,37542
2341,990125,1,1.0,5929,16179,1.0,0,0,3,9,5647,282,1907,0,98031,47.587,-122.3505,5557,16714
2342,1169221,7,1.0,5705,29067,1.5,0,0,3,10,4575,1130,1999,0,98168,47.4193,-122.4403,4336,3562
2343,1517211,5,1.5,6735,11659,1.0,1,2,4,10,6581,154,1935,0,98182,47.6117,-121.7655,4826,38888
2344,819626,5,3.5,3220,19788,2.5,0,0,2,13,1965,1255,1932,0,98064,47.2353,-122.2857,4542,19401
2345,363903,5,3.5,1213,24276,2.0,0,0,3,4,300,913,1928,0,98198,47.4392,-121.4649,846,13008
2346,500533,3,3.0,1435,46418,1.5,0,1,3,3,300,1135,1994,0,98117,47.3638,-121.4382,5257,20570
2347,1275891,2,1.0,6547,17862,1.5,0,1,4,8,5741,806,1956,1987,98053,47.2715,-121.6708,4010,15058
2348,872503,4,3.0,4837,40042,1.5,0,0,3,3,3481,1356,1993,0,98054,47.5184,-122.4221,5636,32616
2349,1318766,5,4.5,6639,42591,1.0,0,0,4,8,6044,595,1971,0,98182,47.4759,-121.4301,3882,12168
2350,299582,1,2.5,501,40087,2.5,0,0,4,9,300,201,1960,0,98199,47.447,-121.9976,4396,1413
2351,1535312,5,3.5,6868,35535,2.0,0,0,3,11,5769,1099,1989,0,98134,47.5138,-122.2827,1963,5940
2352,896240,6,4.0,3348,11744,2.5,0,0,3,12,3088,260,1986,2015,98064,47.1998,-121.5655,2933,26708
2353,1434386,2,4.0,6364,16098,1.5,0,0,3,12,5004,1360,2013,0,98182,47.3594,-122.084,3887,14642
2354,1055049,7,3.0,4544,34337,2.5,0,3,3,3,3291,1253,1954,0,98065,47.3273,-121.8927,4753,1431
2355,692100,2,4.5,2449,33911,1.0,0,0,4,9,1666,783,1951,0,98103,47.6384,-121.6084,1808,17153
2356,1493923,7,2.5,7232,6020,3.0,0,1,4,6,6249,983,2014,0,98174,47.125,-122.3787,3162,26427
2357,1390355,7,4.5,6759,47448,3.0,0,0,3,11,6539,220,1942,0,98170,47.2974,-122.2965,3438,15731
2358,527607,4,2.0,1417,13891,2.0,0,0,3,13,725,692,1925,0,98114,47.7428,-121.3377,2533,28713
2359,803896,3,2.0,3674,25876,2.0,0,0,3,6,3277,397,2015,0,98112,47.3102,-121.6437,3911,17338
2360,758191,7,1.0,2741,48951,2.5,0,4,3,4,2028,713,2005,0,98093,47.2063,-122.2226,1107,22696
2361,1404594,7,4.0,7833,4515,2.0,0,0,3,3,7037,796,2001,2020,98075,47.6301,-121.8115,5512,36077
2362,1484938,4,2.5,7514,14045,1.0,0,0,3,9,7103,411,2002,1990,98056,47.1335,-122.2744,3001,14025
2363,363064,5,2.0,589,5953,1.5,0,0,3,9,300,289,1901,0,98168,47.3984,-121.4614,4566,31056
2364,512832,6,2.0,2209,23805,1.5,0,0,3,5,1581,628,1954,0,98015,47.6988,-121.9617,1347,11450
2365,558833,1,4.5,2669,19328,2.5,0,0,3,7,2269,400,1989,0,98030,47.7679,-121.5318,2304,25122
2366,1424379,4,4.5,4738,37102,1.5,1,2,4,12,4030,708,1917,2003,98023,47.2743,-121.3337,1473,16724
2367,856123,3,3.0,3541,37928,2.5,0,1,3,9,3368,173,1990,0,98012,47.3073,-121.323,4605,36452
2368,408370,4,3.5,605,24425,2.0,0,0,4,10,305,300,1949,0,98092,47.4971,-122.3349,2944,10565
2369,706201,2,3.0,1386,14553,2.0,0,3,3,11,1284,102,1980,0,98095,47.2586,-121.3662,851,36936
2370,457766,5,2.5,927,3832,1.0,0,0,3,12,407,520,1944,0,98158,47.2055,-122.1757,721,19108
2371,1294387,5,4.5,5924,7875,1.5,0,1,3,12,4737,1187,1914,2006,98123,47.3982,-122.0685,4793,13969
2372,554359,7,1.5,2395,45020,1.0,0,0,3,3,1367,1028,2006,0,98103,47.1506,-122.4244,5056,7502
2373,1439632,5,2.5,6590,18554,3.0,0,2,3,11,6413,177,1906,0,98016,47.726,-121.7253,620,38143
2374,395636,5,2.5,816,46870,1.0,0,1,4,8,790,26,1980,0,98158,47.3339,-121.7271,690,31970
2375,1327348,5,3.0,6582,46965,2.5,0,3,3,8,5398,1184,1982,0,98068,47.3354,-121.5676,5445,39001
2376,447200,5,3.0,1134,13087,2.5,0,0,3,9,300,834,1926,0,98033,47.654,-121.3645,3274,22282
2377,683979,1,3.0,2425,27780,1.0,0,0,1,11,2048,377,1939,0,98185,47.3391,-121.9862,4823,25846
2378,563995,3,1.5,2556,22249,2.0,0,1,2,9,2460,96,1916,0,98097,47.6326,-122.0111,2959,29698
2379,1448510,7,3.0,7417,17927,3.0,0,1,3,9,6740,677,1931,0,98156,47.2269,-121.7331,5796,1398
2380,989403,5,2.0,3644,8842,1.0,0,0,3,13,2485,1159,1915,0,98026,47.4703,-121.6991,2169,2531
2381,637525,7,1.5,2770,15920,2.0,0,0,3,5,2383,387,1962,0,98125,47.638,-121.9657,5763,24311
2382,589958,3,1.5,1939,4873,1.0,0,0,3,12,937,1002,1993,0,98014,47.4149,-121.3968,2287,16677
2383,608064,6,4.0,1052,10195,1.5,0,0,3,11,889,163,1977,0,98185,47.1503,-122.4374,5519,23967
2384,453434,5,2.5,1215,45744,2.5,0,2,3,6,300,915,2017,0,98143,47.6158,-121.5923,4393,14333
2385,1278410,7,3.5,5883,24743,1.5,0,2,3,8,4939,944,1959,2013,98194,47.4458,-122.2505,1870,9918
2386,1097354,4,4.0,4411,38934,1.5,0,0,3,9,3731,680,2013,0,98016,47.3215,-121.9056,5568,1192
2387,833664,7,3.5,2213,14064,3.0,0,3,4,11,1212,1001,2004,0,98037,47.795,-121.4782,5619,13176
2388,1442631,5,3.0,6479,38338,2.0,0,0,3,12,5320,1159,1981,0,98011,47.7133,-122.1045,3860,12066
2389,923602,2,2.5,3889,29436,2.5,0,0,3,5,3732,157,1985,0,98011,47.1265,-121.4204,727,12530
2390,533188,1,2.5,1607,18883,1.5,0,0,3,13,1210,397,1951,0,98161,47.5156,-121.9592,2015,30825
2391,1237059,4,3.5,5937,18888,2.5,0,2,4,4,5125,812,2020,0,98002,47.3482,-121.6567,615,27972
2392,1087193,4,3.0,4706,2959,2.0,0,1,4,4,3317,1389,1979,0,98033,47.1262,-121.6328,894,6899
2393,310581,2,4.5,750,29337,1.0,0,0,3,4,300,450,1948,0,98063,47.1079,-122.187,3101,21081
2394,865904,5,4.5,2930,29612,1.5,0,0,3,11,1968,962,1948,0,98131,47.5086,-121.4192,3399,24170
2395,731228,1,1.5,2554,15765,2.0,0,0,3,10,2206,348,1979,0,98084,47.3241,-122.3505,2773,36180
2396,352288,4,1.5,958,4501,2.5,0,0,3,11,300,658,1925,1983,98033,47.5923,-121.7919,2862,2612
2397,1216286,1,3.5,5703,1104,2.0,0,0,1,11,5310,393,1950,0,98026,47.4181,-121.3852,2537,15017
2398,170374,4,2.0,707,20166,1.0,0,0,3,3,300,407,1942,0,98034,47.6365,-122.4628,3084,4649
2399,552742,5,1.0,1399,16529,2.0,0,2,2,12,452,947,1969,0,98078,47.6691,-121.8625,4453,4840
2400,1047900,6,4.5,3961,4636,2.5,0,0,3,12,3912,49,2014,0,98180,47.5601,-122.2043,5570,8488
2401,924155,4,2.0,3885,31956,1.5,0,0,4,11,2538,1347,1970,0,98093,47.3926,-122.2691,910,33375
2402,233278,6,4.5,521,4744,1.5,0,0,3,3,300,221,1908,0,98194,47.7919,-122.2195,2770,1798
2403,393911,4,4.0,909,40286,3.0,0,0,3,7,300,609,1943,1989,98155,47.3147,-121.4168,540,23139
2404,631035,3,4.0,1394,7293,2.5,1,0,3,6,300,1094,1963,0,98071,47.4602,-121.9894,3793,23239
2405,434539,5,2.0,1014,14194,3.0,0,0,4,10,514,500,1989,0,98116,47.4643,-122.2169,1875,12642
2406,1349262,2,2.0,7794,19398,3.0,0,0,3,7,7053,741,1901,0,98094,47.3998,-121.3869,1983,24167
2407,1196618,6,3.0,5404,31940,1.0,0,1,3,11,5217,187,1935,0,98177,47.185,-122.1141,2154,35833
2408,1074375,2,1.5,5469,8126,2.5,0,0,4,3,4524,945,1902,0,98047,47.3478,-121.6318,5676,35989
2409,912447,5,2.0,4609,18700,1.5,0,0,3,10,4481,128,1953,1989,98149,47.2506,-121.8554,1344,15871
2410,1111162,7,2.5,5566,34811,2.5,0,3,3,8,5470,96,1920,0,98149,47.7299,-121.685,2235,29015
2411,1373459,2,1.5,7621,11415,1.0,0,0,3,3,7257,364,2007,0,98199,47.5588,-122.2808,4639,25131
2412,1316532,5,2.0,7657,25150,2.5,0,0,4,4,7157,500,1966,0,98061,47.3015,-121.6858,3300,18581
2413,1396230,2,4.0,7679,2672,2.5,0,0,4,6,6491,1188,1908,0,98113,47.496,-121.413,4675,11825
2414,658343,6,1.5,2634,23573,3.0,0,0,4,7,1716,918,1911,2007,98142,47.6972,-122.3789,5157,35304
2415,806795,3,1.0,4095,15033,2.5,0,0,4,3,3919,176,1971,0,98148,47.7541,-122.1082,2310,32293
2416,915229,2,3.5,3456,33891,3.0,0,0,3,12,2449,1007,2014,0,98005,47.1525,-121.3329,3762,7573
2417,702126,6,5.0,2060,8389,3.0,0,2,4,9,1432,628,2021,0,98159,47.6508,-122.2298,1746,13690
2418,1194113,4,2.5,5920,38145,2.0,0,1,3,6,4951,969,1936,0,98190,47.7764,-122.4285,4567,2493
2419,695066,5,1.5,1766,41753,1.0,1,0,4,3,1494,272,1984,0,98140,47.4271,-122.4339,2486,5965
2420,673455,1,3.5,2669,27451,3.0,0,0,3,8,1319,1350,1936,0,98056,47.7969,-122.1696,4725,16193
2421,1556168,7,4.5,7814,30271,2.5,0,0,4,11,7416,398,2003,0,98184,47.77,-121.9062,1669,35424
2422,1036477,1,4.0,4138,49505,3.0,0,0,3,11,3728,410,1966,0,98140,47.5598,-122.1774,3509,36406
2423,666926,5,3.5,1249,30808,3.0,0,0,2,13,473,776,2014,0,98194,47.6933,-122.1629,1077,12582
2424,816616,3,2.5,3927,43298,3.0,0,0,3,6,2840,1087,1955,0,98026,47.3076,-121.5023,1547,33521
2425,1159765,2,3.0,5280,35213,1.5,0,0,3,9,3810,1470,2004,0,98068,47.7422,-121.5797,3243,17309
2426,795197,3,1.5,2427,16805,1.5,0,0,2,12,2087,340,1984,0,98030,47.5143,-122.127,3828,19500
2427,916889,1,3.5,4304,13538,1.5,0,0,5,3,3052,1252,1962,0,98020,47.4568,-122.0861,4641,28194
2428,1068017,7,4.0,4202,19384,1.5,0,0,3,12,3698,504,1925,0,98194,47.685,-121.3364,1128,35219
2429,965541,6,5.0,2856,28828,2.0,0,0,4,11,1996,860,1987,0,98109,47.7226,-121.3598,3134,27860
2430,1055046,7,2.0,5290,44250,3.0,0,0,5,3,4554,736,1945,0,98163,47.5909,-121.3323,4098,22727
2431,667316,5,1.0,2835,39768,2.0,0,0,3,11,2207,628,1952,1991,98079,47.1175,-121.373,5484,14155
2432,306920,5,3.0,806,16907,2.5,0,0,3,8,557,249,1959,0,98051,47.518,-121.7463,5520,18262
2433,1047889,3,4.0,4165,11805,1.0,0,0,3,12,3072,1093,2015,0,98014,47.6752,-122.13,785,19676
2434,806724,6,4.0,2489,27584,2.0,0,0,3,13,1978,511,1997,0,98055,47.4817,-121.3366,3293,3999
2435,1380071,3,2.0,7557,11702,1.5,0,0,3,9,7213,344,1931,0,98164,47.7544,-121.6086,3404,28799
2436,405655,2,2.0,1161,21531,1.5,0,0,3,6,615,546,1990,0,98113,47.7281,-121.6465,3382,10785
2437,1171383,4,3.0,5144,26876,2.5,0,1,3,11,3848,1296,1961,0,98053,47.4708,-121.5429,4581,12158
2438,333118,6,2.5,811,49679,3.0,0,0,3,8,300,511,1946,0,98182,47.3827,-121.7818,5876,29090
2439,732450,4,4.5,3420,8567,1.0,0,0,3,8,2434,986,1960,0,98191,47.1386,-121.8001,3534,36469
2440,646609,7,3.0,1582,1239,2.0,0,0,3,12,711,871,1993,0,98186,47.5428,-122.0664,4235,18896
2441,898863,2,4.0,3471,19553,3.0,0,0,4,8,2103,1368,1903,0,98155,47.2862,-122.3191,4699,18802
2442,1210379,4,3.5,6333,19043,3.0,0,0,2,6,5874,459,1901,0,98002,47.5679,-121.9738,4020,20541
2443,624644,1,4.0,1254,25964,2.0,0,4,3,9,300,954,1922,0,98116,47.6591,-121.8792,1068,13702
2444,1002508,7,2.5,4630,23158,2.0,0,2,3,4,3745,885,1954,0,98078,47.3861,-121.4466,1850,9529
2445,953481,4,4.5,5040,5391,2.0,0,0,4,4,4300,740,1940,0,98091,47.1109,-122.0181,5226,16028
2446,1436408,2,2.0,6736,29233,2.0,0,0,3,13,5973,763,1967,0,98023,47.7057,-121.4404,4969,5141
2447,1364091,4,3.0,6578,39986,1.5,0,0,3,13,6091,487,1936,0,98163,47.4843,-122.119,2814,24148
2448,1148413,5,2.0,5826,17865,3.0,0,0,3,8,4759,1067,1910,0,98062,47.3204,-121.3664,2629,12469
2449,505453,3,3.0,852,31507,3.0,0,1,4,11,351,501,1935,0,98112,47.5437,-122.4533,1918,1664
2450,472916,1,2.5,1402,7968,1.5,0,0,4,5,300,1102,1999,0,98072,47.5721,-121.8696,5332,5504
2451,1156898,5,2.0,5951,2393,3.0,0,0,3,9,5031,920,1914,0,98059,47.2032,-122.1141,4702,25246
2452,1016297,5,5.0,4388,47023,2.0,0,0,3,11,4340,48,2000,0,98192,47.5525,-122.1467,2140,31357
2453,1508776,2,1.5,7505,46095,1.0,0,0,2,11,7446,59,1966,0,98092,47.3007,-122.4047,1961,20673
2454,1346942,3,4.0,6344,45397,3.0,0,4,3,5,5063,1281,2011,0,98169,47.6625,-121.6825,2539,25587
2455,388794,3,5.0,658,36774,1.0,0,1,3,3,300,358,1929,0,98161,47.7591,-122.0289,4298,7070
2456,618340,6,1.0,2477,37119,1.0,0,1,3,4,1340,1137,1956,0,98137,47.1719,-121.3611,2044,27149
2457,687818,7,4.0,1456,31868,1.5,0,0,4,13,1108,348,1961,0,98126,47.7422,-121.6451,5217,22301
2458,881470,1,2.0,2571,2011,2.5,1,0,4,10,2174,397,1986,0,98079,47.7324,-121.9685,3324,23288
2459,376370,7,1.0,903,3753,3.0,0,1,1,9,300,603,1932,0,98074,47.34,-121.7472,3248,10716
2460,1309505,2,2.5,7448,25824,1.5,0,4,3,3,5955,1493,1964,0,98049,47.1202,-122.4208,1410,36615
2461,1017817,1,4.5,5111,2938,1.5,0,0,3,5,4436,675,1900,0,98002,47.5643,-121.793,1072,26917
2462,826747,6,1.0,3279,13429,1.0,0,4,3,10,3265,14,1902,0,98131,47.3413,-121.7006,3311,8713
2463,772003,4,3.5,1887,28595,3.0,1,0,4,9,1339,548,1908,0,98151,47.2342,-122.3726,1429,39586
2464,821642,5,3.0,3953,48716,1.5,0,0,4,7,3816,137,1931,0,98019,47.176,-121.6811,2163,39633
2465,1380442,1,4.5,7175,47355,2.0,0,0,3,5,5887,1288,1976,0,98018,47.2372,-121.9312,5570,10091
2466,546454,7,1.5,1455,43387,1.5,0,0,3,9,638,817,2019,0,98163,47.2662,-121.9245,852,2747
2467,1339099,5,3.5,6795,37468,2.0,0,1,4,7,5865,930,1944,0,98182,47.6571,-121.6317,1247,24518
2468,574692,2,3.5,2212,38662,2.5,0,0,3,3,1595,617,1994,0,98188,47.6487,-121.9602,5799,12509
2469,1553377,7,3.5,7590,23556,2.0,0,3,4,7,7510,80,1956,0,98137,47.4461,-122.2188,5591,18401
2470,1004526,4,5.0,5203,17842,2.0,0,0,1,5,4901,302,1920,0,98094,47.4873,-122.1421,1025,37165
2471,1233445,2,4.5,7063,6939,1.0,0,0,3,4,5766,1297,1922,0,98180,47.7425,-121.614,1136,33639
2472,593541,4,1.0,1773,47666,1.5,0,1,3,5,637,1136,1976,0,98178,47.7356,-122.4148,2141,33131
2473,1558781,4,3.0,7784,29113,2.5,0,0,3,12,6763,1021,1925,0,98012,47.6801,-121.491,1246,5493
2474,1336179,5,2.5,7509,29410,1.5,0,1,3,6,7101,408,1988,0,98017,47.362,-121.8014,5634,23502
2475,1165028,2,2.0,6131,45873,2.0,0,0,3,3,5412,719,2016,2003,98085,47.3566,-121.6276,532,5558
2476,829268,2,3.0,4311,1111,2.0,0,0,4,6,3947,364,1971,0,98049,47.7215,-122.0876,2025,38260
2477,849765,1,2.5,3125,46585,1.5,0,0,3,11,2111,1014,2003,0,98176,47.7486,-122.2327,1910,29898
2478,593606,7,2.5,2882,10608,2.5,0,3,3,3,2642,240,1929,0,98027,47.6589,-121.5345,2849,17073
2479,734640,2,5.0,1941,25957,2.5,0,0,4,13,1853,88,2014,0,98142,47.63,-122.3773,3492,11343
2480,828219,1,1.5,3479,17956,1.0,0,0,4,9,2184,1295,1968,0,98183,47.4907,-122.301,3995,7353
2481,679131,3,4.5,2297,29217,2.0,0,1,3,10,1019,1278,1923,0,98118,47.3368,-122.1581,1564,32480
2482,1430919,3,3.0,4890,49069,2.0,1,0,4,11,4646,244,1973,0,98141,47.2684,-122.0785,5672,15914
2483,1039061,3,3.5,4509,12083,1.0,0,2,4,9,3387,1122,1982,0,98003,47.1982,-122.2556,1067,28924
2484,1180866,6,4.5,5350,6888,1.5,0,0,3,11,4780,570,1963,0,98192,47.6097,-121.4048,1592,22336
2485,565980,2,2.5,1894,20017,2.0,0,0,3,12,798,1096,1934,0,98101,47.6439,-122.4674,2829,4115
2486,959857,6,2.5,4781,7444,1.5,0,0,3,5,4158,623,1921,0,98120,47.3511,-121.5358,1895,16719
2487,518593,7,2.5,1769,18320,2.5,0,0,3,3,458,1311,1938,0,98072,47.1042,-122.0067,2008,20334
2488,1010280,2,2.5,5232,39599,3.0,0,0,3,4,4280,952,1954,0,98099,47.757,-121.4967,1517,35014
2489,1305762,1,4.5,5887,16640,1.0,0,0,3,12,5677,210,2001,0,98151,47.406,-121.5448,3877,29130
2490,848898,6,4.5,4214,19892,2.0,0,0,4,3,3681,533,1906,1997,98100,47.7822,-122.3548,624,5552
2491,1395554,6,1.5,7904,5511,1.0,0,0,3,4,6964,940,1961,0,98039,47.5742,-121.7003,5364,31589
2492,421119,7,1.5,1029,4717,2.5,0,0,3,11,300,729,1938,0,98058,47.1868,-122.0459,5687,35834
2493,843258,6,2.5,4123,13146,2.5,0,0,4,7,2858,1265,1919,1985,98018,47.3289,-121.5148,3471,12432
2494,1211714,4,1.5,6664,21282,2.5,0,0,3,6,6653,11,2003,0,98113,47.5599,-121.4788,3165,11486
2495,984834,1,3.5,3458,40821,2.5,1,1,3,4,2942,516,1955,0,98182,47.5545,-122.2731,1899,33593
2496,929290,3,1.5,3414,45950,3.0,1,0,3,5,2621,793,1995,0,98031,47.2624,-121.9256,4653,11640
2497,1170033,1,3.0,5389,34356,1.5,0,0,2,11,4250,1139,1965,0,98064,47.2238,-121.7867,4653,15777
2498,834513,4,1.0,4091,23665,1.5,0,0,4,5,3745,346,1914,2010,98042,47.2938,-121.8471,3709,33098
2499,826676,7,2.5,2647,28181,3.0,0,0,3,10,2628,19,1973,0,98037,47.6508,-122.1979,1666,32939
2500,1330637,7,3.5,7395,33232,1.5,0,0,4,3,7260,135,1920,0,98111,47.2693,-122.173,773,4758
2501,1035541,2,3.0,5073,30001,2.5,0,1,3,7,4628,445,1978,0,98105,47.5912,-121.4702,4274,14453
2502,1140029,1,5.0,6218,49647,1.5,0,2,4,4,4757,1461,1933,0,98070,47.709,-122.4608,2687,2356
2503,886955,7,4.5,3869,7481,1.0,0,1,3,6,3697,172,1934,0,98100,47.3741,-122.1852,5819,18775
2504,477136,6,2.5,1439,16947,1.5,0,0,3,4,735,704,2014,0,98105,47.1049,-122.2323,4465,22391
2505,326813,7,1.0,1025,27260,1.0,0,0,4,5,509,516,1904,0,98088,47.1994,-122.0552,1181,36360
2506,1397800,7,4.5,6977,26457,2.0,0,3,3,7,6819,158,1955,0,98097,47.3183,-121.6767,1076,19018
2507,320191,7,4.5,501,2264,1.0,0,0,3,4,300,201,1982,0,98115,47.233,-121.8613,5270,24428
2508,560272,7,4.5,874,4481,1.0,0,3,2,11,363,511,1906,0,98042,47.3027,-121.8512,4921,14286
2509,660549,3,1.5,2840,25970,2.5,0,0,3,10,2837,3,1952,0,98114,47.4808,-121.6225,1258,21296
2510,1473735,3,5.0,7480,16370,2.5,0,3,4,7,6676,804,,0,98029,47.1148,-121.5254,3715,25256
2511,1130368,2,2.0,4505,22683,2.5,0,3,4,13,3760,745,1943,0,98117,47.145,-122.3082,1066,30220
2512,983991,7,4.0,3552,19589,1.0,1,0,3,3,3449,103,1957,0,98198,47.699,-122.3704,2304,24854
2513,1061629,1,4.5,5148,12437,3.0,0,0,4,7,4776,372,2005,2020,98131,47.4656,-122.1385,2425,6510
2514,618485,4,2.0,2865,25192,2.5,0,0,3,6,2584,281,1941,0,98146,47.7549,-121.5069,3930,35838
2515,783188,2,4.5,2025,22171,2.5,0,3,3,11,1283,742,1999,0,98085,47.1023,-121.8499,3687,24312
2516,1208569,1,2.0,6447,32758,1.0,0,2,3,4,6165,282,1917,0,98157,47.1001,-122.3286,5749,14993
2517,988844,7,5.0,4976,7683,2.0,0,0,3,9,4742,234,1905,0,98052,47.6177,-122.3035,3947,18254
2518,545018,5,2.0,2146,21211,2.0,0,0,3,4,945,1201,,0,98117,47.4334,-121.4221,3383,18391
2519,415185,7,5.0,513,40993,1.5,0,2,3,13,300,213,1903,0,98042,47.7397,-122.0596,5447,33101
2520,967735,3,1.0,5099,31148,2.0,0,0,4,5,3854,1245,1968,1994,98052,47.6506,-122.1937,4644,3229
2521,549565,4,4.0,2778,20116,2.5,0,2,3,5,2323,455,1913,0,98164,47.4528,-121.6675,2423,15128
2522,1406719,6,3.0,6604,17296,3.0,0,2,3,12,5880,724,1940,0,98136,47.435,-121.4671,5226,17414
2523,1036035,4,3.0,3655,41169,1.5,0,3,2,10,2273,1382,1946,0,98127,47.6678,-121.9691,4060,24978
2524,277703,6,2.0,629,47407,3.0,0,0,3,4,300,329,1996,0,98002,47.6626,-121.5506,5189,21489
2525,839194,4,4.0,4314,19213,3.0,0,0,3,3,3757,557,1952,0,98051,47.2939,-121.984,1697,7777
2526,992676,3,2.0,5433,6612,2.5,0,0,3,8,4972,461,1920,0,98143,47.5722,-121.6703,1044,20195
2527,915587,6,3.0,3716,40893,1.0,0,3,3,8,3526,190,1912,0,98104,47.5502,-121.8102,4186,7688
2528,893879,1,2.0,3438,43533,1.0,0,0,3,13,2270,1168,1965,0,98017,47.6993,-121.4267,4677,30483
2529,866137,6,5.0,4428,13596,1.0,0,0,4,3,3061,1367,1914,0,98141,47.708,-122.1099,4550,28552
2530,694049,2,1.0,2540,28011,2.0,0,0,4,7,2384,156,2010,0,98182,47.2878,-121.5755,5586,8852
2531,347553,1,2.0,527,25193,1.0,0,0,3,11,300,227,1979,0,98128,47.7158,-121.6793,3266,7635
2532,894534,2,2.0,2613,33062,2.5,0,2,3,12,1720,893,1998,0,98153,47.7472,-121.4934,4204,11798
2533,1583046,7,2.5,7830,49123,2.0,0,1,3,13,6969,861,1944,0,98109,47.1767,-121.771,2906,12079
2534,712985,4,2.0,1752,19044,1.0,0,0,4,12,601,1151,1983,1981,98075,47.5016,-121.9478,3285,9779
2535,1062167,1,3.0,4856,49032,3.0,0,0,3,7,3809,1047,1964,0,98161,47.4055,-122.4407,5703,5762
2536,755039,4,4.5,2546,32181,2.5,0,3,3,9,1616,930,2021,0,98078,47.3814,-121.4924,4627,35410
2537,1123643,7,4.0,6068,20064,2.5,0,0,3,8,4920,1148,1945,0,98098,47.5934,-121.4081,1137,14284
2538,1360561,5,3.5,6043,19383,1.5,0,0,4,13,4845,1198,1902,2020,98150,47.1907,-121.9604,4007,10658
2539,1097055,4,1.5,5055,1347,2.5,0,0,3,12,3931,1124,1916,0,98172,47.674,-122.2333,4879,32322
2540,1148408,7,4.0,4523,49877,3.0,1,0,3,6,4473,50,1916,0,98132,47.1186,-121.7234,5901,15537
2541,939258,4,1.5,4896,41360,2.5,0,0,3,4,3615,1281,2004,0,98108,47.5048,-122.354,3994,11899
2542,1668462,7,4.0,7562,10313,1.5,0,0,3,12,6902,660,1983,0,98154,47.2578,-122.451,5593,5982
2543,860136,2,2.0,3874,23730,2.5,0,0,4,7,2683,1191,1919,0,98129,47.5672,-122.1519,4094,9209
2544,1464051,7,2.5,6930,46202,2.5,0,0,4,12,5802,1128,1903,0,98010,47.4678,-121.6841,4830,18359
2545,923311,6,,3966,7769,1.5,0,0,4,11,3932,34,1974,0,98100,47.7998,-121.523,4657,36520
2546,793494,5,4.5,3581,7187,2.5,0,2,3,5,3154,427,1914,2000,98002,47.7036,-122.3118,2421,29390
2547,875084,4,1.5,4278,15565,2.0,0,0,3,5,3940,338,1956,0,98029,47.3356,-121.3646,4509,20790
2548,568905,7,3.5,1129,26886,2.5,0,0,3,13,410,719,1944,0,98153,47.4699,-121.8375,1108,27549
2549,380977,7,1.5,769,3882,1.0,0,0,3,9,300,469,1926,0,98125,47.3225,-121.3897,3585,27894
2550,891147,4,4.0,3139,40047,1.0,0,2,4,12,2634,505,1987,0,98060,47.6102,-122.3203,3708,21157
2551,533375,5,4.5,2493,12848,2.0,0,0,3,4,2414,79,1919,1999,98089,47.3957,-121.9504,4602,12308
2552,1408686,5,2.5,6224,12060,2.5,0,4,3,10,5170,1054,2007,0,98013,47.1808,-121.983,1978,11712
2553,1269492,7,3.0,6397,37622,3.0,0,0,5,9,6173,224,1978,0,98168,47.5626,-122.006,1716,5668
2554,1125481,1,4.5,3391,18655,2.5,1,0,5,10,2159,1232,1905,0,98162,47.1077,-121.3831,647,38344
2555,1162474,2,3.0,5457,1753,1.0,0,0,3,12,5278,179,1917,0,98035,47.3081,-121.4807,3116,23459
2556,840572,5,3.0,3932,49064,1.5,0,0,2,8,3514,418,1985,0,98079,47.735,-121.5469,4393,29515
2557,607203,5,3.5,1780,9701,2.0,0,0,3,7,452,1328,1948,0,98039,47.1659,-122.1567,4950,29154
2558,1371715,3,4.0,6776,13845,1.5,0,0,4,13,6121,655,1984,0,98042,47.4531,-122.0931,2073,25471
2559,1330315,6,1.5,7943,45131,3.0,0,0,3,6,7202,741,1923,0,98025,47.6566,-122.1888,4839,24227
2560,1334489,5,4.5,6395,28398,2.5,0,0,5,10,6082,313,1980,0,98142,47.7332,-121.5478,2555,23467
2561,1243858,2,2.5,6302,27209,3.0,0,2,3,4,4945,1357,1910,2009,98083,47.4919,-122.0286,5586,3674
2562,1498669,6,1.5,7615,23119,1.5,0,1,3,8,6528,1087,1917,1984,98110,47.2072,-121.3256,5638,38125
2563,1386766,6,4.0,7156,20503,2.5,0,0,3,12,6849,307,1934,0,98086,47.7586,-122.0628,1464,17717
2564,675183,4,2.5,2860,13988,3.0,0,0,3,8,2821,39,1954,0,98001,47.6245,-122.2963,3093,26466
2565,516797,4,1.5,1075,3656,1.0,0,0,4,7,300,775,1994,0,98167,47.377,-121.3842,4255,28934
2566,1308635,4,3.5,7529,24243,1.0,0,0,3,4,7169,360,1927,0,98030,47.2939,-121.5607,4595,25035
2567,1369774,4,4.5,6599,4468,2.0,0,0,3,7,5331,1268,1987,0,98133,47.1334,-121.8001,5059,2568
2568,533234,3,4.5,1807,39494,1.0,0,0,3,5,827,980,1935,0,98199,47.234,-121.4699,5468,7878
2569,1020676,5,5.0,3692,38070,1.0,0,0,4,9,2524,1168,2008,0,98190,47.6444,-121.3607,2568,3942
2570,897651,4,4.5,3678,45386,1.5,0,1,3,9,2779,899,1923,2020,98159,47.176,-121.4664,543,15522
2571,1360885,7,1.0,6552,36080,1.0,0,0,4,10,5499,1053,1932,0,98135,47.1906,-121.4146,3852,23979
2572,1003385,1,2.5,3234,33837,1.0,0,0,3,13,2305,929,2014,2009,98127,47.2372,-122.1745,4386,12370
2573,1498301,4,4.5,6616,21452,1.5,0,0,3,12,5891,725,1993,0,98029,47.3767,-121.887,2528,2665
2574,1733123,5,2.5,7871,23722,1.0,0,3,3,13,6420,1451,2015,0,98051,47.2323,-121.5456,3701,9024
2575,724296,4,3.5,2712,46291,1.0,0,1,3,11,1980,732,1936,1992,98117,47.733,-121.8688,4923,16265
2576,533409,3,3.5,2852,6479,2.0,0,0,3,3,1447,1405,1912,0,98079,47.2804,-121.7298,2653,4571
2577,865717,2,2.5,4068,18293,1.0,0,0,5,6,2592,1476,1915,2006,98179,47.7436,-121.3926,5208,6476
2578,561810,2,4.5,2155,20184,1.0,0,0,3,8,1195,960,2011,0,98094,47.7895,-122.1456,3398,11264
2579,560897,5,3.0,2079,28149,2.0,0,0,3,9,1464,615,1942,0,98199,47.6284,-121.8527,4264,39652
2580,1441362,7,3.0,6443,25240,1.5,0,0,3,13,5239,1204,1972,0,98069,47.1052,-121.8238,2344,18045
2581,836249,2,5.0,2703,22952,1.0,0,4,3,7,2206,497,1949,0,98014,47.268,-122.0686,3471,24972
2582,655068,2,3.0,1890,10059,3.0,0,0,4,8,1693,197,2010,0,98094,47.2871,-122.0581,2395,20439
2583,427863,1,1.5,2242,4808,1.5,0,0,4,3,876,1366,1912,0,98023,47.4799,-121.5772,5258,30134
2584,788844,5,3.0,2425,41663,1.5,0,1,1,13,2393,32,1970,0,98080,47.2109,-121.3846,5654,38581
2585,430916,7,4.5,1119,19521,1.0,0,2,3,7,786,333,1934,0,98088,47.1541,-121.7395,2849,8558
2586,546910,5,4.0,1774,13425,2.0,0,0,3,4,1541,233,2007,0,98043,47.2235,-121.9145,5830,38186
2587,648091,2,4.0,1456,13838,1.5,0,0,3,13,927,529,1989,0,98056,47.3291,-121.5996,5145,13353
2588,890717,2,4.0,2439,48633,2.0,1,0,3,4,1553,886,2013,0,98149,47.1344,-121.3026,4631,27358
2589,1149924,2,2.0,4453,24929,3.0,1,0,4,3,3635,818,1972,0,98107,47.2368,-122.4011,1959,24924
2590,818178,6,4.5,2881,21297,2.0,0,2,3,12,1929,952,1934,0,98158,47.2173,-121.7181,1904,15627
2591,603138,3,4.5,1468,17708,2.5,0,3,3,11,725,743,1923,0,98109,47.6407,-121.8327,2219,39492
2592,1390855,4,2.0,7154,21664,2.0,0,1,3,6,6727,427,1996,1981,98168,47.2187,-121.7677,3077,35060
2593,480195,3,1.5,1816,21526,1.5,0,0,3,6,527,1289,1984,0,98094,47.6541,-122.4726,2969,25564
2594,719859,5,5.0,1543,12439,2.0,0,2,3,11,539,1004,1952,0,98102,47.4557,-121.3532,637,6606
2595,370205,1,4.5,781,34724,2.0,0,0,3,7,300,481,1985,0,98022,47.6305,-122.3975,1293,4315
2596,867202,4,4.5,3344,21871,2.5,0,0,4,6,1881,1463,1938,0,98130,47.4152,-122.131,4211,18528
2597,1420665,1,4.5,7668,7601,2.5,0,0,3,9,7099,569,1918,0,98151,47.7307,-122.142,4802,13261
2598,1335790,7,3.0,6762,28498,1.0,0,0,3,7,5407,1355,1943,0,98106,47.2936,-121.6203,1838,26003
2599,668631,6,3.5,1558,39680,1.5,0,3,4,10,1408,150,1945,0,98190,47.6368,-121.6949,5060,4793
2600,816611,5,3.0,4793,31065,1.0,0,0,4,5,3469,1324,1944,0,98030,47.2144,-122.4259,5506,38550
2601,781765,6,1.0,3032,18763,2.5,0,0,3,10,2155,877,1931,0,98155,47.7179,-122.3203,617,14297
2602,954459,5,4.0,4328,24874,2.0,0,0,3,13,3984,344,1904,0,98037,47.1199,-122.1175,2871,10378
2603,1204623,1,3.0,5678,33757,2.5,0,1,4,8,4344,1334,1975,1996,98070,47.4202,-121.6551,4858,28954
2604,1484493,1,3.5,7480,5583,3.0,0,0,3,11,6274,1206,2003,0,98016,47.3949,-121.3849,1687,12748
2605,1028454,1,3.0,5780,4034,2.0,0,0,3,8,4847,933,1905,0,98124,47.5367,-122.1214,2272,30953
2606,505853,5,3.0,1508,5438,1.0,0,1,3,6,338,1170,1981,0,98020,47.4087,-121.8693,1127,30284
2607,1283606,2,1.5,7334,6739,2.0,0,0,5,4,6714,620,1906,0,98074,47.5123,-122.0529,4899,5740
2608,638565,1,2.0,1729,26822,3.0,0,0,3,13,1580,149,1982,2011,98174,47.7032,-121.8072,5512,39238
2609,348467,6,1.5,1535,31531,2.5,0,0,3,5,791,744,1914,0,98102,47.1994,-121.7464,2351,28430
2610,1019002,7,2.0,5085,19379,1.5,0,0,3,9,4819,266,2005,0,98123,47.2709,-121.878,2786,23171
2611,567757,4,5.0,775,7640,1.5,0,4,4,12,645,130,1972,0,98074,47.662,-122.0332,2397,34094
2612,639496,5,1.5,3240,11106,1.5,0,0,3,7,3094,146,1919,0,98153,47.2596,-121.4443,1200,13338
2613,856343,6,2.0,2789,36118,2.5,0,4,4,9,2187,602,2011,0,98059,47.734,-121.5377,5288,25691
2614,542227,3,3.5,1739,1628,1.5,0,0,3,9,837,902,1958,0,98160,47.4786,-121.3019,1766,11225
2615,1392641,7,3.5,5870,1052,3.0,0,4,3,8,5496,374,1983,0,98145,47.1573,-122.0048,3820,13799
2616,137459,3,1.5,625,19194,2.5,0,0,4,4,300,325,1903,0,98138,47.1145,-122.4535,4307,10648
2617,1033210,4,4.0,4565,7352,1.5,0,0,2,7,3323,1242,1973,0,98145,47.634,-121.7184,4288,33648
2618,1122232,2,4.0,4812,35329,1.0,0,0,4,13,3778,1034,2005,0,98130,47.6994,-121.5599,3655,17672
2619,1739282,1,2.0,7973,2238,2.5,1,0,4,12,6689,1284,1939,0,98066,47.2679,-121.3759,4489,26191
2620,1027843,5,2.0,4368,14562,2.5,0,0,4,8,3357,1011,1964,0,98029,47.2685,-122.4876,2326,7781
2621,588895,6,5.0,1708,2747,2.0,0,0,4,10,1638,70,1934,0,98123,47.7679,-121.4445,2637,32163
2622,1387221,1,4.5,7706,29100,1.5,0,0,4,3,6519,1187,1987,0,98132,47.5593,-121.8799,5750,10616
2623,1233356,6,4.0,5842,4746,1.0,0,0,3,12,5582,260,1943,0,98030,47.2173,-122.0502,1544,3177
2624,1409597,5,1.5,7851,5707,3.0,0,0,3,9,7156,695,1906,0,98189,47.414,-122.2337,3302,11509
2625,1350916,3,2.5,7138,7946,2.5,0,0,3,7,6278,860,1921,0,98186,47.7373,-121.5231,1780,11063
2626,1394363,1,3.0,7070,48499,3.0,0,1,3,9,5636,1434,1922,0,98162,47.5348,-122.0635,2658,4748
2627,758147,4,1.5,3749,14948,3.0,0,0,4,5,2310,1439,1964,0,98078,47.3852,-121.7745,3294,12240
2628,596390,2,3.0,1418,47574,3.0,0,3,3,6,300,1118,1987,0,98152,47.2057,-121.886,2102,38404
2629,1016467,4,3.5,5913,12478,2.0,0,0,2,4,5680,233,1919,0,98088,47.6082,-122.1842,4173,10069
2630,1110525,2,2.5,4423,8084,3.0,0,4,4,8,3385,1038,1931,2009,98082,47.2935,-121.5547,671,31226
2631,1345284,7,4.0,6794,21419,1.5,0,0,4,7,6178,616,1994,0,98025,47.4961,-122.1422,1167,13433
2632,1415604,6,4.5,7027,36065,1.5,0,4,4,3,5650,1377,1996,0,98089,47.5201,-121.5552,1879,16323
2633,1051741,1,2.5,6257,5341,1.0,0,0,4,3,5775,482,1935,0,98105,47.4888,-122.0086,3030,7875
2634,1151177,1,4.5,4903,15727,1.0,0,1,3,10,3442,1461,1917,0,98025,47.2725,-122.4639,4000,23686
2635,1362273,7,1.5,5955,6402,3.0,0,2,4,10,4912,1043,2000,0,98158,47.5958,-121.5791,3528,13683
2636,679694,2,4.5,2469,2307,3.0,0,0,3,8,1710,759,1996,0,98183,47.4962,-121.4209,1397,18108
2637,809094,3,1.5,3293,11631,2.0,0,0,5,13,2822,471,1932,0,98089,47.3826,-122.3563,2338,9095
2638,773072,5,1.5,1391,41885,3.0,0,2,3,11,1230,161,1968,1990,98152,47.1365,-121.7977,822,19243
2639,981142,4,3.5,4970,22416,3.0,0,0,4,3,4332,638,1981,0,98127,47.3319,-122.4139,5884,29816
2640,1626425,7,3.0,7675,5501,3.0,0,0,3,12,6618,1057,1908,0,98167,47.3467,-121.5041,3627,13254
2641,786671,6,4.5,2533,7040,2.5,0,0,3,10,1395,1138,1941,0,98002,47.6538,-121.3144,3913,7165
2642,501013,7,,1864,2863,2.5,0,0,4,4,411,1453,1994,0,98162,47.4594,-121.906,3591,22253
2643,499669,4,2.0,628,44238,2.0,0,2,4,10,300,328,1970,0,98016,47.7525,-122.1239,559,10800
2644,461794,4,3.0,1514,9423,2.0,0,0,4,5,761,753,1978,0,98176,47.6255,-121.4851,3351,26409
2645,702418,6,3.0,2299,45766,1.5,0,0,3,8,1255,1044,2009,0,98152,47.4766,-121.8751,4919,3618
2646,1438049,6,2.5,7312,4203,2.0,0,0,3,9,6576,736,1903,0,98178,47.2182,-121.9612,2453,2385
2647,1125190,1,4.0,5977,11614,1.5,0,0,2,5,5811,166,1945,0,98130,47.2547,-122.2266,2387,32229
2648,1087522,4,4.0,5112,46521,3.0,0,4,3,4,3793,1319,2002,0,98039,47.2121,-121.7608,2242,34122
2649,464278,5,4.5,2018,23818,2.0,0,0,3,3,1847,171,1971,0,98103,47.41,-121.7724,4738,35533
2650,1079946,5,5.0,4681,21850,2.0,0,0,4,7,3494,1187,1923,2000,98187,47.6058,-122.1846,1459,24444
2651,333698,2,2.0,1698,23900,2.0,0,0,3,3,876,822,1971,0,98151,47.6315,-122.2463,4036,5811
2652,993652,7,4.0,4373,21842,1.5,0,2,4,3,3133,1240,1968,0,98012,47.1673,-121.9737,1821,36178
2653,1421875,6,2.5,7860,8286,1.5,0,0,3,7,7662,198,1922,0,98077,47.4471,-121.959,3473,13525
2654,1203346,1,3.5,6954,2657,1.0,0,0,3,5,6905,49,2006,0,98069,47.437,-122.3459,3584,29840
2655,1238793,5,3.0,5738,7497,1.5,0,0,3,12,4273,1465,1954,0,98143,47.4072,-122.1687,1081,36330
2656,1499918,3,5.0,7885,9679,1.5,0,0,4,5,7556,329,1997,0,98060,47.3109,-122.3076,1298,15717
2657,797232,1,4.0,2974,49047,2.5,0,0,4,13,1621,1353,1914,0,98064,47.4331,-121.4183,4487,10526
2658,1345653,1,5.0,6589,43356,2.0,0,0,3,9,6296,293,1950,0,98130,47.4616,-122.4108,3971,5074
2659,848408,5,4.5,3985,40139,1.5,0,2,3,5,3706,279,1949,0,98198,47.5198,-121.4455,3203,20971
2660,1332823,3,4.5,6757,47259,2.0,0,3,3,4,6394,363,1946,0,98064,47.3642,-121.8665,1713,23874
2661,1077361,2,4.5,4549,8973,2.0,1,1,4,5,3979,570,1982,0,98164,47.7616,-121.7016,966,38618
2662,1585154,5,3.0,7812,35670,2.5,0,0,4,13,6616,1196,1924,0,98013,47.3372,-121.3921,1776,7318
2663,790505,3,2.0,4219,2839,2.0,0,0,3,6,4066,153,1938,0,98002,47.7265,-122.0615,5843,7306
2664,429916,1,2.5,802,22292,1.5,0,0,3,11,300,502,1967,0,98120,47.6609,-121.6569,2978,28836
2665,1411814,3,1.0,7387,40519,2.0,0,1,3,4,6097,1290,1945,0,98005,47.4257,-121.694,5206,7624
2666,965967,1,3.0,4452,44381,1.0,0,0,2,8,3507,945,1971,0,98040,47.4474,-121.314,2233,39286
2667,1133753,7,3.0,5183,15673,1.0,0,3,2,7,4486,697,1992,0,98192,47.7089,-122.4447,4971,36805
2668,529787,5,3.0,1486,1288,2.5,0,0,3,8,300,1186,2018,0,98039,47.4449,-121.9535,2451,10651
2669,666608,6,5.0,2363,31266,1.5,0,1,3,7,2092,271,2005,0,98163,47.5756,-121.3125,4278,39758
2670,1098433,5,4.5,4940,48630,2.5,0,0,3,8,4498,442,1912,0,98185,47.6665,-122.1065,2599,24454
2671,972832,7,1.5,5409,31955,1.0,0,0,3,6,4897,512,1937,1992,98041,47.7355,-121.3412,3419,13801
2672,1411737,4,2.5,6583,22026,1.5,0,0,3,10,5775,808,1935,0,98173,47.2527,-121.5199,1293,36388
2673,1436955,4,2.5,7444,15393,2.0,0,3,3,11,7033,411,1936,0,98162,47.7828,-122.0928,1914,10912
2674,943312,4,2.5,3572,1791,1.5,0,3,3,12,2534,1038,1941,0,98147,47.7757,-122.4651,5466,25931
2675,1666693,5,4.0,7814,32482,3.0,0,1,3,9,7735,79,2019,0,98126,47.3081,-122.1636,1427,37616
2676,1394485,2,3.0,5906,29703,1.5,0,0,3,13,5221,685,2008,0,98042,47.5296,-122.3515,5720,9793
2677,1297144,5,3.5,6595,40584,2.0,0,2,4,3,6052,543,2014,0,98107,47.1328,-121.9859,3438,24049
2678,1422036,7,4.5,6273,44623,3.0,0,0,4,7,5010,1263,2006,2019,98017,47.2175,-121.3726,3831,3590
2679,952729,7,4.0,3624,27609,2.5,0,0,3,9,3536,88,1994,0,98113,47.5087,-121.8849,2244,33873
2680,497166,6,1.5,1827,45139,1.5,0,0,2,7,857,970,1918,0,98035,47.5551,-121.963,1689,36610
2681,1106304,3,4.0,5688,46690,2.5,0,0,4,7,5435,253,1936,0,98163,47.4742,-122.2411,2284,20637
2682,698623,5,2.5,2908,25042,1.5,0,0,4,7,2163,745,1988,2008,98101,47.5933,-121.7543,3552,21980
2683,929536,5,2.0,4173,41297,1.0,0,1,2,7,4035,138,2000,0,98006,47.655,-121.9536,2885,12227
2684,847654,1,1.0,3791,23755,1.0,0,0,1,13,3082,709,1964,0,98180,47.2179,-121.5727,4292,18479
2685,1015064,7,3.0,4533,29255,2.0,0,0,4,7,3220,1313,1984,0,98074,47.5617,-121.8807,3933,35481
2686,1062190,1,2.5,5605,19170,1.0,0,0,3,3,5300,305,2004,0,98043,47.4938,-121.4361,2408,2883
2687,310787,1,2.0,1203,3094,3.0,0,0,4,8,1032,171,1938,2018,98151,47.1823,-121.5604,5671,7173
2688,669416,5,4.0,1074,10666,3.0,0,0,3,13,549,525,2004,0,98116,47.26,-122.3259,2180,15504
2689,1331469,2,4.0,6204,8664,1.5,0,0,4,13,5877,327,1925,0,98171,47.3938,-122.3368,1171,36324
2690,853008,3,2.0,3732,41096,2.5,0,0,2,8,3580,152,1941,0,98181,47.7046,-122.4708,5915,23492
2691,1094229,3,1.0,5708,32974,3.0,0,0,3,10,5001,707,1961,0,98072,47.2519,-122.0572,658,9715
2692,1152886,7,4.5,5283,7482,1.5,0,0,4,7,4082,1201,1952,0,98073,47.228,-122.4345,4185,16842
2693,1507495,6,1.0,7424,40687,2.5,1,0,3,4,6818,606,1966,0,98195,47.6047,-121.9601,3354,1437
2694,751398,7,4.5,3132,39523,1.0,0,0,3,9,2280,852,1949,0,98097,47.7831,-122.2104,910,18965
2695,836872,2,3.5,4328,40961,1.5,0,0,4,3,2889,1439,2004,0,98194,47.4131,-121.9021,3752,18227
2696,1363620,2,2.5,7232,29562,2.5,0,0,3,7,6922,310,1968,0,98162,47.3451,-122.31,1860,27437
2697,796339,3,2.0,3730,45395,2.0,0,0,3,7,3141,589,2006,0,98163,47.2778,-121.841,5073,33260
2698,345275,4,1.0,988,46498,2.0,0,0,3,5,300,688,1928,0,98155,47.1348,-121.3403,4314,15440
2699,1340570,1,2.0,7614,17008,3.0,0,0,3,4,6883,731,1996,0,98155,47.2249,-121.7353,5241,14969
2700,634649,1,1.5,1847,4938,2.5,0,0,3,13,1439,408,1901,0,98192,47.1654,-121.8227,4012,25728
2701,764950,3,3.5,4181,29166,2.0,0,1,4,6,2938,1243,1917,1994,98039,47.4459,-121.5543,1214,26339
2702,836517,7,1.5,3673,23467,3.0,0,0,3,9,2955,718,1959,0,98188,47.7847,-122.4933,3449,1695
2703,1300028,2,3.0,5089,23789,1.5,0,2,3,12,3630,1459,2015,2021,98073,47.6512,-122.161,2769,34200
2704,502812,7,3.5,2167,33865,1.5,0,2,3,5,1984,183,1913,0,98096,47.5212,-121.3156,581,19647
2705,665565,6,2.0,2137,13792,2.5,0,1,4,8,1511,626,2017,1991,98151,47.4406,-121.5609,1308,18750
2706,986751,4,1.0,4614,29988,2.5,0,0,4,9,3467,1147,1939,1988,98078,47.532,-122.3917,4983,2088
2707,881431,3,1.0,4053,23770,2.5,0,2,4,4,3816,237,1963,0,98011,47.3632,-122.1082,2003,38069
2708,1172163,1,1.0,7040,21495,2.5,0,0,4,5,6635,405,1929,0,98004,47.2249,-121.9722,5116,22604
2709,636223,5,4.0,1500,19121,2.0,0,0,3,11,300,1200,1928,0,98051,47.5128,-121.3785,566,30381
2710,1309041,7,2.5,7946,20576,2.0,0,0,3,3,7384,562,1928,0,98038,47.4697,-121.7966,2062,3337
2711,596658,2,4.0,1350,1390,3.0,0,3,3,10,769,581,1918,0,98051,47.7612,-122.4073,545,32990
2712,421751,5,2.5,1888,21289,2.0,0,0,3,3,1802,86,2009,0,98048,47.5549,-121.8891,5070,11381
2713,1449780,6,3.0,5950,21922,1.5,1,3,2,5,4852,1098,1989,0,98036,47.6414,-122.1527,4264,9997
2714,962846,3,3.0,4212,45880,3.0,0,0,4,8,3423,789,2009,0,98025,47.1649,-122.0936,5803,17461
2715,861800,7,4.0,1867,26039,2.0,0,3,3,13,511,1356,1957,1986,98133,47.6327,-122.3629,1708,8637
2716,708875,1,2.0,1321,31406,2.5,0,3,3,10,577,744,2017,0,98074,47.788,-121.9495,2519,35860
2717,595914,7,1.5,954,10457,2.0,0,3,3,9,300,654,2015,1996,98069,47.5602,-121.6966,3008,15908
2718,514613,4,3.0,2124,7734,1.0,0,0,4,5,1755,369,1939,0,98105,47.6195,-121.5885,4465,7024
2719,838758,5,2.5,3272,1411,3.0,0,2,3,8,2373,899,1908,0,98082,47.7857,-121.6655,1123,29106
2720,901346,4,3.0,4226,45859,2.0,0,3,3,3,4183,43,2020,2015,98119,47.3739,-121.7074,2561,3689
2721,1623978,6,3.5,7732,40421,2.0,0,0,3,10,6412,1320,2009,0,98023,47.6769,-121.4569,856,17904
2722,1074111,1,3.0,3647,20973,1.5,0,0,4,11,3182,465,2007,0,98014,47.3798,-122.1012,812,1546
2723,1136082,5,3.5,4589,16084,2.5,0,1,3,11,3316,1273,1976,0,98180,47.3981,-122.2425,5136,21347
2724,1178460,6,3.0,5306,7277,2.5,0,0,4,6,3861,1445,2001,0,98087,47.5608,-122.3927,4470,27173
2725,533757,4,4.0,2690,41218,1.5,0,1,3,6,1778,912,1930,0,98125,47.2795,-122.3012,3019,31157
2726,560587,4,4.0,1416,39580,1.5,0,0,4,9,944,472,1977,2020,98048,47.7949,-122.3207,3928,24644
2727,1239001,5,3.0,4486,34768,1.0,1,0,4,9,3190,1296,1994,0,98099,47.3305,-121.405,1665,34746
2728,863711,1,3.5,3375,8184,3.0,0,0,3,13,2387,988,1914,0,98057,47.186,-122.2834,978,15637
2729,1343853,4,4.5,7248,28465,2.5,0,0,3,8,7076,172,1933,0,98161,47.3258,-122.3873,1716,18348
2730,1225392,3,2.5,6092,3416,1.5,0,0,3,9,5857,235,2013,0,98038,47.6992,-122.0197,5900,20536
2731,496760,6,2.5,1940,10533,1.5,0,2,4,3,871,1069,1961,0,98193,47.3197,-122.2965,1160,17362
2732,1151603,5,4.0,4900,24245,3.0,0,0,3,11,3485,1415,1973,0,98006,47.5279,-122.3433,5926,26557
2733,448028,2,3.5,1235,15903,1.5,0,2,3,8,1003,232,1956,0,98149,47.7547,-122.0651,2645,25881
2734,935631,2,1.5,4068,24828,1.0,0,1,3,10,3652,416,1920,0,98027,47.282,-121.3967,3126,29252
2735,1259075,1,4.5,6934,47427,3.0,0,0,4,7,6669,265,2002,0,98069,47.192,-122.4635,4964,33014
2736,1290366,3,1.0,6559,11483,1.0,0,0,2,9,6370,189,1953,0,98134,47.1678,-122.2507,4858,26379
2737,1245923,4,4.0,6745,42406,2.0,0,0,3,5,5539,1206,1988,0,98040,47.4083,-121.5109,4050,9656
2738,1415622,2,,6605,41483,2.5,0,0,3,12,6249,356,1936,0,98153,47.173,-122.2057,3523,17315
2739,902743,1,5.0,3838,28304,1.5,1,0,3,3,3700,138,1939,0,98069,47.4177,-121.9707,3813,4125
2740,1270708,6,1.0,7510,42132,3.0,0,0,3,9,6964,546,1919,0,98190,47.7039,-122.3817,2877,3049
2741,895309,3,3.5,3515,34716,1.0,0,3,4,7,2140,1375,2008,2009,98079,47.6442,-121.5458,2335,19691
2742,1326622,3,2.5,7617,37799,2.5,0,0,3,3,6252,1365,1970,0,98046,47.5072,-121.6162,2667,7319
2743,1021133,7,2.5,3389,17211,2.5,0,0,2,11,2505,884,2020,0,98176,47.6953,-122.3463,1708,39328
2744,733828,1,1.5,1461,1646,1.5,1,4,3,11,1389,72,1917,0,98166,47.1702,-121.3624,1121,39208
2745,937984,1,3.5,3489,46973,2.5,0,2,5,8,3327,162,2004,0,98061,47.5266,-121.7913,3081,4563
2746,1064116,7,3.0,4348,24409,1.5,0,2,3,13,4126,222,1943,2019,98081,47.1809,-121.5422,2299,27809
2747,561309,4,1.5,1526,10435,2.0,0,2,4,11,1342,184,1955,0,98017,47.4375,-121.5834,2650,22621
2748,1342001,1,3.5,6728,31099,1.5,0,0,3,9,6634,94,1989,0,98048,47.4244,-121.8771,4608,16026
2749,1080697,7,4.0,4365,22535,1.0,0,2,3,10,3682,683,1916,0,98033,47.2856,-121.603,4928,13022
2750,1561568,4,4.0,6971,3450,2.5,0,3,4,13,5639,1332,1941,0,98018,47.6809,-122.2146,3856,13620
2751,757277,4,4.5,3363,22275,2.5,0,0,3,4,2388,975,1970,0,98036,47.2598,-122.4745,1440,2861
2752,1045017,5,2.5,6069,28864,2.5,0,0,4,4,4898,1171,1927,2011,98054,47.4863,-122.0895,5615,36489
2753,783934,3,5.0,3001,3901,1.5,0,0,4,6,1659,1342,1920,0,98131,47.4376,-122.317,5140,20126
2754,486692,6,4.5,2447,41769,3.0,0,0,3,3,1245,1202,1936,2021,98089,47.4022,-121.3227,784,7495
2755,1359045,3,2.0,7272,39612,1.5,0,0,3,10,6619,653,1922,1991,98099,47.1235,-121.3916,1299,15635
2756,1513998,3,1.5,7888,19117,1.0,0,0,3,7,6574,1314,2010,0,98109,47.5877,-122.327,2440,27830
2757,593874,5,2.5,1677,37832,1.5,0,0,4,9,1181,496,1947,0,98148,47.1089,-122.0872,4268,5010
2758,960504,4,2.5,5260,33297,2.5,0,0,3,4,3936,1324,1958,0,98100,47.6744,-121.8888,772,34611
2759,261097,4,3.5,511,25045,2.0,0,0,2,7,300,211,2011,0,98107,47.2865,-122.0215,4181,22897
2760,1271023,1,3.5,5752,44829,1.0,0,1,3,11,5692,60,1973,0,98031,47.184,-121.66,4414,27049
2761,1193627,5,4.0,4899,3882,2.0,0,0,4,11,4039,860,2009,0,98021,47.3919,-121.8958,5679,1343
2762,744777,1,3.0,3864,8743,1.0,0,0,2,4,3793,71,1951,2010,98128,47.4916,-121.8217,5271,4343
2763,948132,5,1.5,3522,45567,1.0,0,0,3,13,2062,1460,1916,0,98101,47.3173,-121.6868,1897,23306
2764,776888,1,4.5,3871,49907,2.5,0,0,3,4,3390,481,1937,0,98034,47.1852,-122.4716,2186,11487
2765,1128352,2,2.0,6359,44989,1.5,0,0,4,7,6245,114,1900,0,98185,47.1128,-122.4851,3925,2063
2766,818502,7,5.0,3330,43323,2.5,0,0,3,5,2101,1229,1974,0,98165,47.5927,-122.2863,2518,3286
2767,137882,3,1.5,542,42411,2.5,0,1,3,3,300,242,1932,0,98001,47.7205,-121.638,3972,5956
2768,760847,3,5.0,1443,28289,2.5,0,0,3,13,300,1143,1994,0,98057,47.1704,-122.2115,4307,33701
2769,543305,6,1.5,2890,12279,2.0,0,0,2,3,1980,910,1943,0,98055,47.2614,-121.3958,5881,6665
2770,1157219,7,2.0,5945,26118,1.0,0,0,3,7,5392,553,1987,0,98159,47.1142,-122.4058,2279,3685
2771,629832,4,1.0,3045,35562,3.0,0,0,3,5,1887,1158,1919,0,98023,47.7195,-121.8041,925,21137
2772,904624,6,4.0,2911,3894,1.5,0,2,3,11,1737,1174,1946,0,98107,47.4113,-122.4693,4067,23992
2773,1038347,2,4.5,5486,37592,2.5,0,0,3,5,4939,547,1968,0,98102,47.7476,-121.3335,5260,28670
2774,1412826,6,2.5,7070,23007,1.0,0,2,3,5,6931,139,1941,0,98113,47.4277,-122.2436,3494,38002
2775,444177,3,4.5,1504,44062,1.5,0,0,3,5,1098,406,1925,0,98075,47.7035,-121.7948,3638,1534
2776,206958,4,3.5,520,7026,3.0,0,1,4,3,300,220,1948,0,98048,47.7662,-121.3563,1067,4772
2777,477904,2,3.5,906,47863,3.0,0,2,3,5,300,606,2005,0,98148,47.3346,-122.4636,5218,15660
2778,1388736,3,4.5,7262,19802,2.5,0,1,3,7,7058,204,1970,0,98101,47.5485,-121.8847,1538,1435
2779,640779,7,2.0,1514,23504,3.0,0,3,3,10,1220,294,1990,0,98135,47.5665,-121.8679,946,13774
2780,1085326,1,2.5,4931,11346,3.0,0,0,2,9,4071,860,1917,0,98099,47.115,-122.0782,3873,20772
2781,990152,5,4.5,2338,40542,1.5,1,3,4,13,1757,581,2001,0,98130,47.4068,-121.7145,4336,26860
2782,870360,2,4.5,3688,35867,1.5,0,0,3,6,3018,670,1994,0,98040,47.6987,-121.849,3069,34808
2783,1123793,4,5.0,5743,48480,2.5,0,2,3,6,4839,904,1908,0,98152,47.7624,-122.201,1144,26174
2784,1399784,6,4.5,7042,49199,1.0,0,0,4,6,5835,1207,1965,2013,98103,47.7295,-121.6536,5017,12553
2785,1395989,7,1.5,7436,37538,2.5,0,0,3,10,7419,17,2017,0,98110,47.781,-121.9406,5064,13762
2786,1478695,6,4.5,6423,46401,2.0,0,2,4,10,5017,1406,1959,0,98009,47.5571,-121.9356,4767,31176
2787,405395,2,2.5,1214,5008,3.0,0,0,3,4,479,735,2007,0,98122,47.263,-121.3577,5748,18039
2788,1097696,7,5.0,4646,25532,1.0,0,0,3,9,4026,620,1936,0,98043,47.5028,-121.858,2088,10647
2789,1182835,4,3.0,4354,36541,1.5,0,2,4,13,3712,642,1946,0,98097,47.3948,-121.5584,2335,14407
2790,1067051,2,3.0,4919,4309,2.0,0,0,4,7,4378,541,2008,0,98051,47.2811,-121.4591,1292,21402
2791,986426,4,3.0,5384,18418,2.0,0,0,3,4,4169,1215,1928,0,98050,47.641,-121.8031,4752,17242
2792,288536,6,2.5,640,34478,3.0,0,0,4,5,443,197,1997,2013,98087,47.5404,-121.5564,925,18390
2793,1043588,3,1.5,5065,3757,1.5,0,0,3,13,3800,1265,1962,0,98150,47.6531,-122.1285,3541,26319
2794,1108043,7,4.5,5382,6528,1.0,0,0,3,9,5292,90,1914,0,98092,47.2886,-122.2817,4194,24991
2795,1283669,1,4.0,6421,16967,1.5,0,0,3,8,5396,1025,2009,0,98091,47.7327,-121.6654,942,11182
2796,1082768,3,1.5,5953,17800,3.0,0,0,3,8,5166,787,1908,0,98010,47.2671,-121.3886,3753,14543
2797,1247979,1,4.0,6512,5446,2.0,0,0,3,9,5536,976,1979,0,98195,47.5213,-122.449,4646,17596
2798,506923,6,3.5,1463,28152,3.0,0,0,3,8,855,608,1965,0,98132,47.1398,-121.5843,4358,29188
2799,1517008,7,2.5,7651,22401,2.5,0,1,3,13,7187,464,1900,0,98030,47.4787,-122.4659,2007,19398
2800,344124,3,2.0,872,42878,2.0,0,0,3,4,300,572,2020,0,98150,47.1691,-121.9497,2288,5458
2801,936064,3,4.5,4135,46283,3.0,0,1,3,10,3359,776,1908,0,98092,47.3326,-121.6874,3347,10430
2802,822473,2,4.0,3041,10132,1.0,0,0,4,9,2014,1027,1956,0,98108,47.7025,-122.0136,3273,36806
2803,862415,5,3.0,4110,23768,1.0,0,0,3,8,2849,1261,1955,0,98041,47.7255,-122.1389,2164,29379
2804,756565,6,3.5,2192,44703,1.0,1,0,4,7,1641,551,1919,0,98144,47.6371,-122.2758,756,34326
2805,1695263,4,1.5,7394,40690,2.5,0,2,3,13,5932,1462,2009,0,98184,47.3574,-121.3266,1240,10596
2806,1268029,6,3.0,5775,13659,1.5,0,1,4,8,4867,908,2020,0,98069,47.5051,-121.8156,4875,21800
2807,1366748,4,2.0,6934,5722,1.0,0,2,3,5,5521,1413,1901,0,98142,47.2568,-122.3466,4416,39860
2808,1167514,7,2.0,6267,40453,2.5,0,0,4,4,4915,1352,1900,0,98180,47.5748,-122.4422,2276,14064
2809,1573021,4,3.5,7811,25344,1.0,0,1,3,11,7571,240,1973,0,98014,47.3432,-122.2079,3151,13519
2810,268573,1,4.5,605,2387,2.5,0,0,3,3,300,305,1986,0,98175,47.2547,-121.8536,980,35004
2811,1134966,4,2.5,6039,36988,1.0,0,2,3,4,5144,895,1953,0,98016,47.5095,-121.5976,1796,19076
2812,1436418,4,2.0,7313,1129,1.5,0,0,4,13,6306,1007,1918,0,98103,47.1783,-121.3228,1586,25617
2813,737091,2,3.5,2181,35052,3.0,0,0,4,12,1097,1084,1917,1985,98043,47.5807,-121.4993,4597,27984
2814,1099604,3,4.5,4597,49300,1.0,0,0,3,12,3512,1085,1923,0,98068,47.2309,-121.7656,5982,39903
2815,931292,6,4.0,4516,20265,3.0,0,0,3,3,3750,766,1951,0,98165,47.4874,-121.7002,2321,36572
2816,995243,6,4.5,3136,22695,1.0,0,0,4,10,1661,1475,1985,0,98142,47.3748,-121.8735,3685,2175
2817,1388731,7,3.0,7287,29950,1.5,0,0,5,6,5987,1300,1919,0,98041,47.4964,-121.9785,5825,4074
2818,734123,7,4.0,2637,2425,3.0,0,0,3,8,1455,1182,1910,0,98087,47.2722,-121.5583,5352,24815
2819,1020177,4,1.5,3916,10674,2.5,0,3,4,13,2654,1262,1972,0,98073,47.3173,-122.2872,574,10260
2820,1058595,5,2.5,4945,37409,1.0,0,0,3,7,4903,42,1978,0,98152,47.1982,-122.0993,1070,12186
2821,940819,6,2.5,4030,20771,1.0,0,2,4,10,3156,874,1959,0,98075,47.6439,-121.3256,2620,2758
2822,880154,7,3.0,1786,38134,2.5,1,3,4,12,1374,412,1915,0,98019,47.1491,-121.8139,3799,16926
2823,922347,4,4.5,3679,41401,1.5,0,3,3,9,2217,1462,1912,0,98012,47.3635,-121.9018,3593,3426
2824,1182784,7,4.5,5658,15855,2.0,0,2,3,3,4321,1337,1952,0,98047,47.4144,-121.4791,4407,29578
2825,1444510,1,1.5,7552,29383,1.0,0,2,3,10,6377,1175,1905,0,98098,47.2366,-121.5856,4766,26935
2826,1203097,1,1.5,6802,44583,2.5,0,0,3,6,5699,1103,1924,0,98140,47.3694,-122.1087,1254,31218
2827,962264,7,2.5,4154,30940,2.0,0,0,4,9,2994,1160,1962,0,98131,47.3927,-121.7488,2919,24216
2828,1379837,1,2.0,7602,13914,1.0,0,0,4,5,6129,1473,1946,0,98158,47.257,-122.2775,4060,23094
2829,861037,7,3.5,2859,39526,3.0,1,0,3,4,1450,1409,1914,0,98186,47.5475,-122.4364,3123,36096
2830,1363418,4,4.5,7908,15153,2.5,0,0,4,3,7526,382,1953,0,98111,47.1216,-121.3122,4799,18357
2831,542182,2,5.0,944,21096,3.0,0,0,3,12,780,164,1981,0,98174,47.2383,-121.6153,3733,1712
2832,1320651,5,3.5,6941,35302,1.5,0,0,4,7,6233,708,1942,0,98179,47.5369,-121.3831,958,27505
2833,1335523,4,4.5,5547,43793,2.0,0,2,4,13,5246,301,1996,0,98099,47.5393,-121.5017,2264,20414
2834,279534,2,3.0,535,42098,2.5,0,0,4,5,300,235,1913,0,98015,47.2857,-121.9863,5539,12948
2835,1284662,2,2.0,5703,21988,1.0,0,0,2,13,4632,1071,2020,0,98043,47.5781,-121.4663,5508,19587
2836,471624,6,3.0,1975,2920,1.0,0,0,3,5,825,1150,1933,0,98150,47.4289,-121.556,5828,15060
2837,914984,4,3.0,4457,48296,2.0,0,0,3,10,4090,367,1901,0,98009,47.4691,-122.1901,4970,11047
2838,646049,4,4.0,2298,43578,3.0,0,3,3,3,1651,647,1919,0,98092,47.3328,-121.7524,5315,12165
2839,773128,7,2.0,2345,22828,3.0,1,0,3,4,1290,1055,2021,0,98093,47.789,-122.134,4446,35948
2840,443081,2,2.5,1908,2533,2.5,0,0,4,3,1402,506,2005,0,98039,47.6162,-122.2192,5403,6190
2841,1181555,2,2.5,5791,13635,2.5,0,0,3,9,5179,612,1915,0,98068,47.2739,-122.4019,2047,29377
2842,1129716,2,5.0,5995,40867,3.0,0,0,3,6,5919,76,1966,0,98057,47.2656,-121.8482,5834,33214
2843,628054,7,3.0,2208,41868,2.5,0,0,3,5,1502,706,2009,0,98196,47.6419,-122.0291,806,6659
2844,1118498,6,4.0,5981,21630,3.0,0,0,3,5,4757,1224,1929,0,98007,47.3716,-122.3943,5413,31975
2845,1480603,4,4.0,7202,18924,2.0,0,0,3,12,7135,67,1986,0,98002,47.1641,-121.638,1204,25572
2846,868498,2,2.0,3438,22846,2.5,0,0,3,13,2387,1051,2002,1994,98054,47.1249,-121.6323,5027,17865
2847,1309351,1,3.5,6784,25791,3.0,0,2,3,5,5849,935,1950,0,98165,47.3898,-122.2176,3083,11615
2848,1425303,4,4.5,7530,33251,2.5,0,0,3,4,7131,399,2014,0,98156,47.3903,-121.3529,3248,14148
2849,1490550,7,3.0,7785,26936,1.0,0,0,2,7,7729,56,2020,0,98059,47.5948,-121.5666,4649,5062
2850,464634,6,5.0,1800,26219,1.0,0,0,3,3,574,1226,1986,0,98174,47.5023,-121.5336,552,8582
2851,1442273,1,2.0,7369,10104,1.5,0,0,4,7,6803,566,2014,0,98191,47.6391,-122.4956,804,32639
2852,715079,7,1.5,1743,33890,3.0,0,3,4,12,637,1106,1902,0,98163,47.3224,-121.3259,5743,23381
2853,1104077,3,4.5,4476,9861,1.5,0,0,3,10,3859,617,1976,0,98099,47.537,-121.3116,1384,11205
2854,942442,4,4.5,3597,1053,3.0,0,4,3,9,2323,1274,1950,0,98115,47.72,-121.8913,5453,16046
2855,1168129,3,5.0,5116,33115,2.5,0,0,4,13,4775,341,2020,0,98094,47.1485,-121.318,4763,15099
2856,1215035,7,3.5,6402,34880,3.0,0,2,2,5,5980,422,1945,0,98058,47.5959,-121.7654,2418,21993
2857,489867,7,4.5,509,40760,1.0,0,0,3,11,300,209,1939,0,98141,47.6011,-122.3392,533,10785
2858,1448560,7,4.5,5579,25397,2.5,0,0,3,13,5166,413,1928,0,98071,47.6558,-121.5229,5509,21436
2859,774337,2,4.5,2925,5630,1.0,0,0,4,12,2054,871,1922,0,98134,47.2883,-121.8303,843,5350
2860,1397095,6,3.5,6252,43256,2.5,0,0,4,9,6120,132,2003,0,98045,47.3916,-122.0893,4031,17934
2861,603136,2,2.5,2160,19874,3.0,1,0,3,3,1732,428,1916,0,98133,47.2678,-122.2166,3211,30765
2862,1455651,6,4.5,7325,5659,3.0,0,0,3,8,6622,703,2020,0,98166,47.316,-121.8773,2619,21808
2863,801599,5,2.5,3131,5304,1.0,0,2,3,6,2864,267,1984,0,98172,47.778,-121.6699,2208,3323
2864,1283472,2,3.0,6795,35637,2.0,0,0,4,8,6689,106,1992,0,98025,47.412,-121.4476,4605,34922
2865,995474,3,3.0,5315,36514,3.0,0,0,4,5,5250,65,2000,2019,98082,47.694,-121.7816,1623,21040
2866,593447,6,3.5,1572,21046,2.0,0,2,3,7,566,1006,1968,0,98143,47.6564,-122.0016,5114,38466
2867,1055907,2,3.0,3725,8186,2.5,1,0,4,5,2650,1075,2020,0,98077,47.4112,-121.7414,3366,35877
2868,1286506,4,1.0,5454,49766,2.0,0,2,3,9,4744,710,1984,0,98167,47.7945,-121.9036,5389,5804
2869,462195,7,4.5,1816,19756,1.0,0,0,3,7,1529,287,1965,0,98048,47.6885,-121.7176,4061,3194
2870,1250060,6,3.0,6199,6392,1.5,0,0,2,6,5968,231,2017,0,98052,47.4379,-121.7692,4755,34551
2871,1084794,6,3.5,4645,13640,1.5,0,0,3,12,3459,1186,1922,0,98060,47.3168,-121.3256,1189,17372
2872,1478819,2,1.5,7307,43086,1.0,0,3,3,9,6043,1264,1974,0,98023,47.1527,-121.7533,618,33661
2873,1542967,5,1.0,7174,27392,1.5,0,2,4,9,6785,389,1978,1990,98197,47.4254,-121.6708,3355,2172
2874,1128143,2,2.0,4183,43158,1.0,0,4,3,12,3138,1045,1922,0,98052,47.352,-121.4291,595,31135
2875,1598412,3,4.0,7727,5852,3.0,0,0,3,11,6999,728,1906,0,98086,47.598,-121.4044,3050,16803
2876,1323315,3,1.5,7834,41848,2.0,0,2,3,5,7148,686,1942,0,98022,47.1138,-122.3309,3397,9993
2877,886944,6,4.5,3773,46559,1.5,0,0,3,13,2865,908,1961,0,98025,47.682,-121.9554,2633,18604
2878,1550023,6,2.0,7500,35592,3.0,0,0,3,13,6980,520,1933,0,98183,47.3916,-121.3687,3842,1463
2879,481126,2,2.0,645,7816,1.5,0,2,3,12,300,345,2001,0,98064,47.4288,-121.3483,1756,17961
2880,1216021,3,1.5,5510,23555,2.5,0,0,3,10,5452,58,2004,0,98065,47.228,-122.272,1418,9671
2881,800606,3,1.0,3540,23633,1.0,0,0,3,9,3056,484,2012,2007,98004,47.7562,-121.9676,3676,32602
2882,858593,5,4.0,1962,44834,1.0,1,0,3,11,838,1124,1950,0,98052,47.3789,-122.1656,4056,21045
2883,1150895,4,4.5,6885,49374,3.0,0,1,3,4,6088,797,1943,0,98117,47.6899,-121.5511,640,17827
2884,1075743,5,3.5,5176,43116,2.5,0,0,3,8,4837,339,1969,0,98160,47.2662,-121.4774,2528,24747
2885,1526452,1,2.0,7330,24124,2.0,1,0,3,7,6845,485,,0,98053,47.1677,-121.9369,2633,31153
2886,617526,7,2.0,2084,8453,2.5,0,4,3,5,1396,688,1954,0,98026,47.545,-121.6892,5427,19861
2887,481259,5,3.0,982,29333,2.5,0,0,4,9,300,682,1965,0,98100,47.7891,-121.456,2896,8350
2888,853860,2,5.0,3679,6209,2.0,0,0,3,7,3559,120,1995,0,98163,47.5529,-121.6486,3190,9184
2889,621369,4,2.0,1749,19487,2.0,0,0,4,8,512,1237,1957,0,98014,47.5261,-122.3123,4614,12402
2890,1129696,2,4.0,5268,4842,2.5,0,2,3,6,4939,329,2019,1996,98162,47.4096,-121.6456,5855,24637
2891,337636,7,3.0,1130,22972,1.5,0,0,3,9,1047,83,1942,0,98060,47.2987,-122.3093,4695,39833
2892,1473549,1,2.0,7304,34926,1.5,0,0,4,9,6100,1204,2010,0,98153,47.4016,-121.7155,2982,13979
2893,385575,4,3.0,1161,12033,2.5,0,0,3,7,417,744,1960,0,98054,47.2043,-122.0998,4250,32451
2894,833717,6,1.5,4003,48787,1.5,0,0,3,9,3618,385,1937,2020,98155,47.2833,-122.4323,2745,16421
2895,899059,3,4.0,3352,19999,2.0,0,0,4,9,3030,322,1927,0,98021,47.4412,-122.2282,769,27593
2896,755846,5,2.0,2966,21710,2.0,0,0,3,12,2519,447,1956,1999,98176,47.2014,-121.9379,1167,4193
2897,426525,2,4.0,1487,13812,1.5,0,0,3,10,584,903,1940,0,98035,47.6541,-121.3072,914,5102
2898,1606543,1,1.5,7827,8629,2.0,0,3,4,13,7755,72,1972,0,98180,47.1081,-122.1931,5292,22838
2899,552927,3,5.0,2046,15160,1.0,0,1,4,3,1792,254,1988,2010,98198,47.3251,-121.3255,2208,20343
2900,482082,5,2.0,1149,15555,2.0,0,3,4,6,300,849,1949,0,98154,47.4617,-122.0629,3449,9988
2901,650572,3,4.5,1468,12879,2.5,0,0,3,13,552,916,1989,0,98143,47.7503,-121.348,5612,3308
2902,749396,5,4.0,3137,13369,3.0,0,0,4,3,2115,1022,2008,0,98005,47.5014,-121.3527,4086,23847
2903,485308,6,5.0,1600,30827,1.5,0,0,4,5,736,864,1989,0,98161,47.3064,-122.3285,4878,23917
2904,1523871,4,3.0,7152,37903,1.5,0,3,4,10,5839,1313,1960,0,98153,47.3465,-121.5055,1880,4286
2905,549776,3,4.0,940,14559,2.0,0,0,3,9,300,640,2018,0,98121,47.3374,-121.8792,3035,5530
2906,1551744,3,2.5,7921,45082,2.0,0,4,3,5,6937,984,1968,0,98180,47.2263,-121.6766,2274,8977
2907,1060152,3,1.5,5516,19614,3.0,0,0,3,6,4687,829,1962,0,98172,47.2014,-121.5687,2212,23526
2908,279826,4,3.0,1269,41573,3.0,0,0,3,4,662,607,2020,0,98020,47.4364,-122.3506,1271,26196
2909,515857,1,1.5,1843,9486,2.5,0,0,3,4,1256,587,1980,0,98056,47.2892,-121.5412,5341,4420
2910,1174257,5,5.0,6422,6271,1.0,0,0,3,7,6421,1,1925,1997,98066,47.1643,-122.1366,3747,21228
2911,1013825,6,1.5,4858,32058,2.5,0,0,4,4,4476,382,2018,0,98119,47.2515,-121.6212,3771,9648
2912,1159520,3,3.5,4229,10534,1.5,0,0,3,13,3540,689,1925,1984,98008,47.4645,-121.8116,894,31926
2913,1297374,7,3.5,4406,38229,2.0,1,0,3,9,3271,1135,2016,1994,98083,47.2798,-121.6784,5936,26568
2914,627915,4,3.0,2077,33383,2.5,1,0,3,3,1874,203,2006,0,98064,47.2664,-121.7525,3657,32767
2915,1529020,1,3.5,7280,31049,2.0,0,0,3,11,7255,25,1972,0,98157,47.5345,-121.5275,2406,31500
2916,1524808,5,1.5,7834,18885,2.0,0,1,3,12,7727,107,1922,0,98176,47.5826,-121.4265,532,33052
2917,786419,4,3.0,4508,33819,2.5,0,0,4,3,3641,867,1951,0,98122,47.2689,-121.9611,861,35821
2918,1531915,6,2.0,7102,18968,2.5,0,0,3,13,6829,273,1987,0,98147,47.4305,-122.0294,671,30898
2919,1121184,6,5.0,5594,16144,3.0,0,0,1,3,5578,16,2004,0,98137,47.6352,-122.2094,5395,2624
2920,1105744,5,4.0,3851,11743,1.0,0,2,5,11,2364,1487,1972,0,98072,47.5829,-121.5234,3275,29861
2921,1121160,3,5.0,5295,19488,3.0,0,0,3,9,4998,297,1973,0,98113,47.1485,-121.3396,5365,12985
2922,1026011,6,1.0,2849,42776,1.0,0,3,3,12,2257,592,2015,0,98015,47.352,-122.2656,4434,30909
2923,825280,1,2.0,4102,13549,2.5,0,0,4,6,3227,875,1969,0,98068,47.6063,-121.9506,4218,28597
2924,1243218,4,2.0,6199,49608,1.0,0,0,3,5,4780,1419,1903,0,98063,47.2256,-121.5756,5030,30264
2925,501540,1,1.0,1741,29566,1.5,0,0,4,7,691,1050,1900,0,98091,47.2371,-121.7367,3272,7236
2926,269960,3,2.0,1625,6545,3.0,0,0,4,4,1443,182,1905,0,98166,47.5411,-121.522,2521,17709
2927,735078,1,3.5,3101,37420,3.0,0,0,4,8,2427,674,1955,0,98047,47.2986,-122.4806,4835,15982
2928,1221935,1,2.0,6931,45711,3.0,0,0,3,8,6483,448,2001,0,98013,47.3266,-121.4064,1434,23788
2929,387172,2,3.0,1690,35590,2.0,0,0,3,3,335,1355,1928,0,98099,47.466,-122.4264,3713,11166
2930,1546054,1,4.5,7264,24949,2.0,0,0,3,12,5785,1479,2007,0,98112,47.6254,-121.9654,733,20974
2931,1163813,5,4.0,5601,40008,2.5,0,1,4,11,5014,587,1902,0,98046,47.4488,-122.1691,1088,5796
2932,922492,4,2.5,4631,1556,2.5,0,0,4,3,4212,419,2008,0,98036,47.7254,-121.3862,2307,32552
2933,1084534,2,,5339,49735,2.0,0,0,4,8,5100,239,1987,0,98010,47.1746,-122.1698,1359,36086
2934,1414832,4,3.0,6360,32755,3.0,0,4,3,9,5849,511,1941,0,98183,47.6279,-122.052,2821,3233
2935,1005838,4,1.5,4948,38356,2.0,0,0,3,10,3635,1313,1908,0,98023,47.4805,-121.434,3906,18910
2936,1169192,3,3.5,6518,27261,1.0,0,0,3,4,5715,803,1980,0,98023,47.6717,-121.8551,2757,17842
2937,455053,3,2.5,572,33077,3.0,0,2,1,13,300,272,2006,0,98068,47.3215,-121.4222,4030,25874
2938,1683687,2,4.5,7291,33034,2.0,1,0,4,10,6520,771,1958,1992,98172,47.4375,-121.7068,3110,21276
2939,1418129,6,4.0,5972,43082,2.5,0,1,3,13,4952,1020,1937,0,98133,47.6765,-122.405,3204,32344
2940,733759,7,3.5,2414,17140,2.0,0,0,3,12,1892,522,1941,2014,98004,47.6822,-121.9783,4187,39071
2941,1093694,3,2.5,5689,22671,1.5,0,0,4,4,5119,570,2019,0,98158,47.3632,-122.2883,4455,1589
2942,894017,7,2.0,2972,17877,2.0,1,0,2,4,1690,1282,1949,0,98105,47.6755,-122.4218,2607,37474
2943,808369,3,4.0,3546,24481,3.0,0,0,4,11,2833,713,1913,2011,98180,47.5777,-122.0514,3321,34868
2944,401314,3,3.0,1207,7082,2.0,0,0,1,9,300,907,1999,0,98141,47.3866,-121.4099,4884,16171
2945,649018,4,2.0,2304,37551,2.5,0,0,4,10,2192,112,1944,0,98118,47.7788,-122.3588,1864,20172
2946,1229203,2,2.0,7204,6773,1.0,0,1,3,3,6800,404,1932,2004,98018,47.1216,-122.4919,4712,12468
2947,1483271,4,1.5,7471,47833,1.5,0,1,3,12,6046,1425,1919,1989,98160,47.3679,-121.3779,2218,33656
2948,955568,5,4.0,4213,39078,3.0,0,2,3,8,3978,235,1933,1981,98161,47.3149,-121.8639,3732,21527
2949,1060540,4,2.0,5551,23762,2.5,0,2,4,3,4522,1029,1966,0,98058,47.755,-121.8297,1208,17789
2950,918025,7,3.0,3064,6001,1.5,1,0,3,7,1927,1137,1983,0,98126,47.1696,-121.3859,5258,23614
2951,769525,7,3.0,2975,49711,2.0,0,2,3,4,2611,364,1966,0,98062,47.5396,-121.6598,4888,35403
2952,979237,5,3.5,4110,36587,1.5,0,0,4,11,3264,846,1969,0,98199,47.6016,-121.5078,963,38112
2953,962651,1,4.5,4755,13854,1.0,0,0,3,5,3411,1344,1992,0,98142,47.2289,-121.5754,2803,13842
2954,1466172,1,4.5,6792,2138,1.5,0,1,4,12,5458,1334,1938,0,98104,47.205,-121.7658,673,20938
2955,821296,5,3.0,3323,39588,1.5,0,0,3,9,2132,1191,1942,0,98112,47.1335,-121.6739,887,11463
2956,1427675,5,1.0,7897,17448,2.0,0,1,3,4,7048,849,1994,0,98014,47.2112,-121.8272,5421,9835
2957,580788,4,2.5,2235,27684,2.0,0,0,3,12,2184,51,1938,0,98010,47.6658,-122.0735,4866,27094
2958,568846,5,3.5,2085,28575,3.0,0,0,3,6,1786,299,2012,0,98105,47.7608,-122.1576,4397,23496
2959,377984,2,3.0,566,23742,2.0,0,0,1,12,300,266,1984,0,98187,47.731,-122.2889,1446,21970
2960,794524,1,3.5,3561,37343,1.5,0,0,3,5,2476,1085,2014,0,98039,47.3557,-122.0752,734,27790
2961,582470,1,1.5,2928,4148,1.0,0,2,3,3,2845,83,1943,0,98174,47.6081,-121.8077,3119,25153
2962,1238551,6,3.5,4653,22980,2.0,0,4,3,12,3277,1376,1900,2015,98146,47.6789,-121.795,3291,33071
2963,1511489,5,1.5,7926,11283,3.0,0,0,3,8,6908,1018,1996,0,98147,47.6687,-121.6799,1907,22085
2964,388444,3,4.0,841,24863,3.0,0,0,3,7,300,541,1949,0,98107,47.1439,-121.4447,4163,5732
2965,1239916,3,2.5,5749,34117,1.5,0,0,3,8,4860,889,1973,0,98037,47.2504,-121.7178,2453,33354
2966,1010051,5,4.0,3274,23438,2.0,1,2,4,3,1776,1498,2019,0,98003,47.7573,-122.2949,5218,10995
2967,1301401,2,1.0,5791,48126,2.0,0,0,3,13,4877,914,2015,1984,98183,47.6179,-122.4692,5813,19844
2968,879888,3,2.5,3317,13948,3.0,0,3,3,10,2815,502,1961,0,98135,47.684,-122.2638,1772,22389
2969,788532,6,4.0,3161,15694,2.0,0,0,3,6,2468,693,1989,1982,98071,47.4599,-121.4103,2704,4840
2970,552313,7,2.0,1732,35380,1.5,0,2,4,9,1634,98,1902,0,98052,47.3751,-121.8188,5112,14274
2971,997630,5,4.0,4374,38598,1.0,0,0,2,10,3465,909,1977,0,98182,47.5559,-121.4817,4687,8941
2972,750928,2,3.5,2901,21876,1.5,0,0,3,5,1572,1329,1907,0,98038,47.431,-122.2188,2261,32712
2973,530764,2,3.5,1994,13602,2.0,0,0,4,6,1232,762,1947,0,98063,47.3616,-121.6481,1270,36243
2974,1286367,4,2.5,6417,45797,1.5,0,2,3,11,6103,314,2013,0,98064,47.3435,-121.622,2076,21830
2975,1230875,2,3.0,4711,37633,2.5,0,2,3,11,3246,1465,1995,0,98120,47.2105,-121.5286,4745,15448
2976,1544875,3,3.5,7931,30399,2.5,0,0,4,9,7685,246,1940,0,98006,47.4706,-121.8574,3633,28744
2977,376569,7,3.0,1161,42646,2.0,0,0,3,5,897,264,1935,0,98128,47.4639,-121.5478,2404,11244
2978,1121537,3,4.0,4383,27873,2.0,0,3,3,13,3959,424,1990,0,98052,47.5135,-121.3775,803,32790
2979,1235854,5,2.5,6061,25195,1.0,0,3,3,6,5267,794,1956,0,98122,47.1814,-121.3511,5396,21880
2980,1030203,7,2.0,4119,49212,1.5,0,0,3,9,3038,1081,1996,0,98122,47.7404,-122.3495,3621,26888
2981,1408370,5,2.0,7096,31534,1.0,0,0,3,8,6773,323,1984,0,98172,47.6194,-121.7508,5612,26257
2982,573443,2,1.0,2368,21549,2.0,0,0,3,8,1159,1209,1989,2015,98164,47.1917,-122.3638,2662,21374
2983,1026049,6,2.0,2834,4397,2.0,0,2,2,13,2043,791,2018,0,98165,47.1555,-121.3929,5371,5677
2984,839729,1,4.0,3874,21650,3.0,0,0,3,6,3027,847,1977,0,98064,47.55,-121.3535,896,2329
2985,547586,7,4.0,1516,7566,1.0,0,0,4,12,1455,61,1942,0,98176,47.3391,-121.9005,3853,31876
2986,988534,4,2.0,4906,22406,2.0,0,0,4,10,4314,592,1999,0,98027,47.3233,-121.3481,4006,29991
2987,418541,1,5.0,707,18224,2.5,0,0,3,11,300,407,1927,0,98109,47.688,-121.5805,5910,39629
2988,876537,2,3.0,3165,20457,3.0,0,0,3,12,1896,1269,1991,0,98193,47.3416,-121.6649,4834,34656
2989,801579,2,4.5,2993,31164,1.5,0,0,3,9,2125,868,1984,2018,98129,47.5425,-121.8031,4572,21453
2990,1510022,1,4.0,7313,34286,3.0,0,0,3,10,5917,1396,2011,0,98176,47.476,-122.0119,1459,3638
2991,659907,4,4.0,1132,27112,1.5,0,1,4,12,618,514,1958,0,98085,47.2841,-121.3435,4188,18085
2992,723044,7,1.5,2602,22126,2.5,0,3,5,4,1855,747,2004,0,98165,47.3321,-122.2635,4385,24354
2993,780578,7,2.0,3459,20464,1.5,0,0,3,6,3409,50,2017,0,98092,47.7602,-121.537,5909,39036
2994,713493,1,1.0,3583,35351,1.0,0,0,3,5,2967,616,1928,0,98049,47.332,-122.0591,4067,7415
2995,1118368,5,4.0,5252,22302,1.5,0,0,4,8,5154,98,2009,0,98055,47.6488,-121.5961,4689,8493
2996,1408586,3,2.5,6019,5812,1.5,1,2,4,4,5697,322,1937,0,98039,47.7029,-122.3036,2254,36724
2997,687705,6,4.0,2431,22829,3.0,0,1,3,9,1840,591,1933,0,98164,47.1497,-122.052,3532,24175
2998,962511,5,2.5,4219,14805,2.5,0,1,3,10,2755,1464,1964,0,98194,47.5642,-121.3646,3792,22984
2999,1520052,7,4.5,7623,35381,1.5,0,2,3,6,7220,403,1919,0,98194,47.6245,-121.8312,5738,5994
3000,621955,3,1.5,3062,34072,1.0,0,0,4,10,1622,1440,1925,0,98068,47.4038,-121.9105,4612,30613
3001,672309,6,1.5,2179,38533,3.0,0,0,3,10,2025,154,2014,0,98002,47.4985,-121.5975,3823,12709
3002,331431,6,2.5,736,48363,2.5,0,0,4,5,300,436,1926,0,98065,47.2133,-121.9995,1311,3070
3003,1378561,6,2.5,7946,22596,2.5,0,2,2,3,7801,145,1922,0,98104,47.3229,-121.9084,2229,39140
3004,1099994,2,2.5,4943,24617,2.0,0,0,4,13,4018,925,1970,0,98018,47.5954,-121.8273,1328,4987
3005,1528884,6,4.0,7270,40453,1.0,0,4,3,5,6012,1258,1921,0,98169,47.5218,-121.312,5019,38661
3006,1575013,4,1.5,7771,41271,3.0,0,1,3,12,6274,1497,1946,0,98098,47.1955,-121.5336,1731,34482
3007,848499,1,2.5,5225,46632,3.0,0,1,1,3,3803,1422,2000,0,98123,47.7916,-122.4522,2891,30749
3008,612312,7,4.5,2040,30643,1.0,0,0,3,4,1177,863,1998,0,98167,47.7565,-121.5597,968,6377
3009,1400772,4,1.5,6599,17230,2.5,0,0,3,10,5116,1483,2010,0,98154,47.2569,-121.8964,4844,25334
3010,921615,1,5.0,4443,15095,1.5,0,1,3,6,3742,701,1967,2010,98104,47.7126,-122.2232,1934,4520
3011,1267346,5,5.0,5867,18562,1.0,0,0,3,11,5079,788,1992,0,98003,47.287,-121.4758,2929,37036
3012,467717,5,1.5,863,12387,3.0,0,0,3,9,300,563,2000,0,98177,47.4946,-122.1754,798,1865
3013,667729,1,2.0,2868,14788,1.0,0,3,3,5,2612,256,1999,0,98028,47.6474,-122.1155,2879,3503
3014,334657,4,2.5,785,24619,2.5,0,2,3,3,300,485,1966,0,98144,47.3409,-122.4244,5836,8051
3015,304506,1,4.0,648,1955,2.0,0,0,3,3,300,348,1965,0,98123,47.4886,-121.3269,1833,19403
3016,1215804,6,3.5,5703,28237,2.0,0,1,3,3,5167,536,1968,0,98116,47.4152,-121.5455,1260,33349
3017,1062039,2,3.5,4537,29651,1.5,0,0,3,12,4363,174,1981,0,98022,47.6321,-122.3223,3303,38586
3018,1313776,7,4.0,7049,12705,1.5,0,0,3,5,6337,712,1997,0,98080,47.4351,-121.9125,5970,33503
3019,1562202,5,1.5,7621,27079,2.5,1,0,3,7,7131,490,1914,1996,98097,47.4968,-122.0959,1693,38595
3020,1168142,7,,5051,26519,1.5,0,1,3,10,3745,1306,2013,0,98077,47.6919,-122.4611,529,18757
3021,941061,2,4.0,2266,31059,2.0,1,0,3,10,1662,604,2013,0,98049,47.5891,-121.3873,2084,1965
3022,1106910,6,3.5,5395,23056,2.5,0,0,3,4,4834,561,2003,0,98028,47.4693,-121.4927,5212,19664
3023,1262961,6,4.5,5780,3209,2.5,0,0,3,11,5562,218,1943,0,98144,47.4229,-121.3157,1353,28004
3024,740832,5,4.0,1512,6281,2.5,0,4,3,11,492,1020,2018,0,98064,47.1887,-122.209,4226,16729
3025,875165,5,2.0,3331,20675,1.0,0,0,4,9,2152,1179,2004,0,98188,47.1395,-121.6607,2378,12044
3026,815405,6,2.5,3007,32214,1.5,0,0,3,12,2951,56,1950,0,98194,47.7669,-122.3582,5150,20099
3027,537625,3,3.0,2023,6632,3.0,0,0,3,7,1281,742,1964,0,98026,47.2306,-121.9823,1942,13042
3028,767072,7,1.0,3285,16865,2.0,0,0,3,7,2948,337,1985,0,98170,47.2938,-121.4839,2631,6445
3029,803516,2,5.0,3056,15422,1.5,0,0,4,10,2338,718,1924,2005,98131,47.5277,-122.4903,2022,30210
3030,1252938,7,1.5,4225,23245,2.0,1,2,3,10,2930,1295,1960,0,98108,47.6795,-121.9232,3101,31505
3031,1005756,2,4.0,5076,27404,1.5,0,0,4,7,4087,989,1916,0,98021,47.6832,-121.9784,1360,19940
3032,1566067,3,3.0,6282,26426,3.0,1,4,4,8,5075,1207,1996,0,98032,47.6808,-121.6708,2127,32570
3033,1318106,4,1.0,6757,13986,2.0,0,0,4,8,5443,1314,1951,0,98198,47.7847,-122.2145,1939,34739
3034,1460591,2,4.5,7392,36802,3.0,0,0,4,8,6469,923,1957,0,98197,47.139,-122.2921,2107,24504
3035,604749,7,4.5,2101,1426,2.0,0,0,3,7,1800,301,1980,0,98024,47.3799,-121.7192,1571,6895
3036,763234,1,3.0,2908,41562,1.0,0,0,3,11,1896,1012,1956,0,98065,47.7395,-121.7305,1984,24156
3037,374861,6,2.0,840,6963,1.0,0,3,4,3,594,246,1937,0,98023,47.4271,-121.5979,2389,11171
3038,919364,6,1.5,3317,21800,2.0,0,1,4,12,3302,15,1968,0,98080,47.7099,-122.2037,4834,16326
3039,1093535,3,2.5,6606,12276,2.0,0,0,3,5,5248,1358,1936,0,98008,47.1124,-122.4804,4236,28453
3040,1448623,2,2.0,7404,7510,3.0,0,0,3,9,7194,210,2006,2010,98045,47.4531,-121.4465,702,18194
3041,1616921,4,3.0,7612,41192,2.5,0,0,4,11,6216,1396,2006,0,98110,47.7457,-122.2524,5875,5027
3042,747796,2,5.0,2996,20628,2.0,0,0,3,4,2180,816,1974,0,98139,47.2829,-121.9984,2059,14746
3043,1493289,6,3.5,6462,19505,1.5,0,1,3,13,5033,1429,1975,0,98057,47.7508,-121.9378,2999,29479
3044,1152948,5,4.5,5430,13429,1.5,0,1,3,6,4385,1045,2007,0,98012,47.1059,-122.2752,4374,3885
3045,1216176,1,3.5,5799,45967,1.5,0,0,2,10,5182,617,1933,1981,98072,47.1552,-121.875,1943,25808
3046,541168,3,3.0,2225,2662,1.0,0,0,3,7,2107,118,1934,0,98138,47.4338,-121.4029,1745,27927
3047,769826,5,4.5,2189,13537,3.0,0,0,4,13,982,1207,1959,0,98063,47.1745,-122.1744,5275,6139
3048,968182,7,3.0,3767,35862,1.0,0,3,3,10,3262,505,1938,0,98163,47.2579,-121.8756,1721,26032
3049,1248937,4,4.5,4906,38562,1.5,0,0,4,13,4470,436,2015,1992,98038,47.3083,-122.1296,3322,10666
3050,253117,5,2.0,761,24387,2.0,0,0,4,4,300,461,1945,0,98021,47.437,-121.3231,1575,16399
3051,705761,7,1.5,1942,49952,1.5,0,0,4,10,814,1128,2017,0,98051,47.3734,-122.2353,1344,24435
3052,423317,5,4.5,905,27063,2.0,0,0,5,8,803,102,1915,0,98146,47.7455,-122.3688,2247,27607
3053,641532,4,3.5,2690,22568,3.0,0,0,3,7,1459,1231,1987,0,98146,47.7202,-122.3289,5496,21306
3054,1099971,5,4.5,4937,46969,2.5,0,1,3,4,4233,704,1930,0,98122,47.6236,-122.0595,2286,17736
3055,1332494,3,5.0,5935,14893,2.0,0,4,4,9,5111,824,1913,0,98154,47.5615,-121.8366,1931,19720
3056,1364242,6,1.0,7768,21413,1.0,0,0,3,3,6698,1070,2012,2015,98020,47.243,-121.6984,4637,32605
3057,347120,2,3.0,743,2904,1.5,0,0,3,8,440,303,1946,2021,98025,47.5213,-121.8251,3093,12705
3058,952946,5,2.5,5085,36947,1.5,0,0,3,5,4919,166,1931,0,98173,47.2029,-121.4134,2876,3232
3059,1061227,3,3.5,4607,3978,1.5,0,1,3,8,4114,493,2006,2000,98186,47.4169,-122.0677,5611,7783
3060,1296995,2,4.0,7906,9907,2.0,0,0,4,3,7820,86,1976,0,98018,47.4231,-121.6452,2317,38512
3061,400919,7,2.0,1060,25247,3.0,0,2,3,3,300,760,2001,0,98048,47.5828,-122.1782,837,39315
3062,828366,2,3.0,4637,20498,2.0,0,2,4,4,4518,119,1916,0,98014,47.6846,-121.6819,5527,31388
3063,1036958,7,4.0,3225,30044,1.0,0,0,3,12,1954,1271,2007,0,98135,47.3244,-121.389,4868,8322
3064,488475,5,1.5,1093,45048,1.5,0,0,3,9,300,793,1955,0,98166,47.1288,-121.3259,4583,26168
3065,1193239,3,4.5,6048,7052,2.0,0,1,3,6,5696,352,1935,1994,98113,47.1329,-121.6244,1557,15057
3066,637361,6,3.5,2326,28641,1.5,0,0,4,6,1159,1167,2016,0,98064,47.7124,-121.3691,3880,18360
3067,728286,5,5.0,3729,35855,1.0,0,0,2,6,3380,349,1941,0,98029,47.4404,-121.6835,3154,11416
3068,968930,7,2.5,3787,19685,2.5,0,0,5,7,2770,1017,1981,0,98087,47.2736,-121.3442,3207,38786
3069,816352,4,1.5,4573,12354,2.5,0,0,4,4,3233,1340,1918,0,98113,47.1226,-121.4224,1003,29210
3070,1350372,2,3.0,6289,44909,2.5,0,1,3,13,5520,769,1906,0,98183,47.4701,-122.3721,5549,23954
3071,435179,5,1.5,633,7499,1.5,0,0,4,9,300,333,1954,1996,98081,47.196,-121.9311,5823,8030
3072,683798,7,5.0,3638,25762,2.0,0,0,3,5,3317,321,1929,0,98173,47.3919,-122.0831,3758,33590
3073,1219564,2,1.0,4419,26530,1.5,1,1,2,13,4124,295,1975,1987,98019,47.4613,-122.4676,2129,20157
3074,1436633,7,4.0,7674,20316,3.0,0,0,3,5,7544,130,1974,0,98130,47.2604,-121.9397,2661,19392
3075,1285492,3,3.0,5543,1966,2.0,0,1,3,13,5527,16,2019,0,98093,47.2392,-122.322,4395,5114
3076,206424,1,2.5,572,29202,1.0,0,0,3,4,300,272,1928,0,98194,47.1139,-122.4563,3571,14084
3077,1090360,5,1.5,4994,28257,2.5,0,0,3,8,4059,935,1966,0,98106,47.5099,-121.966,5207,16863
3078,1197150,6,3.5,6024,24935,2.0,0,0,4,6,5103,921,1933,0,98100,47.2403,-122.2211,5089,30270
3079,1447685,5,3.5,7221,5179,2.0,0,4,3,6,7037,184,1933,0,98036,47.7148,-121.3776,2870,24762
3080,1712125,2,2.0,7502,8625,2.5,1,1,3,10,6430,1072,1994,0,98184,47.5226,-121.5248,915,10154
3081,963540,3,4.5,4725,32630,1.0,0,0,3,4,3902,823,1985,0,98149,47.4895,-121.3526,4599,7752
3082,778462,7,2.0,3478,11254,1.5,0,3,3,9,3403,75,1901,0,98063,47.4533,-121.4422,5082,21823
3083,1480727,4,3.0,7873,17470,1.5,0,1,3,4,7346,527,1926,0,98130,47.2507,-121.6265,5229,15754
3084,1263568,6,3.0,6407,1009,2.0,0,0,3,8,5378,1029,1946,0,98127,47.7786,-121.7828,3901,31252
3085,1497571,3,1.5,6597,4907,2.5,1,0,4,7,6564,33,1999,1996,98143,47.7769,-122.4215,2239,25513
3086,1080504,5,4.5,4861,29448,3.0,0,0,3,10,4803,58,1995,0,98190,47.3249,-122.181,3760,5646
3087,1224441,4,2.5,6156,39664,1.0,0,0,2,8,5066,1090,1956,0,98012,47.6434,-121.6471,1514,30018
3088,629120,3,1.5,2485,19877,1.5,0,0,3,9,2231,254,2021,0,98003,47.1835,-122.0186,3624,3737
3089,486496,1,2.5,1292,5985,1.0,0,0,3,8,890,402,1998,0,98132,47.6464,-122.1096,3489,25257
3090,1358786,6,3.5,6896,36039,1.0,0,0,4,10,5716,1180,1916,0,98009,47.3004,-122.3752,3067,21873
3091,1350515,2,3.0,7465,6518,1.0,0,0,4,4,7434,31,1997,0,98174,47.3024,-122.4158,4411,13187
3092,1285534,3,4.0,5908,36014,2.5,0,0,4,9,5899,9,1925,1986,98042,47.4551,-122.248,5777,14995
3093,960610,3,1.0,4759,12865,2.5,0,0,3,7,3361,1398,1909,0,98031,47.3746,-121.4985,5097,12772
3094,285072,1,2.0,594,33007,2.5,0,0,3,11,300,294,1938,0,98165,47.1825,-121.7044,1094,23750
3095,1392323,5,4.5,6401,32044,2.0,0,0,3,13,5029,1372,1908,0,98011,47.5152,-122.0909,4997,24068
3096,1548515,7,1.5,7476,43113,2.5,0,3,3,11,6888,588,1924,0,98189,47.2497,-122.4268,1324,38927
3097,518373,7,4.5,1633,40824,2.0,0,0,3,10,1102,531,1919,0,98027,47.4111,-122.274,3011,37232
3098,1292966,6,1.5,6979,25908,1.5,0,0,3,10,5800,1179,1914,0,98174,47.2617,-121.9601,2573,11371
3099,1247745,6,4.5,5417,6583,1.5,0,0,3,6,4367,1050,2003,0,98070,47.7003,-122.3161,648,21432
3100,403568,2,2.5,737,43822,1.5,0,0,3,10,300,437,2012,1989,98094,47.3366,-121.5849,3110,17303
3101,1297030,3,3.5,7024,20531,1.5,0,1,3,4,6133,891,1990,0,98043,47.7212,-121.5536,1969,4833
3102,921588,4,,3446,21483,1.5,0,0,4,13,2138,1308,1910,0,98045,47.3283,-122.3358,4410,25164
3103,554084,3,1.5,3030,21212,2.5,0,0,3,7,2403,627,1915,0,98146,47.2256,-121.6278,3976,11705
3104,675601,7,2.0,2460,29702,3.0,0,0,3,6,1187,1273,1993,0,98050,47.5036,-121.8853,5169,5564
3105,1380698,2,1.5,7545,3946,2.5,0,0,2,7,6635,910,1921,2007,98006,47.4886,-121.3451,4599,39201
3106,446934,3,2.0,1548,4112,3.0,0,0,3,7,1120,428,1961,0,98141,47.5332,-121.5549,4392,19263
3107,1167628,1,3.0,6272,11886,2.5,0,0,2,7,4963,1309,1923,0,98012,47.3115,-121.7976,2445,22135
3108,1606126,7,3.5,7784,41129,1.5,0,0,3,9,7491,293,2013,0,98007,47.324,-121.7757,5320,26469
3109,708728,3,4.0,3029,25123,1.0,0,1,3,3,2586,443,1987,0,98142,47.2662,-122.2853,1572,29382
3110,768396,3,3.5,3464,7446,3.0,1,0,3,4,3177,287,1935,0,98099,47.7499,-121.4276,4590,7432
3111,1419956,7,3.5,7637,49696,1.0,0,0,3,9,7332,305,1917,0,98047,47.5781,-121.8289,5870,13742
3112,387993,4,2.5,1463,38203,1.5,0,0,4,3,369,1094,1919,0,98007,47.6294,-121.8111,4671,16975
3113,540050,7,3.0,1036,7549,3.0,0,4,3,11,874,162,1907,0,98039,47.2359,-121.8095,831,25213
3114,1310150,1,2.5,7746,2880,1.0,0,0,3,5,7159,587,1914,0,98184,47.5631,-122.1685,3471,32494
3115,1444505,1,4.5,6199,21241,2.5,0,0,3,13,4833,1366,1976,0,98147,47.6339,-121.5255,5787,38728
3116,1681506,3,2.0,7840,3749,1.5,1,0,3,8,6710,1130,1999,0,98123,47.3397,-121.4652,1829,26228
3117,1347804,6,1.0,6575,24409,2.5,0,0,3,6,5945,630,1977,2011,98027,47.2104,-122.1545,897,19590
3118,1386174,4,3.5,7679,27379,2.5,0,0,3,5,6881,798,1946,0,98061,47.5879,-121.9699,988,24299
3119,943496,3,2.0,4723,25834,1.5,0,3,4,10,4115,608,2010,0,98066,47.5278,-122.285,2927,2583
3120,857124,7,4.5,4179,35740,3.0,0,0,3,4,3487,692,1987,0,98052,47.5029,-122.2137,3655,12881
3121,1069670,3,4.5,4687,47966,2.0,0,2,3,5,3663,1024,2018,0,98184,47.2278,-122.0968,2621,13856
3122,1205123,2,1.5,4224,33281,2.0,1,0,3,10,3749,475,2000,1989,98142,47.2837,-121.4176,2662,20020
3123,348177,2,1.5,1042,23992,1.5,0,2,2,5,300,742,1923,0,98101,47.5374,-121.7486,4392,28543
3124,503807,6,3.0,1345,46027,2.0,0,0,5,10,382,963,1946,0,98033,47.5295,-121.7945,5646,13665
3125,882924,4,3.5,4103,18378,1.0,0,0,3,9,4039,64,1917,0,98108,47.4883,-121.3639,1236,18522
3126,1363403,5,2.0,6277,39374,3.0,1,3,3,4,5367,910,1931,0,98140,47.6377,-121.5504,2331,17079
3127,890352,2,4.0,3536,46929,2.5,1,0,4,3,2922,614,1998,0,98085,47.6703,-122.4807,5079,27109
3128,1302906,5,3.5,6447,22753,2.5,0,3,4,3,6026,421,1983,0,98094,47.2936,-122.3508,708,21948
3129,586024,1,2.5,2994,31375,1.5,0,0,3,4,1990,1004,1941,0,98086,47.2103,-122.2027,1630,11912
3130,1152159,2,1.0,4985,33347,2.5,0,4,3,9,3811,1174,1995,0,98066,47.2408,-122.1353,942,28611
3131,868199,2,4.0,3219,36812,1.0,0,0,3,11,1805,1414,2000,1990,98152,47.2969,-121.4991,3055,6904
3132,693952,4,2.0,2384,19482,1.0,0,1,4,9,1369,1015,1936,0,98173,47.7634,-121.5761,2605,20385
3133,982132,6,4.5,4638,22343,1.5,0,0,2,5,3200,1438,2010,0,98183,47.196,-122.3255,4450,33829
3134,1048351,5,2.5,4849,11113,2.5,0,0,3,10,4843,6,1932,0,98123,47.7151,-121.8593,4921,28725
3135,930585,7,3.5,3701,27787,2.0,0,1,3,10,2729,972,1900,0,98199,47.2424,-122.3691,2223,12549
3136,1233729,2,4.5,5679,7413,2.0,0,1,3,11,4660,1019,2011,0,98053,47.3439,-122.2925,1773,8928
3137,954659,2,4.5,3210,5863,3.0,0,0,3,13,1721,1489,1991,0,98194,47.1881,-122.2094,4187,35941
3138,1411111,4,2.5,7110,34786,1.5,0,0,3,11,7007,103,1926,0,98104,47.1724,-121.4136,5669,11640
3139,1471090,4,2.0,6930,13953,3.0,1,0,3,11,6467,463,1916,0,98019,47.1666,-122.0611,4563,34765
3140,1450381,6,4.0,7654,12969,2.0,0,0,3,6,6807,847,1945,0,98179,47.3399,-121.401,3897,18208
3141,1363587,5,2.5,6136,39794,2.0,0,0,3,12,5786,350,1978,0,98082,47.4666,-121.5991,5829,32927
3142,603827,1,2.0,2453,42672,2.0,0,2,3,6,2088,365,1977,0,98098,47.2406,-121.6007,4377,12224
3143,1571827,7,4.5,7421,40985,3.0,0,0,4,13,7240,181,2016,0,98126,47.7529,-121.5358,1981,28205
3144,1318733,6,2.0,6988,39268,1.5,0,0,4,4,6746,242,1994,0,98194,47.5105,-122.3848,5338,34123
3145,1342803,1,1.0,5237,8494,1.0,1,4,4,10,5018,219,1933,1996,98045,47.7195,-121.5225,2516,31310
3146,1230903,3,1.0,7025,15754,1.0,0,0,3,4,5794,1231,1902,0,98128,47.2042,-122.1969,1427,10137
3147,916465,2,3.5,4350,34744,2.0,0,0,3,5,3145,1205,1955,0,98102,47.2004,-121.3193,4164,17014
3148,610929,5,3.5,1189,11969,1.5,0,1,4,11,761,428,1911,0,98168,47.6927,-121.4822,5444,29964
3149,1148645,6,2.0,5872,46980,1.5,0,1,4,4,5065,807,1925,0,98134,47.4976,-121.304,3608,38173
3150,446086,2,2.5,2450,21005,2.5,0,1,3,3,2416,34,1923,2010,98179,47.757,-121.3755,5364,23689
3151,1339537,5,2.5,5675,35122,2.5,1,1,3,7,5001,674,1959,0,98169,47.2028,-122.0683,5094,22734
3152,1185684,5,3.5,6082,42185,3.0,0,0,3,9,5221,861,1957,1995,98175,47.1182,-121.37,4212,33071
3153,556640,5,1.0,956,26745,2.5,1,0,4,6,300,656,1962,0,98145,47.7416,-122.1037,2602,13586
3154,1209903,2,4.5,5578,23686,3.0,0,1,4,6,4352,1226,1997,0,98151,47.5892,-121.7089,3211,7543
3155,668830,6,2.0,2630,35638,1.0,0,0,4,13,1445,1185,1907,0,98040,47.665,-121.5176,5447,28204
3156,854543,7,5.0,4476,26322,2.0,0,0,3,5,4069,407,1975,2009,98073,47.3072,-122.0416,2268,11754
3157,1288615,4,1.5,5718,15156,1.5,0,2,3,8,4346,1372,1972,0,98165,47.1021,-122.2554,987,9899
3158,1027882,2,4.0,4744,10939,1.0,0,1,3,10,4741,3,1925,0,98102,47.438,-121.4261,3838,25416
3159,1366418,5,2.0,5948,46351,1.0,0,0,4,13,5588,360,2009,0,98085,47.793,-122.3761,1293,27812
3160,948928,6,1.5,1679,10727,3.0,1,3,4,13,690,989,1957,0,98186,47.7353,-122.062,2774,33526
3161,983996,7,4.5,4785,32150,2.0,0,1,3,4,4196,589,1937,0,98149,47.1504,-121.8513,2447,10611
3162,1089178,3,4.5,4065,34598,3.0,0,4,3,8,2684,1381,1948,0,98155,47.2314,-121.5343,5672,12159
3163,474153,1,2.5,1382,34617,1.0,0,3,3,10,323,1059,1942,0,98139,47.3179,-121.4574,1187,38399
3164,1191213,5,4.0,6906,15890,1.5,0,0,3,3,6572,334,1958,0,98039,47.6813,-121.886,1549,33333
3165,1550395,3,3.0,7747,5427,2.5,0,1,3,6,6433,1314,1982,0,98191,47.6773,-121.8119,5164,37797
3166,512510,4,4.5,899,38625,3.0,1,0,4,3,615,284,1920,2017,98028,47.2295,-121.4754,1093,24232
3167,1486741,7,2.5,7407,28378,1.0,0,2,4,6,6348,1059,1912,2021,98084,47.4732,-121.9396,5192,39258
3168,633697,7,3.0,1108,29951,2.5,0,1,3,13,300,808,1998,0,98175,47.4513,-121.8291,4787,12012
3169,1592262,5,3.0,7927,9557,2.5,0,0,3,11,6441,1486,1902,0,98047,47.39,-122.4779,4380,25417
3170,1258460,7,2.5,6391,19082,1.0,0,0,3,8,5997,394,1988,2013,98110,47.4751,-121.3587,2669,3156
3171,511341,3,4.5,2138,9886,2.0,0,0,3,8,1572,566,1931,0,98132,47.305,-121.8199,3479,16870
3172,1302947,5,1.5,6171,38811,1.0,0,2,5,7,5099,1072,1920,0,98189,47.4721,-121.6269,5996,10006
3173,1306507,2,1.5,7428,37318,1.5,0,2,4,5,6966,462,1913,0,98018,47.5799,-122.2025,3908,38364
3174,657446,6,3.5,2648,23572,2.5,0,0,3,4,1312,1336,1994,0,98178,47.1438,-121.7121,1596,17519
3175,571276,3,3.5,1882,7492,1.5,0,0,3,11,1528,354,1907,2017,98093,47.7771,-121.948,4234,2074
3176,635753,6,2.0,1903,21344,3.0,0,2,3,11,1561,342,1906,1988,98164,47.2157,-122.365,3020,21843
3177,492648,2,2.5,1319,48388,2.5,0,0,3,9,1265,54,1999,0,98091,47.3522,-121.5038,5709,28172
3178,836487,2,5.0,3792,47019,2.0,0,0,3,4,2457,1335,1998,2010,98001,47.4294,-121.4928,2536,23229
3179,393823,6,2.0,1319,35151,1.0,0,0,3,6,478,841,1982,0,98035,47.1287,-122.4235,3849,22803
3180,552216,3,3.5,919,43232,3.0,0,3,4,13,660,259,1958,0,98005,47.4839,-122.0313,3044,34456
3181,1011959,6,4.0,4719,45699,1.5,0,1,3,10,3843,876,1901,0,98116,47.709,-122.1623,946,35086
3182,1249461,6,3.0,5017,14344,3.0,0,0,5,12,4097,920,1968,0,98006,47.7307,-121.8804,2020,21683
3183,793080,1,5.0,3802,13647,2.0,0,0,2,8,2805,997,1943,0,98060,47.3283,-121.9134,1076,27487
3184,1424204,3,4.0,7730,8239,1.0,0,0,4,7,6816,914,1965,1992,98100,47.4912,-121.7123,2778,30725
3185,930300,1,3.0,2008,35354,3.0,1,2,4,13,897,1111,1917,0,98133,47.6438,-122.203,4390,9939
3186,1333300,5,3.5,6193,37224,1.5,0,0,3,12,5290,903,1978,0,98160,47.277,-122.234,5570,6682
3187,386764,7,4.0,1267,49418,3.0,0,0,3,4,300,967,1915,2007,98167,47.4699,-121.632,1763,22326
3188,563161,6,3.5,2544,20345,1.0,0,0,4,3,1131,1413,1911,2013,98095,47.3567,-121.3286,1121,27413
3189,1440086,5,4.5,7126,12365,3.0,0,3,3,3,6857,269,2007,0,98040,47.3647,-121.3644,3204,5999
3190,1192864,3,2.5,7162,25190,1.5,0,0,3,3,6197,965,1959,0,98042,47.1659,-121.5496,5444,2413
3191,1512320,6,2.0,6798,31706,1.0,0,0,4,13,5315,1483,1999,0,98074,47.3848,-122.419,5202,27810
3192,804768,7,2.0,2639,48019,2.0,0,2,3,8,1255,1384,1985,0,98136,47.2126,-122.2147,1112,22621
3193,839244,5,1.0,3529,28958,2.0,0,4,3,6,2380,1149,1991,2001,98091,47.3109,-121.6724,3380,19765
3194,640136,4,1.0,2049,22863,2.5,0,0,3,13,1211,838,1953,0,98029,47.3312,-122.1451,1410,36651
3195,1369539,2,4.5,7098,20071,3.0,0,0,3,11,6914,184,1939,0,98188,47.4014,-122.0277,953,28246
3196,564631,6,3.5,2264,24186,1.5,0,0,3,11,1900,364,1942,0,98078,47.7418,-121.3556,915,5482
3197,1305025,7,3.5,6640,40600,3.0,0,0,3,5,5921,719,2017,0,98023,47.5417,-122.3964,3352,3847
3198,768486,2,3.5,3145,24163,1.0,0,0,3,8,2114,1031,1921,2020,98004,47.7821,-121.4665,579,16063
3199,771193,1,4.5,4216,11004,2.5,0,0,3,8,3563,653,1903,0,98034,47.5135,-122.4396,5497,34906
3200,1159777,5,3.0,5105,33948,1.5,0,0,3,12,4204,901,1975,0,98105,47.6638,-122.0945,5363,27071
3201,1341888,1,4.5,5802,7266,3.0,0,2,3,12,4365,1437,1920,0,98166,47.6839,-121.8335,3179,29957
3202,986248,7,2.5,4981,14391,1.5,0,0,4,3,3826,1155,1990,0,98061,47.6173,-122.0723,5727,8984
3203,1380115,6,4.5,6193,14657,1.0,0,0,3,11,4814,1379,1922,0,98027,47.5689,-121.3514,4076,26176
3204,1231411,2,4.0,7048,9704,2.5,0,0,5,6,6031,1017,1941,0,98083,47.3925,-121.8947,1534,29081
3205,647344,2,2.0,2793,28729,1.5,0,0,2,8,2471,322,1990,0,98159,47.4971,-121.6194,2238,26041
3206,1352657,5,3.5,5337,40931,1.0,1,0,3,12,4432,905,1940,0,98131,47.2356,-121.6575,4030,17273
3207,748058,6,3.0,3208,31464,2.0,0,2,3,10,3107,101,1915,0,98077,47.5328,-121.4979,2621,25878
3208,1417713,4,1.5,7293,36986,1.5,0,0,3,3,6499,794,1995,0,98155,47.46,-121.4633,1810,25468
3209,1378266,4,3.5,6507,36929,2.5,0,1,3,10,5018,1489,1935,0,98171,47.663,-121.9404,2538,27973
3210,1349608,5,2.5,6042,23907,1.5,0,0,4,8,4590,1452,2021,1996,98188,47.7318,-121.4644,601,18972
3211,329089,6,1.0,1400,25261,1.5,0,0,4,3,1326,74,1916,0,98096,47.193,-121.7159,4128,15168
3212,1529244,5,5.0,6708,17446,1.0,0,0,3,11,5585,1123,1953,1998,98046,47.5836,-121.6767,1534,35278
3213,1182079,6,3.5,3584,26438,3.0,1,0,3,11,2841,743,1981,0,98037,47.765,-122.2921,5624,22821
3214,1442171,7,4.5,6856,33993,3.0,0,2,4,12,6621,235,1990,0,98121,47.7425,-122.2059,3711,20996
3215,1027398,7,3.5,2509,39140,1.5,1,2,3,10,1217,1292,1906,0,98195,47.6841,-121.6748,4801,4004
3216,461022,1,2.5,741,17624,2.5,0,0,3,9,300,441,2017,1987,98134,47.1338,-122.1812,893,30819
3217,1257746,5,3.0,7136,30648,2.5,0,0,3,3,5859,1277,1940,0,98059,47.2767,-121.912,4598,1685
3218,1732590,6,3.5,7880,48481,1.0,0,0,3,13,7154,726,2001,0,98131,47.2038,-121.912,839,32774
3219,713257,4,5.0,2885,40234,1.5,0,4,3,3,2075,810,1961,2013,98139,47.7489,-122.2192,4737,33752
3220,1284641,6,2.0,6616,2770,1.5,0,0,3,10,6288,328,2017,0,98027,47.6242,-121.8202,4390,11561
3221,1165955,7,4.5,4768,1339,3.0,0,0,3,12,3933,835,1983,0,98130,47.4722,-121.8235,3340,13605
3222,547624,6,4.5,1171,12393,1.0,0,0,4,10,300,871,1956,0,98064,47.7856,-122.3452,1265,32670
3223,466676,5,3.5,663,23564,2.0,1,0,3,3,300,363,1998,2012,98172,47.2363,-122.0427,4870,15932
3224,578143,1,4.5,964,29360,2.5,0,0,3,10,706,258,2010,0,98076,47.5491,-122.061,5955,5069
3225,734911,1,2.5,3542,35016,2.5,0,0,3,10,3315,227,1932,0,98055,47.5266,-121.8255,1960,28221
3226,1222858,1,5.0,5092,6102,1.5,0,0,4,12,4716,376,1925,0,98121,47.3383,-121.6008,2217,7301
3227,1129128,1,4.0,5295,2574,1.0,0,0,3,12,5151,144,1987,0,98168,47.4398,-122.4781,2653,24316
3228,535276,7,1.0,2942,11239,2.0,0,0,3,5,2863,79,1923,0,98076,47.2648,-122.3409,2105,34101
3229,936736,3,4.5,5298,43618,2.5,0,0,3,3,4236,1062,1930,0,98151,47.574,-122.1376,5177,39540
3230,1203127,5,3.0,6536,3431,1.0,0,0,3,5,5831,705,1926,0,98192,47.3928,-121.5275,2281,24138
3231,663521,2,3.0,2855,16006,2.0,0,0,2,10,2147,708,1948,0,98185,47.1165,-121.9234,4797,22741
3232,1391373,5,3.5,6387,39697,1.5,0,0,3,10,6291,96,1972,0,98010,47.7655,-121.8869,3401,39036
3233,1113855,3,1.5,4778,21146,3.0,0,0,3,9,4533,245,1965,0,98035,47.451,-122.009,5764,14463
3234,979686,1,3.0,5224,11362,2.5,0,0,4,4,4892,332,1969,0,98134,47.5939,-122.0018,1675,22609
3235,734991,3,4.5,3057,49579,2.5,0,0,3,7,1631,1426,1930,0,98089,47.2379,-121.3269,4885,29428
3236,1309342,4,1.0,6327,49494,2.0,0,0,4,12,5563,764,1924,0,98182,47.1891,-121.4216,2918,32637
3237,421303,4,2.0,1045,33289,3.0,0,0,3,10,768,277,1915,1987,98124,47.7317,-121.629,1607,32280
3238,1158321,7,1.0,6183,29024,1.0,0,0,3,5,5152,1031,2008,0,98067,47.5137,-122.1111,4940,26135
3239,1064129,5,2.5,5219,21405,1.5,0,3,4,8,3832,1387,1905,0,98082,47.4453,-121.8836,5709,12024
3240,994791,5,4.0,4335,45345,1.0,0,0,4,4,2860,1475,1986,1984,98120,47.4648,-121.6727,2524,23931
3241,612355,2,4.0,1093,12804,2.0,0,3,3,10,842,251,2010,0,98056,47.2653,-122.0265,5498,4176
3242,1543012,7,5.0,5339,5074,2.5,1,2,3,11,4444,895,2020,0,98081,47.7389,-121.8706,5283,32869
3243,1391769,2,3.5,7894,25565,2.5,0,0,5,3,7877,17,1968,0,98060,47.25,-122.3251,5353,20645
3244,1192531,4,2.0,6364,7328,1.0,0,3,3,6,5975,389,1916,0,98014,47.2106,-122.3877,1009,13201
3245,872028,1,4.5,4304,1241,1.5,0,0,3,8,3039,1265,1908,0,98174,47.751,-122.2992,3227,17420
3246,535153,3,4.0,1959,9325,2.0,0,0,2,4,683,1276,1989,1992,98016,47.2803,-121.5932,2799,11215
3247,1299452,2,3.5,6544,45077,1.5,0,0,3,8,5517,1027,1961,0,98115,47.7037,-122.272,5865,17579
3248,1154494,6,4.0,3993,2094,2.0,0,0,3,13,2597,1396,1912,0,98027,47.6408,-121.3903,3741,18701
3249,701559,2,4.5,3101,35842,1.5,0,0,4,9,1653,1448,1906,0,98165,47.3674,-122.0577,2344,38456
3250,1335472,1,4.0,6664,45672,1.0,0,0,3,8,5916,748,2011,0,98061,47.2778,-122.2972,2825,9636
3251,1583281,1,2.5,7197,10800,3.0,0,0,4,12,5995,1202,2003,0,98118,47.6313,-121.5097,1488,2372
3252,879715,5,4.0,2944,47741,2.0,1,0,3,12,2933,11,1917,0,98148,47.5183,-121.952,5833,28324
3253,734839,3,1.0,3172,48102,1.0,0,0,3,13,1856,1316,2000,0,98025,47.2778,-122.0338,2725,13559
3254,964524,1,2.5,4700,8317,2.5,0,0,2,10,3931,769,1944,1983,98178,47.7236,-122.1047,1660,32969
3255,1348048,7,2.5,6835,10140,2.5,0,4,4,7,6577,258,1923,0,98058,47.6047,-122.1034,5851,9532
3256,139445,2,1.5,516,15971,1.5,0,0,3,5,300,216,1954,0,98078,47.7365,-121.7039,1332,33536
3257,683011,2,1.0,3691,18857,2.5,0,0,3,4,3095,596,1931,2000,98165,47.4062,-121.8512,975,26714
3258,253998,4,1.5,892,18605,3.0,0,0,4,4,598,294,1906,0,98133,47.1897,-121.9388,2412,9453
3259,491357,1,3.5,924,11096,2.0,1,1,4,4,300,624,1919,0,98054,47.7469,-121.9636,5959,22205
3260,1793989,6,4.0,6772,47428,1.5,1,0,3,12,5637,1135,2008,0,98037,47.521,-122.3296,3342,5686
3261,1682544,5,5.0,7797,26536,2.0,0,3,4,7,7592,205,1997,0,98074,47.5242,-121.5065,1090,9273
3262,485023,3,2.5,1071,14520,2.0,0,0,4,12,850,221,2021,0,98010,47.509,-121.3878,3242,33600
3263,891990,6,3.5,4131,7254,1.0,0,0,2,6,3095,1036,1918,0,98009,47.4307,-121.5374,1193,27712
3264,1312717,5,4.5,6672,10515,2.5,0,4,3,4,5379,1293,2009,0,98078,47.2785,-121.9585,5664,19924
3265,471607,2,1.5,1620,11276,2.0,0,3,3,7,1581,39,1961,0,98033,47.5291,-121.3334,2588,7969
3266,1464968,6,4.0,7677,40363,3.0,0,0,3,9,7173,504,1913,0,98152,47.603,-121.7576,3262,23954
3267,286585,5,4.0,741,47596,3.0,0,0,3,7,300,441,1931,0,98070,47.7416,-121.5711,5621,1182
3268,1058554,2,1.5,4397,21473,2.5,0,1,3,13,3785,612,1908,0,98057,47.1505,-121.6105,5497,9484
3269,991794,2,4.5,4595,13987,2.5,0,0,4,10,3357,1238,1999,0,98026,47.2783,-121.6506,4302,18569
3270,662956,2,4.5,2779,23825,1.5,0,0,4,8,1452,1327,1948,0,98167,47.6437,-121.7296,3321,6039
3271,473435,2,1.0,1288,40063,1.5,0,0,3,11,767,521,1989,0,98172,47.6426,-122.2461,2267,30913
3272,1845678,7,1.5,7951,6545,1.5,1,0,4,12,6807,1144,1983,1997,98064,47.2484,-122.1467,2017,29583
3273,437739,2,1.0,1214,14041,2.5,0,1,4,7,300,914,1992,0,98176,47.2293,-121.4359,709,7163
3274,1059069,4,2.5,5354,26076,2.0,0,0,3,10,5050,304,1915,0,98195,47.357,-122.284,1295,24546
3275,966444,6,3.0,3349,7959,1.0,0,3,4,8,1900,1449,1994,0,98048,47.144,-122.3176,4809,19367
3276,560754,5,3.0,1275,12233,1.5,0,0,4,9,300,975,1923,0,98040,47.6113,-122.159,4282,2686
3277,1010549,4,2.0,4526,4705,1.0,0,0,3,10,3931,595,1929,0,98174,47.5689,-122.065,2021,17946
3278,1412334,7,4.5,7369,29421,3.0,0,0,4,6,7168,201,1907,0,98096,47.7011,-121.8362,5827,7498
3279,705164,4,2.5,2747,9933,2.5,0,2,2,6,2186,561,1989,0,98003,47.401,-121.7734,3229,15987
3280,1489261,1,1.0,7588,47274,3.0,0,3,3,13,7177,411,1978,0,98142,47.5457,-121.5512,5403,30311
3281,617067,1,2.0,578,20693,1.5,1,1,4,8,359,219,2021,0,98004,47.7678,-122.4119,5372,33420
3282,1376583,1,3.0,7599,46839,2.0,0,0,4,4,6421,1178,2013,0,98140,47.7712,-122.2501,3862,27603
3283,1145686,3,2.5,4426,16772,1.5,0,4,4,11,4103,323,1909,0,98118,47.1498,-121.8938,3063,10235
3284,725973,1,2.0,1355,18609,1.0,1,3,3,10,745,610,1935,0,98151,47.1013,-122.199,2338,22753
3285,1394391,5,1.5,7840,36897,1.5,0,0,3,4,7501,339,2002,0,98131,47.772,-121.4518,3518,22848
3286,1552919,4,4.5,7110,36292,2.0,1,0,3,3,5697,1413,1923,0,98003,47.4747,-121.7318,5273,33530
3287,1479273,5,5.0,7224,15332,2.0,0,0,3,12,6015,1209,2012,0,98125,47.5903,-121.9117,801,14653
3288,1159546,6,2.5,6035,30058,2.5,0,0,3,6,5902,133,1907,0,98042,47.7388,-122.4995,1026,2443
3289,1644997,1,2.5,7583,6990,2.5,0,4,4,13,6756,827,1900,0,98147,47.4032,-121.4696,1046,17116
3290,1677073,7,3.5,7092,42581,2.0,1,0,3,6,6244,848,2017,2005,98156,47.4085,-121.947,845,14846
3291,1333430,3,4.0,6730,47101,2.0,0,0,3,4,6584,146,2016,0,98038,47.2169,-121.8623,554,29415
3292,655540,6,2.5,2648,35286,1.0,0,0,1,7,1512,1136,1973,0,98117,47.7341,-121.6621,3171,5509
3293,537745,7,4.5,1531,4904,1.5,0,0,3,5,1099,432,2010,0,98137,47.5534,-121.3751,5659,23653
3294,1338830,3,3.0,5440,20614,2.5,1,1,3,5,5054,386,1986,0,98184,47.2262,-122.3101,1848,3778
3295,1011936,6,3.0,3771,5868,1.0,0,0,3,12,2382,1389,2001,0,98110,47.4919,-122.4146,5496,33108
3296,843099,4,3.5,4076,37314,1.5,0,0,3,5,3019,1057,1973,0,98145,47.3297,-122.3537,1030,21082
3297,1057760,5,5.0,4682,12126,2.5,0,3,2,6,4621,61,1932,2011,98135,47.203,-121.6111,615,14524
3298,1394146,2,4.0,6686,40315,1.0,0,1,3,13,6243,443,1930,0,98101,47.2273,-122.3449,3376,23867
3299,719315,5,1.0,3956,14290,3.0,0,0,3,7,3761,195,2001,0,98116,47.4915,-121.8988,4991,12371
3300,809186,1,2.5,4006,46398,3.0,0,0,3,6,3920,86,1976,0,98119,47.4951,-121.6522,2539,36183
3301,538953,7,3.0,907,38244,2.5,0,0,3,11,300,607,1961,0,98054,47.653,-121.6447,1557,23095
3302,646478,2,2.5,3211,34565,1.0,0,1,4,6,1934,1277,1934,0,98028,47.2736,-122.0124,1817,11752
3303,898095,3,4.0,3588,5291,1.5,0,2,1,13,2438,1150,1943,0,98128,47.7411,-121.6617,4127,37804
3304,698571,4,4.5,2168,39278,1.5,0,0,4,9,983,1185,1946,0,98194,47.463,-121.36,2754,24586
3305,470514,4,4.0,647,35748,1.0,0,0,4,12,300,347,1931,0,98156,47.2429,-122.4664,1491,19505
3306,1478662,3,5.0,6920,13412,3.0,0,0,3,13,5581,1339,1962,0,98025,47.3893,-121.6943,3635,18766
3307,956356,1,2.0,4827,4230,1.0,0,0,3,7,4656,171,1921,0,98091,47.7464,-121.8729,2975,1358
3308,968555,3,4.5,4397,42232,3.0,0,0,5,12,3999,398,1906,0,98099,47.4347,-122.2449,3841,21226
3309,783448,6,4.0,2450,16565,3.0,0,0,3,11,1638,812,1905,0,98177,47.7123,-122.1307,3545,37525
3310,408720,7,2.5,865,30062,1.5,0,0,3,11,535,330,1940,2002,98176,47.2119,-121.4954,1577,19813
3311,1718768,7,4.0,7895,32737,2.5,0,1,3,10,6513,1382,1979,0,98124,47.7398,-121.7957,4728,25486
3312,549233,1,1.5,2174,5974,2.0,0,0,3,8,1923,251,1911,2021,98175,47.4014,-122.4826,3301,29516
3313,1132088,2,4.0,5031,36350,1.0,0,1,4,13,3999,1032,1972,0,98062,47.7553,-121.3416,2734,32975
3314,955795,3,3.0,4994,49705,3.0,0,0,4,8,4232,762,1939,0,98161,47.7063,-121.7006,2753,23075
3315,1339229,1,2.0,5830,20578,1.0,1,1,3,4,4568,1262,1968,0,98170,47.562,-121.9688,4210,3390
3316,1196994,7,3.5,6010,23778,2.5,0,0,3,9,5976,34,1957,0,98087,47.571,-121.6452,1045,35962
3317,861538,2,3.5,3046,7639,2.5,0,0,3,11,2269,777,1902,1980,98027,47.2481,-122.2545,3372,6897
3318,1547601,3,2.0,7183,11282,2.0,0,0,5,11,6250,933,1999,0,98124,47.522,-122.1874,2164,1608
3319,319489,4,1.0,1062,46340,2.0,0,0,3,4,300,762,1942,0,98008,47.4846,-122.3174,5981,23950
3320,917713,3,2.5,4062,22922,3.0,0,2,4,11,3394,668,1973,0,98190,47.3339,-122.0235,1437,10292
3321,662131,5,3.5,2989,23332,2.0,0,0,3,9,2280,709,1907,0,98116,47.4539,-121.4144,4504,21010
3322,1169661,3,,5880,6275,3.0,0,0,4,7,5151,729,1972,0,98166,47.7504,-122.0337,3854,28847
3323,364335,5,4.5,1272,17510,1.5,0,0,3,7,300,972,1912,1999,98115,47.1037,-122.1543,5035,7108
3324,1377235,2,3.0,6993,39672,3.0,0,3,4,8,5737,1256,1955,0,98004,47.392,-121.6557,5823,9740
3325,682631,3,4.0,2537,14633,2.0,0,0,3,10,1910,627,2021,0,98054,47.3335,-121.4565,1146,12378
3326,679942,2,3.0,3923,20611,1.0,0,0,4,4,3847,76,1918,0,98176,47.7729,-122.2069,2136,30713
3327,955607,2,4.0,3067,38377,2.0,1,2,3,5,1826,1241,1922,0,98197,47.7817,-121.5305,5076,30917
3328,1258075,7,2.0,5939,49339,2.5,0,0,3,12,5566,373,1942,0,98144,47.51,-122.1342,4136,33173
3329,1256475,1,2.5,6781,49300,2.0,0,0,3,9,6729,52,1923,1982,98061,47.485,-122.2032,4241,19609
3330,400401,2,3.5,2073,26108,1.5,0,0,2,5,1816,257,1902,0,98146,47.7322,-121.9325,4353,7032
3331,761279,2,1.0,4194,10425,3.0,0,0,3,3,4063,131,1996,0,98109,47.1046,-122.4199,2258,38125
3332,1248139,7,4.0,5587,29855,2.5,0,0,3,8,4169,1418,1986,0,98173,47.4936,-121.4653,2607,35680
3333,1322898,7,4.5,7011,30115,3.0,0,0,3,9,6417,594,1913,0,98018,47.1172,-121.4508,3110,36056
3334,1019876,3,2.5,3791,6982,3.0,0,3,3,11,2864,927,1982,0,98136,47.7777,-121.6871,1681,28322
3335,342809,7,3.0,1746,5771,2.0,0,1,3,3,1498,248,1932,0,98029,47.3241,-122.1365,696,27499
3336,1239610,3,4.5,4219,19856,1.0,0,4,3,13,3822,397,1986,0,98149,47.4646,-122.2999,5516,6288
3337,964468,4,4.0,4339,20700,2.5,0,0,3,11,4271,68,1926,0,98054,47.3923,-121.6614,1426,3102
3338,548418,7,2.0,859,34298,1.5,0,0,3,12,300,559,1911,1996,98091,47.7255,-122.3763,2493,31340
3339,1193755,1,2.5,5516,13335,1.5,0,3,3,9,4863,653,1945,0,98047,47.7999,-122.0067,4815,32646
3340,866575,2,3.5,2876,13934,1.0,0,0,3,10,1430,1446,2010,2014,98194,47.1479,-122.3934,4422,17955
3341,970409,1,3.5,3509,16453,1.0,1,1,4,5,2858,651,1970,0,98068,47.6124,-121.9883,2695,19090
3342,1347641,5,1.5,7106,6002,2.0,0,0,3,7,6162,944,1999,0,98176,47.3576,-122.3386,5536,20464
3343,777004,7,2.0,3493,23736,1.5,0,1,3,5,3154,339,1945,0,98080,47.1974,-122.4614,1709,3489
3344,688440,2,4.5,1462,29604,2.5,0,3,3,9,1089,373,1981,1996,98089,47.3838,-121.9603,5559,1911
3345,769993,1,4.0,4132,36935,1.0,0,0,4,4,3248,884,1915,0,98151,47.7987,-121.8188,3220,5549
3346,722512,7,5.0,2327,8427,1.0,0,0,2,8,1030,1297,1957,0,98017,47.3503,-121.9728,2839,2016
3347,1494865,7,4.0,7479,27807,1.0,0,0,4,12,7223,256,1913,2016,98061,47.2942,-122.2886,1871,29194
3348,600090,4,5.0,2113,13677,2.5,0,0,3,4,1598,515,1984,0,98180,47.6923,-122.4071,2041,31164
3349,676730,4,2.0,2140,24229,1.5,0,0,1,11,849,1291,1942,0,98042,47.7076,-122.3484,5289,19399
3350,770056,2,4.0,2716,33413,2.5,0,0,3,8,1336,1380,1990,0,98111,47.3372,-121.6275,2668,12980
3351,830489,5,1.0,4812,6050,2.5,0,0,3,7,3966,846,1924,0,98051,47.3091,-122.4809,4495,22157
3352,485901,4,3.5,877,15634,2.0,0,0,3,8,570,307,2001,0,98129,47.5531,-121.464,4771,32537
3353,873997,4,,4714,35408,1.0,0,0,3,8,4113,601,1914,0,98149,47.2436,-121.4919,4306,16755
3354,925588,5,2.5,4785,27812,1.5,0,0,4,8,4054,731,1973,0,98185,47.4386,-121.4434,5148,5192
3355,1576574,1,4.5,7410,40149,2.0,0,0,3,12,6920,490,1929,0,98036,47.1989,-121.4455,2859,21893
3356,432349,4,4.5,869,24097,2.0,0,1,3,8,300,569,1943,0,98002,47.3133,-121.699,1930,32448
3357,1388803,3,1.0,6397,36770,3.0,0,2,4,11,5760,637,1908,0,98023,47.3082,-121.4831,3383,12485
3358,706123,6,3.5,2696,41908,1.0,0,0,4,9,1990,706,1991,1996,98188,47.5864,-121.6236,2200,5982
3359,1108177,6,2.5,4247,35747,1.5,0,0,3,13,4050,197,2012,0,98187,47.2976,-122.1399,3242,11107
3360,274596,4,2.5,1151,17692,1.5,0,1,3,3,300,851,1981,0,98194,47.7289,-121.5938,926,38377
3361,1274680,1,4.5,6478,6711,1.5,0,0,3,12,5237,1241,1910,0,98043,47.7881,-121.7613,4524,2481
3362,1421968,7,2.0,6107,43092,1.0,0,0,3,11,5076,1031,2001,0,98187,47.1567,-122.467,2751,30027
3363,500370,1,5.0,1269,21528,1.5,0,0,3,8,300,969,2014,0,98107,47.3784,-121.5564,5976,35568
3364,988492,2,1.5,2921,12817,2.5,1,0,2,12,1805,1116,1965,0,98073,47.3113,-121.455,624,31278
3365,545556,3,3.5,1280,21696,2.5,0,0,3,10,624,656,1921,0,98090,47.3464,-121.879,2992,8418
3366,624849,1,3.5,2216,7253,1.0,0,4,3,5,2201,15,1986,0,98120,47.2857,-121.9156,4521,9971
3367,1176860,5,2.0,6803,21285,1.5,0,0,3,5,5584,1219,1919,0,98164,47.3679,-121.9873,3694,18313
3368,1480317,3,2.5,6994,26793,3.0,0,3,3,11,6089,905,2008,0,98060,47.199,-121.6374,1617,12440
3369,999652,6,4.5,4483,46658,3.0,0,0,4,11,4020,463,1928,0,98132,47.2959,-122.2415,1266,14707
3370,676934,3,4.0,1811,41175,3.0,0,2,3,7,897,914,1989,0,98021,47.6235,-121.5713,2837,13655
3371,912415,5,2.5,3859,36347,2.5,0,0,3,7,3042,817,1962,0,98097,47.3408,-122.1492,4248,1637
3372,1361139,4,3.0,7535,48837,3.0,0,0,4,5,6307,1228,1940,0,98119,47.2455,-122.1862,1097,8193
3373,1196933,5,1.0,5845,39672,1.5,0,1,4,9,5018,827,1975,0,98100,47.1759,-121.529,2594,36268
3374,508118,5,2.0,1022,43355,1.5,0,2,4,9,443,579,2011,0,98097,47.3436,-122.2907,5447,21528
3375,359868,4,3.0,1021,44992,3.0,0,0,3,5,300,721,1992,0,98004,47.5504,-121.465,4933,30001
3376,1161743,4,1.5,5378,4243,2.0,0,1,3,10,5219,159,1982,0,98132,47.2773,-121.3266,1338,36412
3377,844572,4,4.5,2820,16631,3.0,0,0,3,8,1331,1489,1997,0,98161,47.3957,-122.1162,3093,37571
3378,477019,4,4.0,1435,11809,2.0,0,1,3,5,588,847,1947,0,98142,47.7667,-121.3866,2913,33168
3379,686676,4,5.0,2730,21862,1.0,0,1,3,8,2233,497,1926,0,98137,47.4867,-121.8203,2913,8946
3380,871630,5,4.0,4540,8761,1.0,0,0,3,3,3069,1471,1993,0,98088,47.4724,-122.1888,4808,26193
3381,1220635,2,5.0,6284,40049,1.5,0,0,4,8,5821,463,2000,0,98064,47.387,-121.9568,3033,15638
3382,1079341,2,3.0,5083,11362,2.5,0,0,3,9,4742,341,1930,0,98190,47.4898,-121.5399,3221,26997
3383,1327849,1,3.5,6446,18901,1.5,0,3,3,6,5939,507,1991,0,98089,47.7892,-121.7,2242,31521
3384,1058784,2,5.0,5441,13816,1.5,0,0,1,6,4134,1307,1924,1998,98135,47.2777,-121.9063,1297,30716
3385,1203669,6,3.5,6767,20723,2.5,0,0,3,5,6617,150,1948,0,98005,47.7593,-122.1912,2748,6323
3386,1465495,2,1.0,7628,3345,1.5,0,0,3,7,6607,1021,1969,1998,98110,47.2043,-121.629,4869,6657
3387,1070594,5,4.0,4197,34339,2.5,0,1,3,13,3623,574,1963,0,98013,47.1778,-122.124,5063,4202
3388,683533,4,4.5,3337,19848,1.5,0,0,4,3,2452,885,1955,0,98130,47.5583,-122.1029,501,19391
3389,998154,4,4.0,4583,36107,1.0,0,1,4,8,3689,894,1906,0,98084,47.2758,-121.6037,4119,14104
3390,642821,7,3.5,2961,15813,2.0,0,3,4,4,2266,695,1969,0,98140,47.4111,-121.8299,867,9488
3391,1247055,7,3.5,6599,44542,1.5,0,0,4,6,6387,212,1934,0,98117,47.6108,-122.277,3125,5114
3392,1300997,7,5.0,6344,6364,2.0,0,0,3,8,5760,584,1988,0,98091,47.4744,-121.6755,2669,5662
3393,1142154,5,1.5,3743,10730,3.0,0,4,3,13,2398,1345,1920,0,98007,47.1096,-122.1903,1825,18921
3394,1152424,6,3.5,3859,4704,1.5,1,0,3,13,3064,795,1946,0,98162,47.3141,-121.5874,4935,34449
3395,487435,2,2.0,1185,41514,1.0,0,1,3,8,520,665,1959,0,98149,47.1453,-121.9255,2996,21054
3396,784446,5,3.5,2660,3221,2.5,0,1,2,12,2473,187,2011,0,98188,47.7483,-121.786,1483,30517
3397,1475470,1,3.5,7531,10810,1.0,0,0,3,9,6764,767,1916,0,98082,47.6563,-121.7788,5707,36483
3398,953857,4,1.5,4488,30205,2.0,0,0,3,3,3502,986,2004,1982,98138,47.7887,-122.3238,3475,8593
3399,929600,7,2.0,4566,35225,2.5,0,0,2,8,4384,182,1989,0,98166,47.7196,-121.7194,2781,34657
3400,1382699,3,3.5,6765,32070,1.0,0,0,3,11,6382,383,2004,0,98186,47.4327,-121.4594,1192,14883
3401,492771,1,1.5,2067,45415,1.0,0,0,3,10,2043,24,1916,0,98056,47.7178,-121.4306,2257,24405
3402,1349527,7,2.0,5841,17097,1.0,0,0,3,10,4925,916,1970,0,98172,47.5707,-121.6737,5883,22810
3403,440765,6,4.5,538,23581,2.5,0,0,3,13,300,238,1924,0,98115,47.4672,-121.3372,1684,14517
3404,690089,1,2.5,3044,2019,1.0,0,0,3,8,3007,37,1933,0,98192,47.3595,-121.7821,1873,7267
3405,985229,5,3.0,5375,14364,1.0,0,0,3,6,5074,301,1925,0,98148,47.5767,-122.1942,1223,10362
3406,528388,2,5.0,1756,10460,2.0,0,3,3,3,364,1392,1905,0,98050,47.5131,-121.7078,1505,12523
3407,678113,4,2.0,3490,20158,1.0,0,0,2,7,3391,99,1909,0,98054,47.5299,-121.409,4758,35646
3408,927484,6,2.5,2696,3848,1.0,1,0,3,7,1285,1411,1980,2015,98174,47.3799,-122.0694,1263,1040
3409,948801,6,3.5,3968,45789,3.0,0,3,4,9,3310,658,1977,0,98040,47.6175,-122.1822,1084,34679
3410,1254384,3,4.0,7665,20291,2.5,0,0,2,3,7220,445,1902,0,98152,47.1569,-121.3402,5244,9059
3411,1004142,1,4.5,3208,23292,3.0,0,3,3,13,2739,469,1958,0,98085,47.6083,-121.5801,1490,23710
3412,1220773,3,4.5,6523,46375,2.0,0,0,3,8,6469,54,2011,1999,98108,47.6115,-122.4403,875,8187
3413,413728,2,4.0,801,20990,3.0,0,2,4,9,300,501,1979,0,98058,47.4612,-121.8266,4506,39515
3414,1199278,7,2.0,6881,39665,1.5,0,0,3,3,6127,754,1968,0,98031,47.2843,-122.2187,3329,16235
3415,373868,2,1.0,1146,28500,2.5,0,2,3,5,1020,126,1947,0,98118,47.4635,-122.1558,663,17932
3416,1345911,7,2.5,5258,27343,1.0,0,2,4,12,3914,1344,1922,0,98178,47.1862,-122.3949,2131,31591
3417,1330450,3,1.5,6879,15848,3.0,0,0,3,11,5788,1091,1990,1999,98138,47.2996,-122.2228,5262,5373
3418,739668,4,4.0,2259,10243,3.0,0,0,3,10,840,1419,1904,0,98084,47.3949,-121.8937,4327,39251
3419,1347582,2,3.5,6846,31156,1.0,0,1,2,12,6694,152,1955,0,98014,47.5713,-122.4057,4616,34638
3420,1009269,3,1.0,4851,32481,1.0,0,0,5,8,3679,1172,2000,0,98019,47.2311,-121.4324,2107,16998
3421,515874,1,4.5,1097,44246,2.0,0,1,4,10,300,797,1937,2006,98030,47.2107,-121.5695,4663,15057
3422,290385,3,2.0,1161,27997,3.0,0,0,3,4,936,225,1981,0,98057,47.5255,-122.0423,4317,18965
3423,1092517,3,2.5,4830,21586,3.0,0,3,2,9,3993,837,1975,0,98016,47.5757,-122.3437,2258,1281
3424,466101,5,3.5,1868,10913,1.5,0,0,3,4,1177,691,1984,0,98022,47.1586,-121.3072,816,35486
3425,644326,2,2.5,3081,6157,1.5,0,0,3,5,1748,1333,1906,0,98054,47.1232,-121.824,2391,6796
3426,1354140,4,3.0,7503,25384,3.0,0,0,3,4,7085,418,1916,0,98084,47.203,-121.9924,1156,21014
3427,971157,4,1.5,4368,21993,1.5,0,0,3,13,3854,514,2005,0,98070,47.7307,-122.2616,2425,23575
3428,794858,5,2.5,4037,20781,3.0,0,0,3,7,3749,288,1908,0,98109,47.5708,-122.2561,3742,36342
3429,1276923,7,4.0,5365,18203,2.5,0,0,4,12,5165,200,2004,0,98171,47.7447,-121.5445,2998,18286
3430,1488767,6,4.5,7184,8989,2.0,0,0,3,7,6312,872,1987,0,98147,47.5653,-121.8761,2112,34438
3431,999684,7,2.5,4808,42361,1.5,0,2,3,8,4142,666,1974,2019,98005,47.7757,-121.3192,4142,14756
3432,1299870,4,2.5,5058,23859,3.0,1,0,4,8,4290,768,1988,0,98071,47.4072,-121.3563,2763,28821
3433,1324899,3,4.0,7079,22373,1.5,0,1,3,9,6912,167,1945,0,98020,47.5194,-122.2518,5194,1945
3434,615450,5,5.0,782,7766,2.0,1,0,4,10,300,482,1936,0,98143,47.5208,-121.3007,4634,37791
3435,883621,1,2.0,4178,25437,2.5,0,0,3,6,2818,1360,1906,0,98038,47.1022,-121.3161,4756,7998
3436,920855,2,3.0,1986,39043,1.0,1,0,4,11,668,1318,1916,0,98129,47.1192,-121.5409,1061,21418
3437,924577,2,4.0,4582,15889,1.0,0,0,4,5,4203,379,2018,0,98118,47.2017,-122.0309,644,27194
3438,1110833,2,3.5,6026,43029,1.5,0,0,3,7,4992,1034,1940,0,98005,47.4578,-122.231,971,32023
3439,758071,3,1.5,4683,9936,3.0,0,0,3,5,4327,356,1963,0,98182,47.4014,-122.3762,1529,12933
3440,1088658,1,3.5,5663,28327,2.0,0,0,3,4,4851,812,1982,2000,98085,47.4778,-122.4376,3110,11494
3441,395479,5,1.5,960,49894,2.5,0,0,3,13,830,130,1956,0,98061,47.6603,-121.515,1597,21777
3442,785834,5,3.0,2825,27486,2.5,0,0,3,7,2621,204,,2009,98078,47.6756,-121.3653,4213,27335
3443,994352,2,3.0,4254,29251,2.5,0,0,2,11,2795,1459,1944,0,98145,47.7839,-121.5729,3803,29712
3444,690995,1,4.5,2968,29134,1.0,0,0,4,8,2653,315,1972,0,98125,47.4903,-121.5892,1432,5198
3445,585630,1,3.0,2224,30440,2.0,0,0,4,6,1621,603,2008,0,98126,47.3431,-122.0018,906,32868
3446,619805,1,2.0,1876,10710,1.0,0,0,4,9,539,1337,2009,1991,98076,47.3156,-121.7306,2039,22015
3447,817919,4,2.0,3243,24384,1.5,0,0,3,12,2758,485,1907,0,98027,47.3385,-121.6945,855,17683
3448,412076,4,4.5,1014,36665,2.5,0,0,3,7,904,110,2009,2003,98198,47.3267,-122.1913,5272,34936
3449,452284,2,1.5,1202,36836,2.0,0,0,4,9,300,902,2008,0,98103,47.375,-121.6136,898,34992
3450,406347,1,,2153,3561,2.5,0,0,3,4,1907,246,1990,0,98025,47.1524,-122.3247,3879,22912
3451,610737,6,1.5,2566,1939,1.0,0,0,3,4,2155,411,1986,0,98091,47.5434,-122.1479,5960,15859
3452,299474,1,4.0,522,33282,1.0,0,1,3,11,300,222,1909,0,98173,47.4976,-121.7923,3546,19515
3453,555482,5,3.0,2960,43975,1.0,0,0,3,6,2511,449,1953,0,98130,47.4234,-121.8525,3777,18965
3454,997963,5,2.5,5649,3340,2.5,0,0,3,3,4761,888,1965,0,98150,47.1568,-121.6545,4895,13588
3455,1294964,2,2.5,6426,17330,2.0,0,0,2,11,4982,1444,1943,1988,98096,47.1652,-121.8005,5625,23386
3456,1233125,6,4.5,6751,31640,2.0,0,0,3,3,5328,1423,1947,0,98054,47.4816,-122.4405,3594,28556
3457,811553,1,3.0,1804,4356,1.5,0,3,3,13,325,1479,1970,0,98145,47.1256,-121.3268,4506,12509
3458,1388817,7,4.0,7795,17588,2.5,0,1,4,4,7052,743,1901,0,98189,47.6074,-121.5838,672,37378
3459,914203,6,4.5,3800,23396,1.5,0,0,3,11,3676,124,1979,0,98066,47.7956,-121.4435,1542,3333
3460,1486772,2,4.5,5730,8295,1.5,0,4,3,13,4790,940,2017,2008,98119,47.5182,-121.5353,3633,28032
3461,1185675,5,2.5,6779,27972,1.5,0,0,3,5,6520,259,1905,0,98154,47.6064,-122.2451,2322,27715
3462,646591,7,5.0,861,21300,1.5,0,0,3,13,327,534,1979,0,98184,47.4073,-121.3807,3891,4575
3463,1326352,5,1.0,7853,16029,1.0,0,0,3,3,7774,79,1988,2001,98161,47.5672,-121.3191,518,23470
3464,818563,4,2.5,4227,17612,1.5,0,0,3,5,3956,271,1944,0,98001,47.5562,-122.4056,5826,17430
3465,1333658,2,4.5,6772,33533,2.0,0,2,3,11,5331,1441,1909,0,98040,47.6769,-122.3099,1518,12046
3466,1218729,2,2.0,6495,21832,1.5,0,2,2,4,6094,401,2015,0,98171,47.5979,-121.3116,4499,7634
3467,437044,1,2.0,1784,40790,1.0,0,0,3,7,708,1076,1908,0,98044,47.6243,-122.1478,1097,7535
3468,181706,1,2.0,1014,18422,3.0,0,0,4,3,743,271,1995,0,98190,47.4896,-121.5162,3311,5726
3469,453530,4,3.5,948,26474,3.0,0,0,3,12,300,648,1931,2008,98036,47.4392,-122.411,5793,30136
3470,1162920,7,3.0,6519,36452,3.0,0,1,3,3,6292,227,1901,0,98184,47.4211,-121.6211,4300,32066
3471,1376705,3,4.0,7771,8303,2.5,0,0,4,9,7401,370,1920,2011,98167,47.3744,-121.6583,1528,11905
3472,1422001,6,4.5,6102,24270,2.0,0,0,3,12,5391,711,2011,2004,98141,47.2862,-121.3748,4105,31953
3473,1110155,3,3.5,5843,26903,1.0,0,0,2,12,5652,191,1902,0,98039,47.1233,-121.6255,4262,35230
3474,650536,3,2.0,2355,30120,3.0,0,2,2,5,1376,979,2017,0,98126,47.5698,-122.4503,2716,4980
3475,1177656,2,4.5,5469,48563,1.0,0,1,3,3,4423,1046,1997,0,98012,47.7307,-121.9595,4968,10206
3476,852702,6,2.0,4062,1603,1.0,0,0,3,3,2703,1359,1992,0,98021,47.7513,-122.0825,4305,31928
3477,828182,2,1.5,3020,17209,2.5,0,0,2,13,1767,1253,2005,0,98087,47.5064,-121.8151,3542,23023
3478,1230267,6,1.5,3581,31156,3.0,1,2,3,13,3094,487,2020,1994,98146,47.1659,-121.986,3017,26187
3479,709000,5,3.5,1928,7114,1.5,0,2,4,7,1195,733,1983,1985,98013,47.7151,-122.163,5935,6483
3480,1040021,2,1.5,4467,20448,1.0,1,0,3,5,3280,1187,1922,0,98019,47.6234,-121.7067,2067,25187
3481,1345965,2,1.5,6945,7517,3.0,0,0,3,13,5499,1446,1936,2021,98163,47.276,-122.1266,3206,25969
3482,1337216,2,2.0,6874,4877,1.0,0,3,3,6,5491,1383,1971,0,98046,47.6625,-121.4792,5600,20678
3483,1367240,7,2.0,6350,19046,2.5,0,3,3,8,5158,1192,2007,0,98112,47.4304,-122.1124,1870,23221
3484,400433,4,3.5,1422,1232,2.5,0,1,3,4,574,848,1935,1997,98185,47.7213,-121.8816,4564,33714
3485,887503,2,4.5,3637,46672,1.5,0,0,4,9,3290,347,1913,0,98162,47.2733,-121.5088,1784,27698
3486,1416594,1,4.0,7580,49652,2.5,0,1,2,7,6815,765,1986,0,98190,47.6606,-121.5125,2672,20858
3487,862104,1,2.0,2659,8843,3.0,0,0,5,10,1437,1222,1990,0,98056,47.5983,-121.7967,5885,16445
3488,1101381,6,2.0,5632,30800,2.5,0,2,3,6,4397,1235,1914,0,98129,47.1101,-122.0441,3102,25490
3489,1453401,5,5.0,6012,24470,1.5,1,0,3,10,5331,681,2016,0,98185,47.4943,-121.8305,5498,27475
3490,609085,4,1.0,3047,38166,2.0,0,0,2,6,1872,1175,1934,0,98110,47.6009,-121.4804,1918,13838
3491,997384,7,4.5,3479,31021,1.0,0,0,3,13,2903,576,2019,0,98086,47.2095,-122.2375,1731,4420
3492,1306820,6,2.0,7241,20783,1.0,0,1,3,7,6712,529,1921,0,98156,47.4723,-122.353,1764,39560
3493,729205,1,5.0,2781,14399,3.0,0,0,3,5,1668,1113,1946,0,98132,47.3129,-121.8016,3026,15633
3494,747538,4,2.5,3149,46924,1.5,0,0,3,13,2112,1037,1935,1993,98199,47.5874,-121.8111,1253,18243
3495,246890,4,3.0,813,31418,1.5,0,1,3,6,795,18,1914,0,98075,47.4781,-122.1482,3909,6665
3496,792099,5,4.0,3113,18919,1.5,0,0,4,11,2008,1105,2020,0,98168,47.535,-121.9786,4622,7307
3497,796462,4,3.5,3583,36109,1.0,0,0,2,7,2963,620,1995,0,98053,47.1508,-122.3938,4711,34823
3498,760120,2,2.5,2756,35420,2.5,0,4,3,6,2755,1,2004,0,98039,47.1965,-122.3431,949,19513
3499,1224620,4,3.0,6593,38229,1.0,0,0,3,6,5307,1286,1981,0,98035,47.4865,-121.506,1684,30263
3500,542845,5,4.0,1537,8855,1.0,0,1,3,9,1201,336,1957,0,98082,47.2268,-121.9426,1064,4551
3501,1115888,6,1.0,6252,17066,1.0,0,0,4,4,5967,285,2008,0,98138,47.4491,-122.3802,3794,38847
3502,800445,5,1.0,3989,47357,2.5,0,1,3,6,3736,253,1930,0,98051,47.583,-121.3458,1315,21906
3503,1466704,7,3.0,7687,32715,2.0,0,1,4,5,7091,596,1940,0,98118,47.6668,-122.2481,1304,22637
3504,817698,5,1.5,3134,48037,3.0,0,0,4,9,1910,1224,1999,0,98192,47.2001,-122.1197,4431,26395
3505,1128557,1,3.5,4483,17470,2.0,0,4,3,6,3168,1315,1988,0,98059,47.6193,-121.333,2361,32309
3506,603783,2,2.0,2278,8168,2.0,0,0,1,10,977,1301,2008,0,98026,47.3542,-122.2829,2080,2107
3507,1222325,1,2.5,5610,43197,1.0,0,1,4,7,4252,1358,1973,0,98113,47.5753,-121.3375,3533,38209
3508,1224981,6,2.0,5689,30886,2.0,0,1,4,11,4255,1434,2003,0,98115,47.2017,-121.6333,5882,39477
3509,1071697,3,3.0,4395,16311,1.0,0,0,3,11,3162,1233,1977,0,98003,47.4606,-121.9877,1692,28631
3510,1392979,6,1.5,7878,7263,1.0,0,0,4,5,7241,637,2011,2009,98077,47.6863,-121.7861,845,3603
3511,522900,2,1.0,1624,38673,3.0,0,4,4,11,591,1033,1925,0,98098,47.1745,-121.8905,4836,29142
3512,411607,4,1.0,1197,48725,1.5,0,0,3,6,300,897,1982,0,98017,47.6794,-121.5343,4569,14433
3513,775686,5,5.0,2679,26794,1.0,0,0,4,11,1761,918,1929,0,98065,47.4169,-122.4246,3386,14095
3514,336427,3,1.5,1904,16548,2.0,0,0,3,4,1085,819,2021,0,98001,47.6763,-121.5239,1902,15425
3515,1145963,2,4.0,5751,5479,3.0,0,0,3,7,4558,1193,2002,0,98088,47.7709,-121.3353,3087,26235
3516,466917,1,1.5,1543,47652,2.0,0,2,3,8,863,680,1911,0,98118,47.2118,-121.9845,5037,36224
3517,577542,5,1.5,2429,42609,1.5,0,0,3,5,1614,815,1930,0,98057,47.5722,-122.2703,4027,2245
3518,1422295,6,3.0,7179,44555,2.5,0,0,4,4,6343,836,2008,0,98124,47.2646,-122.3694,4384,24711
3519,428201,1,3.0,1513,26144,1.5,0,2,1,3,567,946,2010,2006,98011,47.1949,-122.0839,1695,3886
3520,745463,2,5.0,726,16847,3.0,1,0,3,13,300,426,2010,0,98067,47.5397,-122.3432,919,5659
3521,1569681,2,5.0,7821,11511,1.5,0,0,4,9,7350,471,1981,2011,98055,47.1756,-122.2243,2717,31484
3522,658782,6,4.0,2328,31441,1.5,0,2,3,6,1633,695,1901,0,98086,47.4256,-121.7147,5042,36632
3523,1300769,3,3.5,6088,47357,3.0,0,1,3,10,5860,228,1977,0,98041,47.5452,-122.0011,2818,34046
3524,1257883,6,3.0,5417,30073,3.0,0,1,3,10,3986,1431,1919,2015,98105,47.4497,-121.4188,1387,12711
3525,778444,4,2.5,2523,9703,2.0,0,0,3,10,1101,1422,1957,2009,98187,47.5879,-121.9433,2638,22955
3526,1096582,1,5.0,5466,6167,1.0,0,0,4,4,4240,1226,2002,2016,98030,47.661,-122.3151,4230,10554
3527,593677,3,3.5,2952,37489,2.5,0,0,3,7,2904,48,1919,0,98025,47.7106,-122.3336,1781,9414
3528,1373211,5,3.5,6845,46010,2.5,0,0,3,10,6119,726,1933,0,98199,47.4919,-121.6683,1659,17319
3529,844973,7,2.0,2585,41428,2.5,0,0,3,12,1622,963,1959,0,98064,47.2936,-121.7393,5017,28183
3530,1255889,4,1.0,7585,7134,1.5,0,0,2,4,6467,1118,1933,0,98103,47.4568,-121.6506,3880,34994
3531,1216631,3,5.0,6391,14197,3.0,0,0,3,4,6274,117,1936,0,98153,47.3714,-122.0935,3208,26282
3532,880559,7,2.5,4783,10355,3.0,0,0,2,3,4174,609,1966,0,98194,47.2581,-121.402,1114,31240
3533,452958,7,3.0,1580,41172,3.0,0,0,3,8,483,1097,1998,0,98162,47.4703,-122.3635,2025,31742
3534,1021569,1,1.5,5536,5181,1.0,0,0,3,7,5500,36,1996,1999,98183,47.1159,-122.4606,4467,14803
3535,1258033,2,4.5,7687,40304,3.0,0,0,2,3,6334,1353,1918,1989,98186,47.5239,-121.6094,3303,18361
3536,788928,5,1.0,2820,17876,3.0,0,0,3,13,1371,1449,1994,0,98086,47.6751,-121.6875,5605,16561
3537,1025636,6,4.5,3690,13530,1.5,0,0,3,10,3504,186,1951,0,98182,47.7996,-121.9077,4089,39970
3538,802896,1,1.5,3130,9471,2.0,0,2,4,10,1723,1407,1943,1989,98117,47.7452,-122.4476,545,28230
3539,814012,4,4.5,3063,12503,2.5,0,2,3,7,2605,458,1985,0,98129,47.1629,-122.363,5267,25431
3540,1030022,7,4.0,3792,13589,1.5,0,1,3,13,2802,990,1926,2015,98146,47.2137,-122.2656,5018,35074
3541,955107,4,1.5,5121,47361,1.5,0,0,4,5,4344,777,1937,0,98016,47.1971,-121.7335,2343,27563
3542,936684,7,3.5,4086,6549,1.5,0,0,4,10,3217,869,1991,2011,98184,47.4908,-121.7043,3117,30493
3543,874620,2,2.5,4931,32202,2.5,0,0,3,5,3599,1332,1920,2001,98159,47.1322,-121.6877,567,29608
3544,1381720,2,1.5,7341,13676,1.5,0,2,3,6,5892,1449,1983,0,98048,47.7559,-121.5363,2352,3605
3545,1250088,5,4.5,5674,27141,2.0,0,0,3,13,4259,1415,1937,0,98124,47.1433,-122.4702,5054,36979
3546,1419886,6,2.5,7143,14067,3.0,0,0,4,9,5789,1354,1912,0,98077,47.3739,-121.7281,2741,22177
3547,849528,5,2.5,3447,42688,2.0,0,0,3,9,2596,851,1992,1982,98162,47.7258,-122.1981,4145,6540
3548,822005,2,1.5,4459,16245,3.0,0,0,4,6,4052,407,1920,0,98162,47.7639,-121.8148,1402,8104
3549,1058308,2,2.5,3313,42758,3.0,1,1,3,11,2295,1018,1941,0,98120,47.4257,-121.6145,2087,2362
3550,754991,4,4.5,3083,27862,1.5,0,0,3,8,1753,1330,1996,0,98060,47.4419,-121.6359,5158,29492
3551,334572,2,2.5,661,43827,1.5,0,0,4,10,591,70,1995,0,98076,47.5453,-122.1545,1988,28117
3552,491330,3,5.0,1093,26779,2.5,0,0,4,9,300,793,1947,0,98165,47.3853,-122.0736,2656,7719
3553,1225976,7,5.0,6534,1890,1.0,0,0,4,6,6386,148,1945,0,98040,47.3273,-121.3992,4617,9264
3554,1299820,1,1.5,6802,24256,2.0,0,1,4,4,5342,1460,1991,0,98145,47.6176,-121.4813,5334,3968
3555,1070724,2,1.5,3759,43156,2.5,0,0,3,13,2474,1285,2013,0,98169,47.5168,-122.1916,627,7050
3556,1274292,5,4.5,4655,35838,2.5,1,1,3,4,3275,1380,1977,0,98056,47.4372,-121.7956,3789,8213
3557,867412,6,2.5,3462,38725,2.0,0,0,3,10,2554,908,1956,2015,98182,47.1706,-122.3713,5345,7317
3558,1052284,7,1.0,4388,37996,2.0,0,0,3,10,3060,1328,2005,0,98141,47.1482,-121.7154,5916,12704
3559,850672,7,2.0,3890,43041,3.0,0,1,3,3,3114,776,1951,0,98174,47.4576,-121.7544,1921,28910
3560,1327260,6,3.5,6497,17551,1.0,0,4,3,3,6343,154,1921,0,98072,47.5336,-122.1833,3709,28344
3561,1379341,6,4.0,6854,40664,1.5,0,0,3,6,5715,1139,2000,0,98145,47.5603,-121.9938,4045,18736
3562,1082122,7,1.5,5001,31992,1.0,0,0,3,3,4053,948,1997,0,98139,47.7264,-121.5612,3672,17983
3563,512658,3,1.5,1163,13558,1.0,0,0,3,12,443,720,1916,1985,98040,47.6714,-122.1935,2754,4346
3564,504614,5,4.5,1632,2194,1.5,0,0,4,3,558,1074,1996,0,98174,47.1985,-121.578,1637,38942
3565,1213466,3,4.0,5695,8234,1.0,0,0,2,12,4600,1095,1996,0,98065,47.6561,-122.1203,4899,31458
3566,620106,2,3.5,1041,19154,2.5,0,0,3,13,300,741,2001,0,98032,47.5734,-121.4925,3385,22581
3567,1099190,1,4.0,5933,32359,2.5,0,0,3,7,5173,760,1925,0,98108,47.6796,-122.4634,2159,6754
3568,1116011,6,2.5,5593,11698,1.5,0,3,3,3,4768,825,1938,0,98180,47.6903,-122.1902,3791,10454
3569,1127687,5,4.0,5736,24693,1.5,0,0,3,12,5594,142,1970,0,98010,47.3419,-122.2869,5966,18233
3570,891776,6,2.5,3474,7586,2.0,0,4,3,8,2284,1190,1962,0,98108,47.2843,-121.4313,3485,15173
3571,565128,3,2.0,1367,21816,2.0,0,2,3,6,300,1067,1988,2004,98115,47.4868,-121.9858,1443,9023
3572,1011590,4,4.0,2566,49157,1.0,1,2,4,12,1575,991,2011,0,98187,47.309,-121.8453,5060,12658
3573,628344,2,2.5,931,35572,1.0,0,3,4,13,300,631,1950,0,98143,47.3448,-122.2095,759,32777
3574,1168588,1,5.0,5335,39881,1.5,0,1,3,13,4149,1186,1929,0,98131,47.1484,-122.346,5756,7949
3575,1104538,2,2.5,5969,18625,1.0,0,1,3,7,4659,1310,1940,0,98137,47.794,-121.7821,2071,36521
3576,1075740,4,4.5,4778,12557,3.0,0,0,3,11,3521,1257,1932,0,98136,47.3165,-122.16,648,14987
3577,1134933,1,4.5,6756,14684,2.5,0,0,3,4,5389,1367,1949,0,98074,47.6461,-121.3854,5336,28674
3578,500193,4,2.0,1706,38431,1.0,0,3,3,5,430,1276,1962,2014,98124,47.7952,-121.9284,1879,39407
3579,684262,2,4.0,3028,36909,1.0,0,0,3,5,2323,705,1938,0,98008,47.7784,-122.3342,4919,15287
3580,637430,3,2.5,1669,42283,2.0,0,0,3,13,1413,256,1927,0,98016,47.5437,-122.4715,554,31542
3581,563558,7,4.5,1330,38329,3.0,0,1,3,11,489,841,1917,0,98011,47.4771,-122.2213,5553,4008
3582,622912,2,3.0,2151,24134,1.0,0,0,3,5,657,1494,1973,2009,98023,47.3165,-122.1161,2930,12078
3583,848644,2,4.0,1636,40447,2.5,1,2,3,12,324,1312,1958,0,98184,47.7031,-122.2516,1113,7127
3584,756152,2,3.0,3310,31408,1.0,0,0,4,7,2691,619,2015,0,98056,47.3366,-122.0613,2646,24364
3585,336320,5,2.0,975,8706,1.5,0,0,3,8,427,548,1965,2018,98150,47.1747,-121.4452,4718,1755
3586,745599,4,2.0,3310,5569,3.0,0,0,3,8,2203,1107,2006,0,98104,47.3059,-122.4425,794,32136
3587,689249,4,2.5,1826,34087,1.0,0,3,4,8,1268,558,2013,0,98146,47.3206,-121.5385,3070,25361
3588,972609,6,4.0,5566,22816,3.0,0,0,4,3,5222,344,1942,0,98039,47.6029,-121.9891,4454,16984
3589,563584,4,3.5,1519,35032,1.0,0,2,3,8,1141,378,1977,0,98131,47.2187,-121.4123,3077,28004
3590,965726,6,4.0,5737,15212,2.5,0,0,3,3,5606,131,1912,0,98136,47.3218,-121.6995,557,5342
3591,660089,5,2.0,2336,28794,2.5,0,0,3,8,1102,1234,1900,0,98133,47.1536,-122.3021,4746,23418
3592,1024249,3,3.0,4756,8091,3.0,0,0,2,12,4040,716,1931,2008,98091,47.6939,-121.3486,3020,13240
3593,724030,6,1.0,2948,21301,2.0,0,0,3,8,2872,76,1988,0,98005,47.6073,-122.3143,2191,2436
3594,855685,2,4.5,4793,16020,2.0,0,0,4,5,3630,1163,1909,0,98019,47.4062,-122.0964,3910,14524
3595,495573,3,5.0,1783,47884,1.5,0,0,3,5,632,1151,1914,0,98125,47.401,-121.3254,4014,26678
3596,476154,7,2.5,1159,27079,2.0,0,0,3,8,300,859,2014,0,98061,47.2165,-122.2458,4622,23393
3597,1180412,5,1.0,6371,16545,3.0,0,0,2,4,5439,932,1992,0,98046,47.3691,-121.7426,963,15185
3598,1117353,4,1.5,5666,38968,2.0,0,2,3,7,4913,753,1916,0,98146,47.7348,-121.327,879,37863
3599,741284,6,3.5,2510,12354,1.5,0,0,3,12,2364,146,1962,0,98189,47.1971,-121.6733,3343,15189
3600,388918,2,3.5,898,3522,1.0,0,0,3,5,832,66,2005,0,98188,47.6355,-121.7047,4537,1669
3601,548805,1,4.0,2233,46191,2.0,0,0,3,7,1762,471,1953,0,98130,47.133,-121.7541,687,18488
3602,1342936,7,2.0,6178,40471,3.0,0,3,3,5,6028,150,2003,0,98178,47.3182,-121.8335,3592,9048
3603,556161,1,4.0,2625,2561,3.0,0,2,3,4,2622,3,1922,0,98191,47.6929,-121.361,3739,25518
3604,690916,3,4.0,2671,2253,1.5,0,2,3,6,1630,1041,1970,0,98071,47.4115,-121.8475,3887,16656
3605,567098,4,2.5,574,27701,1.5,1,0,3,7,300,274,1949,0,98177,47.5919,-121.704,3155,5687
3606,1273677,1,3.0,6780,45296,2.5,0,2,3,8,6525,255,1958,0,98114,47.1725,-121.6134,1177,25452
3607,984681,3,1.5,5197,11604,2.5,0,1,3,4,4139,1058,1935,0,98199,47.5784,-121.8667,4821,36520
3608,1173822,5,3.0,3971,17853,2.5,1,3,4,5,3049,922,1905,0,98018,47.6733,-121.4347,1011,1712
3609,575130,3,4.5,1336,48243,1.0,1,0,3,5,782,554,1965,0,98108,47.6637,-122.4726,775,21209
3610,1266389,7,2.5,6124,29504,3.0,0,3,4,8,5535,589,2008,0,98090,47.4072,-122.0257,4781,5172
3611,364216,3,4.5,999,39432,2.5,0,0,3,3,677,322,1931,2018,98144,47.7329,-121.76,2966,32892
3612,1337138,7,3.5,6192,20823,3.0,0,0,3,9,5740,452,1952,0,98046,47.5025,-122.4772,1946,25134
3613,408349,3,2.0,637,35023,1.5,0,0,3,10,300,337,2007,0,98103,47.6725,-121.3757,3215,5551
3614,610888,2,3.5,2597,42347,1.0,0,0,4,9,2239,358,1968,0,98094,47.2494,-121.5083,3679,30334
3615,1292748,3,3.0,6390,49644,1.5,0,0,4,6,6339,51,1982,2009,98153,47.2472,-122.2372,2327,4872
3616,1139640,6,2.5,5568,23452,3.0,0,0,4,9,5040,528,1901,0,98136,47.6281,-122.1019,4005,37189
3617,1134721,3,1.5,6238,10027,2.5,0,1,2,3,5516,722,1942,0,98064,47.5526,-121.6874,5239,38271
3618,1148851,2,2.5,4196,31226,1.5,1,0,4,10,4164,32,1986,2016,98142,47.5734,-122.0908,1218,1532
3619,774072,2,1.5,2385,41066,2.0,0,0,4,12,1034,1351,1939,1993,98022,47.2656,-121.4719,4695,20788
3620,1441948,5,1.5,6897,37612,1.0,0,0,2,12,6462,435,1967,0,98116,47.3797,-122.2018,2364,28489
3621,1592529,7,2.5,6624,43202,3.0,1,4,3,5,5628,996,1903,0,98078,47.2809,-121.5181,2275,8336
3622,877666,4,2.0,3257,35302,2.5,0,0,3,11,1815,1442,1974,2010,98091,47.1477,-121.9425,1756,14029
3623,814404,1,4.5,4420,38672,1.5,0,0,3,3,3572,848,1945,1982,98035,47.2428,-121.956,5730,12348
3624,668274,1,2.5,2400,15113,1.0,0,1,3,8,1588,812,2004,0,98104,47.7966,-122.2979,992,32096
3625,586781,3,4.0,3110,27384,2.5,0,0,4,3,3034,76,1919,0,98179,47.2638,-121.32,2860,8922
3626,1466029,5,3.0,7400,10529,1.5,0,0,4,10,6821,579,2021,0,98076,47.2115,-122.0862,2748,37855
3627,831055,3,4.0,4486,7187,3.0,0,0,4,5,3413,1073,1913,0,98171,47.5878,-122.2545,4773,28413
3628,386596,1,2.0,1949,27148,2.0,0,0,3,6,1508,441,1998,0,98075,47.5215,-122.4611,4593,14288
3629,387163,7,5.0,1046,37779,2.0,0,0,3,8,377,669,2008,0,98131,47.6222,-121.9078,4909,28624
3630,1517144,7,3.0,7969,6863,3.0,0,0,3,6,6748,1221,1913,0,98107,47.5576,-122.4613,5644,17284
3631,1280333,7,4.5,5517,12639,1.0,0,3,3,10,5055,462,1948,2015,98183,47.2561,-121.9536,2117,20989
3632,1076376,2,2.5,5176,6924,3.0,0,0,2,11,4800,376,1902,1998,98019,47.4506,-121.4168,4881,14038
3633,1099238,4,1.5,5968,39926,1.5,0,0,3,7,5423,545,1978,0,98170,47.2236,-121.9024,5572,6931
3634,1459762,5,3.5,6552,10185,1.0,1,4,3,3,6117,435,1920,0,98189,47.2775,-122.448,5436,17264
3635,641526,2,1.0,2503,30186,2.0,0,0,2,10,1483,1020,1960,0,98023,47.7908,-122.1828,2167,35846
3636,556107,4,3.0,2596,6825,1.5,0,0,2,4,1873,723,1901,1991,98004,47.6101,-122.4415,4734,15858
3637,1398026,5,2.0,7560,19939,2.5,0,0,4,8,6265,1295,1920,0,98096,47.648,-121.4416,5072,37325
3638,1567205,5,3.5,7741,34381,2.5,0,0,3,8,6850,891,2020,0,98193,47.121,-122.2119,2002,30109
3639,546678,1,5.0,1203,38217,2.5,0,0,3,13,300,903,1909,0,98004,47.3675,-122.4219,3609,38698
3640,1494639,2,3.0,6904,32803,2.0,0,4,4,9,6750,154,1990,0,98187,47.4887,-121.3426,4974,7680
3641,940548,5,4.5,2903,17738,3.0,0,0,3,11,1559,1344,2017,0,98091,47.2048,-121.9154,1288,4660
3642,479301,6,3.0,2125,43814,1.0,0,0,3,3,1857,268,2010,0,98123,47.694,-122.0132,1911,23095
3643,943917,7,3.0,3831,7739,2.0,0,3,3,12,3672,159,1918,0,98104,47.1977,-121.3875,3991,20499
3644,1201227,5,4.5,5233,42969,1.5,0,4,3,10,4911,322,1952,0,98080,47.5456,-121.863,1066,25949
3645,1533693,4,4.5,7386,9080,1.5,0,0,3,13,6349,1037,1975,0,98030,47.4872,-122.1623,5967,19450
3646,1647940,1,4.0,7962,5702,2.5,0,2,4,7,6563,1399,1948,0,98102,47.6945,-121.5496,4375,12705
3647,1186664,3,2.0,5605,33758,1.0,1,0,3,8,5486,119,1979,0,98161,47.3183,-122.1739,4337,26276
3648,871572,7,3.0,3478,3249,2.5,0,0,3,10,2141,1337,1907,0,98161,47.2989,-121.9686,4585,25795
3649,1283173,1,2.0,5236,44037,1.5,1,0,3,10,4889,347,1956,0,98020,47.6925,-121.5362,3586,34064
3650,910565,3,3.0,3339,9996,1.5,0,0,3,13,3294,45,2000,1986,98048,47.255,-121.3823,5128,24031
3651,862191,2,3.0,3884,10899,3.0,0,0,3,9,2515,1369,1988,0,98027,47.6222,-121.7729,5119,23697
3652,771549,2,4.5,3159,42597,3.0,0,0,2,9,2691,468,1923,0,98160,47.2338,-121.8942,1705,17080
3653,672771,5,4.5,2361,42793,3.0,0,0,3,3,956,1405,1946,1980,98155,47.713,-122.4086,3244,33700
3654,837795,6,2.5,3356,27536,2.5,0,0,3,10,2735,621,2003,0,98025,47.6873,-121.7596,3073,8797
3655,960064,2,1.0,5801,37667,1.0,0,0,3,5,4407,1394,1981,0,98066,47.6512,-122.1081,2166,9454
3656,467867,5,4.5,1185,10214,3.0,0,4,3,7,300,885,1920,0,98012,47.444,-121.8826,4377,20801
3657,1108144,7,1.5,6447,31822,2.0,0,1,2,6,6229,218,1907,0,98101,47.1237,-121.6065,2666,20896
3658,1038799,1,3.5,4783,16500,3.0,0,0,3,12,3780,1003,1918,0,98174,47.1927,-121.7318,2417,8609
3659,579263,2,1.0,2119,44319,2.5,0,3,3,5,975,1144,2012,0,98048,47.4196,-122.3837,3158,5793
3660,1220551,1,,6283,3327,1.0,0,0,3,12,5323,960,1929,0,98112,47.1306,-122.0233,1419,3879
3661,1172568,1,5.0,5580,48362,3.0,0,0,4,7,4268,1312,1990,0,98106,47.1444,-122.2606,3084,20663
3662,1044481,6,1.5,5143,30583,1.0,0,0,3,5,4632,511,1999,0,98085,47.1879,-122.3187,5502,4859
3663,1688216,2,2.5,7368,33855,2.0,1,0,4,11,6007,1361,1999,0,98037,47.2826,-122.2356,618,32377
3664,1540568,1,2.0,7569,35691,1.5,0,1,3,13,7189,380,1925,2005,98132,47.6245,-121.3952,4543,29955
3665,845315,6,4.5,1931,28590,1.0,0,4,4,11,1366,565,1919,0,98090,47.1336,-121.645,2762,36892
3666,499654,6,4.5,1375,25117,3.0,0,0,3,8,300,1075,2015,0,98189,47.7885,-121.4103,4163,27104
3667,982530,2,2.0,5213,34008,2.5,0,0,4,5,4648,565,2004,0,98071,47.2917,-121.8922,1062,33880
3668,657774,6,1.5,2961,31355,2.5,0,0,4,7,1934,1027,1977,0,98102,47.3241,-122.4987,5585,20817
3669,752855,2,3.5,1865,5686,2.5,0,0,3,13,1114,751,1996,0,98175,47.2735,-122.4587,2698,36619
3670,580413,2,2.5,1743,13088,2.5,0,1,4,10,1543,200,1972,0,98047,47.5217,-122.3264,5111,22950
3671,1252665,3,3.5,5498,43598,1.0,0,0,3,11,4273,1225,1986,0,98120,47.1136,-121.5631,1935,10842
3672,231956,1,1.0,662,31018,2.5,0,0,3,5,407,255,1944,0,98017,47.1655,-122.258,5032,36615
3673,641537,4,1.5,2474,23654,1.5,0,2,3,7,2276,198,1963,0,98032,47.1691,-122.3781,1714,9832
3674,733443,2,3.5,3791,40735,2.0,0,0,3,4,3719,72,1929,0,98138,47.5652,-121.4668,1763,15229
3675,438095,1,2.0,769,43072,1.0,0,4,3,4,300,469,1952,0,98178,47.3307,-122.2258,826,6781
3676,288223,7,4.5,1131,46119,1.0,0,0,4,4,444,687,1949,0,98187,47.4062,-121.8971,4104,5556
3677,496878,6,1.0,1405,22698,2.5,0,0,4,8,1187,218,1961,1997,98018,47.765,-122.0926,1435,17196
3678,808600,5,2.0,3971,3318,2.5,0,0,4,5,2515,1456,1941,0,98194,47.24,-121.4241,3163,15110
3679,977666,2,5.0,3753,42162,1.0,0,0,3,12,3347,406,1927,2008,98163,47.1491,-121.6543,984,4919
3680,703043,6,2.5,2514,24127,2.5,0,2,3,7,1720,794,1957,0,98006,47.409,-121.9553,763,2053
3681,709582,6,4.0,2141,28333,2.5,0,0,3,10,1349,792,1930,0,98003,47.2149,-121.4643,4104,26945
3682,470762,6,1.5,704,45948,2.5,0,3,3,7,300,404,1989,0,98199,47.2013,-121.6279,3719,21616
3683,368668,6,3.5,1081,21301,2.5,0,0,1,4,300,781,1999,0,98035,47.3871,-121.5293,3136,14065
3684,1312751,6,4.0,6175,27010,2.5,0,3,3,8,5968,207,1958,2008,98077,47.5688,-121.3269,3775,9920
3685,498817,2,2.5,1340,17460,3.0,0,4,4,4,1249,91,2010,0,98102,47.27,-122.2562,4150,31332
3686,1487792,7,4.5,6432,23614,3.0,0,0,3,10,5901,531,1999,0,98194,47.7132,-122.257,886,37875
3687,1066105,4,3.5,5847,22057,3.0,0,0,3,4,4771,1076,2015,1982,98066,47.3537,-121.8322,1589,35079
3688,707506,3,2.5,2219,27348,1.0,0,2,3,9,2137,82,1974,0,98051,47.7538,-121.8609,2657,23111
3689,1136162,6,3.0,6238,8902,2.0,0,0,3,6,5141,1097,1911,0,98124,47.4447,-121.4571,3969,29289
3690,762366,6,3.5,3143,39671,1.0,0,2,3,6,2734,409,1944,0,98073,47.6087,-122.3129,1462,11717
3691,659661,3,1.5,2797,31333,3.0,0,0,3,10,2354,443,1965,0,98162,47.6943,-121.9899,5808,17550
3692,698983,7,2.5,1374,16744,1.0,1,1,3,6,1245,129,2003,0,98167,47.4708,-121.8665,2959,21834
3693,1194050,7,2.5,6060,25897,2.0,0,0,4,10,5290,770,1967,0,98095,47.6952,-121.943,5137,20667
3694,1386198,2,2.5,6839,48967,2.5,0,1,3,11,6656,183,1931,0,98049,47.3646,-122.4195,2174,23224
3695,424532,1,4.0,1189,45481,1.5,0,0,4,10,612,577,1940,0,98175,47.3544,-122.3226,3138,35710
3696,1032561,5,3.0,4500,25819,3.0,0,2,3,6,3836,664,1997,0,98036,47.6558,-122.3157,4843,30223
3697,1479610,5,5.0,6606,34283,3.0,1,0,3,7,6242,364,1954,0,98022,47.2689,-121.7848,3426,32802
3698,908907,1,2.0,3641,46312,2.0,0,0,4,8,3446,195,1968,0,98077,47.6019,-121.9854,5565,16095
3699,1553247,2,2.5,7282,10400,2.5,0,3,3,11,6244,1038,1904,0,98172,47.154,-122.2862,1539,32189
3700,569487,5,4.0,1922,37418,2.5,0,1,1,7,1713,209,2018,0,98195,47.5449,-121.616,5786,36967
3701,1252060,7,3.0,6597,20522,1.5,0,4,2,4,6463,134,1962,0,98189,47.7593,-121.5364,2592,15849
3702,451564,3,3.0,1171,33781,2.5,0,0,4,9,300,871,1903,0,98137,47.4195,-122.2478,2454,8720
3703,1639475,1,1.0,7870,6129,2.0,0,0,3,8,6372,1498,2014,2004,98048,47.3912,-121.6327,5471,18111
3704,695257,7,2.5,1671,46910,2.5,0,0,3,13,1078,593,1940,0,98018,47.4784,-122.4237,646,21434
3705,1109153,4,2.0,6091,18408,2.0,0,0,3,5,5588,503,1911,0,98090,47.6037,-121.4729,1509,8717
3706,1050711,2,5.0,4226,32788,3.0,0,0,3,10,3750,476,1998,0,98126,47.3512,-121.3447,724,29700
3707,409240,1,2.0,1443,49475,3.0,0,0,4,5,300,1143,1936,0,98157,47.1001,-122.313,4655,29776
3708,1868460,5,4.5,6842,4018,3.0,1,3,4,12,5437,1405,1997,2006,98176,47.4515,-121.5566,3225,17747
3709,674304,2,3.5,1949,26416,1.0,0,0,3,13,1506,443,1954,0,98140,47.3935,-122.3832,2316,18893
3710,1138645,3,2.5,4237,44434,3.0,1,4,3,6,3554,683,1944,2010,98167,47.4729,-121.3465,5521,2073
3711,670379,2,3.0,3039,32242,2.0,0,0,4,11,2917,122,1927,0,98151,47.6007,-121.9575,3598,27694
3712,1120974,2,4.5,4459,5520,1.5,0,4,3,6,3147,1312,1958,0,98019,47.2984,-121.8577,5807,35520
3713,1034437,3,4.5,5491,39464,2.5,0,0,4,4,4258,1233,1906,1981,98024,47.4537,-121.5833,3627,24174
3714,1375174,6,1.5,6785,12955,3.0,0,1,1,11,6292,493,1959,0,98107,47.2774,-122.2015,5886,15957
3715,1231491,3,2.5,5932,48170,1.0,0,0,3,12,5543,389,1952,2005,98044,47.4215,-122.0214,524,34214
3716,1212388,7,2.5,4760,49342,1.0,0,3,4,10,4698,62,1939,0,98094,47.3412,-122.416,5385,20193
3717,639479,2,1.0,2861,46425,2.0,0,0,3,6,1429,1432,2020,0,98095,47.3583,-121.7625,4240,17924
3718,1363372,3,3.5,6664,20410,1.5,0,0,4,13,6145,519,1951,0,98049,47.5056,-121.5408,4434,27324
3719,1152606,6,4.5,5701,40212,3.0,0,0,3,8,5457,244,1910,0,98111,47.5827,-121.4778,1498,26502
3720,997666,7,2.5,4152,42096,3.0,0,0,3,8,3988,164,2007,0,98004,47.1089,-121.8564,2828,39944
3721,1621779,1,4.0,7798,21708,1.0,0,2,4,13,6682,1116,1995,0,98062,47.7136,-121.581,2826,13557
3722,853155,3,3.5,4170,49637,2.0,0,0,3,4,3216,954,1949,0,98018,47.355,-122.3201,4933,22793
3723,694135,3,2.5,2253,26807,1.0,0,1,4,11,1970,283,1949,0,98188,47.5505,-121.6079,4330,35974
3724,1463696,2,1.5,7627,28666,1.0,0,0,5,8,6917,710,1995,0,98109,47.1857,-122.4946,1709,32173
3725,969268,7,4.0,2852,10959,1.5,0,3,4,7,1705,1147,1994,0,98128,47.5,-122.2662,605,35073
3726,565055,1,4.5,2438,30611,2.0,0,4,4,4,1507,931,1947,0,98126,47.5749,-121.7384,4130,36507
3727,436997,4,3.5,870,39028,1.5,0,0,3,12,300,570,1983,1994,98064,47.2102,-122.1154,2545,29703
3728,1192543,4,1.0,6476,45569,2.0,0,0,3,3,5822,654,1953,0,98101,47.7385,-122.0073,1799,35739
3729,1114626,5,2.0,5448,31399,3.0,0,0,4,9,4108,1340,1905,0,98148,47.6302,-121.5087,1615,11621
3730,1022200,3,1.5,4979,18558,2.5,0,0,1,6,4158,821,1949,1996,98180,47.4737,-121.8147,4440,26276
3731,886885,3,3.5,2431,3428,2.5,0,0,3,13,2235,196,2012,0,98036,47.2162,-122.0212,1955,13050
3732,1415466,1,4.0,7088,21584,2.0,0,0,3,9,6804,284,1981,0,98190,47.7059,-121.9411,1085,18736
3733,393738,6,1.5,924,37590,2.5,0,0,1,7,300,624,2019,0,98048,47.148,-121.4819,5475,15480
3734,1358808,4,4.5,6804,36583,1.0,0,0,4,3,5572,1232,1984,0,98096,47.1806,-121.9173,1186,14504
3735,1433591,5,3.0,7845,32442,3.0,0,0,3,7,7731,114,1902,0,98057,47.5887,-121.4496,2823,28028
3736,935340,1,4.0,5224,32941,3.0,0,0,3,6,4261,963,1940,0,98057,47.2777,-122.2035,1280,37050
3737,668513,3,5.0,1394,2250,2.5,1,0,3,3,642,752,1991,0,98091,47.4215,-121.8595,3909,15093
3738,1595666,4,1.5,7133,33562,2.0,0,0,4,12,6240,893,1927,0,98169,47.4772,-122.0572,5092,20902
3739,1624359,7,4.5,7660,29284,1.0,1,0,4,4,7155,505,1931,0,98053,47.4208,-121.7904,1867,32847
3740,1583227,5,1.5,6970,7661,2.0,1,0,3,11,6180,790,1938,0,98088,47.1587,-121.8094,2179,31540
3741,348688,2,2.5,1097,8184,2.5,0,2,4,3,767,330,1987,0,98062,47.6162,-121.8144,3440,11711
3742,964227,4,4.5,3562,4648,3.0,0,0,3,12,2567,995,2017,0,98157,47.268,-121.8667,2650,38815
3743,760170,5,4.5,2836,48275,3.0,0,2,3,6,1609,1227,1970,0,98039,47.617,-121.9547,4111,38081
3744,1091253,1,3.0,5188,42276,2.0,0,0,4,10,4522,666,1962,0,98082,47.7057,-121.4076,4021,4094
3745,547015,2,3.5,2187,30790,1.5,0,0,3,7,849,1338,1918,0,98010,47.4755,-122.1785,2836,3828
3746,535860,5,4.0,1072,23763,2.0,0,0,3,12,808,264,1900,0,98189,47.5945,-121.9793,4110,17615
3747,1585939,5,4.5,6671,7851,1.5,1,0,3,9,5359,1312,1932,0,98056,47.1259,-122.2466,5513,12430
3748,1582383,3,1.5,7597,8106,2.0,0,1,3,13,7016,581,1932,0,98009,47.1257,-122.1013,1553,35701
3749,515156,6,4.0,2590,49774,1.5,0,0,3,4,1900,690,1910,0,98178,47.238,-122.2012,4679,8740
3750,1295952,4,3.0,6300,15779,1.5,0,4,3,6,5820,480,1959,0,98012,47.3509,-121.6963,5451,5186
3751,1345157,3,3.0,7066,15403,1.5,0,0,3,6,6037,1029,1986,0,98130,47.2279,-121.6509,4134,4669
3752,828922,7,2.5,4169,22651,1.5,0,0,3,3,3526,643,2013,0,98073,47.5445,-122.1679,749,38544
3753,1058847,2,3.0,4772,46516,1.0,0,0,3,10,4002,770,2008,0,98017,47.2938,-121.3197,4212,17276
3754,1338882,6,5.0,5124,47243,1.5,1,0,3,13,3960,1164,,0,98035,47.692,-122.1589,5145,12069
3755,525406,5,3.0,2133,39241,1.5,0,0,4,5,1852,281,2017,0,98174,47.4924,-121.5059,5210,35807
3756,1124343,3,5.0,5561,13921,3.0,0,0,3,6,5272,289,1961,0,98195,47.3647,-122.1489,1441,31073
3757,542833,6,1.5,2017,21514,1.0,0,1,5,4,1813,204,1946,0,98198,47.7252,-122.0042,5963,9187
3758,1051528,7,4.0,4793,35356,1.5,0,1,2,12,3890,903,1916,0,98087,47.6799,-121.7023,5427,14596
3759,725071,4,4.0,3157,23793,2.5,0,0,3,7,2826,331,1973,0,98035,47.674,-121.8308,1923,38013
3760,847643,7,3.5,4148,17453,1.0,0,0,2,7,3746,402,1971,0,98034,47.6098,-121.8926,3320,3124
3761,1383721,2,3.5,7485,35546,3.0,0,0,4,5,6229,1256,2016,1992,98011,47.53,-121.5469,2936,34627
3762,947123,1,3.5,5448,13627,2.0,0,0,3,10,5417,31,1908,0,98110,47.3568,-121.6507,4198,33853
3763,762980,3,4.5,4088,37141,3.0,0,1,3,3,3897,191,1982,0,98131,47.3958,-121.403,1346,5781
3764,687081,2,4.5,2037,10154,3.0,1,0,3,4,1631,406,2013,0,98010,47.553,-122.223,2694,14241
3765,1164712,1,1.5,6665,19255,1.0,0,2,3,3,6063,602,1907,0,98082,47.221,-122.4804,5170,32899
3766,1643366,3,4.5,7779,2539,1.0,0,4,4,8,6458,1321,1958,0,98082,47.6795,-121.3002,3805,31830
3767,1063485,2,2.5,5676,33745,2.5,0,0,4,6,5642,34,1968,0,98012,47.7571,-122.1599,1698,14480
3768,1007274,7,2.0,3637,27150,2.5,0,0,3,12,2394,1243,1977,0,98118,47.1686,-122.4485,718,29072
3769,1350872,2,4.5,7485,4728,1.0,0,0,4,3,7154,331,1944,0,98179,47.1157,-122.2032,3590,14459
3770,373891,6,2.5,597,17495,1.0,0,0,3,9,300,297,1932,0,98083,47.1999,-121.6975,874,5094
3771,1023495,7,4.0,3715,32260,1.0,0,0,4,11,2640,1075,2006,0,98097,47.6319,-121.7943,540,37914
3772,1230031,3,2.0,6499,25835,2.0,0,2,4,7,6483,16,2007,1985,98089,47.1755,-122.2519,5454,6745
3773,1258069,2,1.0,5030,18781,3.0,1,0,3,9,4177,853,1937,0,98108,47.3606,-122.2765,3864,14177
3774,1079945,5,3.0,5232,38238,2.5,0,1,3,6,5224,8,1962,0,98187,47.1442,-121.9668,4960,5785
3775,825604,3,1.5,4250,32689,2.5,0,1,3,6,4071,179,1911,2009,98002,47.4028,-122.4838,3198,1159
3776,870387,2,4.0,3657,41682,1.5,0,2,3,6,3655,2,1966,0,98002,47.5227,-122.4971,4542,35730
3777,1074584,6,2.0,5183,2224,2.0,0,0,4,7,3882,1301,2003,0,98133,47.54,-121.7598,1643,16676
3778,655416,1,3.0,843,31016,1.0,1,2,3,10,300,543,1928,1990,98150,47.4632,-122.1097,2849,2364
3779,1044974,1,1.5,5913,27078,1.0,0,0,4,6,5747,166,1921,0,98161,47.7567,-122.4713,3621,29885
3780,1388042,5,2.0,6575,3704,2.0,0,0,3,9,5301,1274,1933,0,98069,47.4718,-121.9482,992,31164
3781,1470447,3,4.0,5166,40409,2.5,1,4,3,11,3869,1297,1969,0,98156,47.7015,-121.3773,4847,21163
3782,503534,6,1.5,1110,7847,1.0,0,3,3,8,1084,26,1998,0,98186,47.7951,-122.1941,3063,8019
3783,537864,2,3.5,2227,44107,1.5,0,0,4,6,2110,117,1938,0,98142,47.2608,-122.1987,4011,28914
3784,741321,2,4.5,2790,14614,2.5,0,2,2,7,2052,738,1915,0,98104,47.2859,-121.9384,995,15087
3785,567249,1,3.5,2354,21497,3.0,0,0,5,10,2003,351,1930,0,98107,47.4653,-122.3218,5434,23275
3786,736523,6,4.0,3108,29486,2.0,0,0,3,6,2914,194,1948,2020,98050,47.2277,-121.7345,5149,18993
3787,1002528,7,1.5,5555,30463,2.5,0,0,3,6,4903,652,1943,2010,98169,47.4949,-121.4929,3029,14348
3788,728179,5,2.0,2579,13576,3.0,0,0,3,9,1283,1296,1978,0,98143,47.5791,-122.2666,3900,21816
3789,1253207,1,4.5,7034,20033,1.5,0,0,4,8,6718,316,1945,1986,98068,47.1423,-121.7095,752,15477
3790,536567,1,4.0,2824,11012,2.0,0,0,3,3,1399,1425,1900,0,98043,47.577,-121.4344,2298,25410
3791,1215357,5,3.5,5127,37183,1.0,0,0,3,11,4373,754,2021,0,98183,47.2116,-121.4163,4762,2527
3792,475504,3,3.5,1677,12211,1.0,0,0,3,7,606,1071,1943,0,98049,47.3095,-121.8365,4847,4351
3793,1510406,2,2.5,7026,22339,3.0,0,0,3,12,5987,1039,1983,0,98146,47.6172,-122.3172,2307,26937
3794,661837,3,1.0,1591,48001,2.5,0,0,3,13,300,1291,1986,2003,98081,47.2145,-121.709,755,23334
3795,1247880,6,4.0,6497,35728,1.5,0,0,4,4,5191,1306,1983,0,98095,47.4722,-121.6182,4101,28663
3796,1184698,7,3.5,5479,34304,3.0,0,0,3,7,5466,13,1995,0,98153,47.5124,-121.5948,1594,35873
3797,1442915,4,3.0,6857,34502,1.5,0,0,4,10,5486,1371,1945,0,98140,47.2151,-121.3788,3441,20106
3798,1544415,4,4.5,6274,45193,1.5,1,0,3,8,5908,366,2011,0,98183,47.2923,-121.7617,4781,24747
3799,1437380,4,2.5,7019,22938,1.5,0,0,3,10,6792,227,1988,1986,98047,47.5245,-121.9407,1420,21705
3800,964669,5,2.0,3291,41040,2.0,1,0,3,7,1895,1396,2010,0,98084,47.4228,-121.8969,5450,34494
3801,1396456,1,4.5,6856,2351,3.0,0,3,3,6,5854,1002,1971,0,98093,47.562,-122.1141,660,16351
3802,1453798,7,4.0,6722,22274,2.0,0,0,3,12,5987,735,1952,0,98067,47.6983,-122.4313,1759,21041
3803,624197,3,3.0,2249,17459,2.5,0,0,4,5,821,1428,1932,0,98199,47.1945,-121.639,2709,12331
3804,591127,2,1.5,3175,19398,2.5,0,0,3,4,1744,1431,1944,2013,98192,47.1494,-122.4762,5500,19187
3805,1520297,4,2.0,7247,49852,1.0,0,0,4,11,6690,557,1963,0,98060,47.5667,-122.4231,774,31580
3806,408711,3,3.5,1281,34299,1.0,0,0,3,3,300,981,1993,2001,98097,47.6395,-122.099,2027,16684
3807,910393,4,2.5,3548,2204,1.0,0,3,4,12,2682,866,1902,0,98171,47.4145,-121.3827,2260,29127
3808,1297394,7,4.5,7323,9510,2.5,0,0,3,4,6664,659,1923,0,98165,47.3757,-121.9202,5779,39092
3809,819661,4,5.0,2605,17364,1.5,0,0,2,8,1530,1075,1975,1980,98160,47.5177,-122.2418,5612,23687
3810,876240,2,4.0,4367,38086,1.5,0,0,3,8,3194,1173,1930,0,98085,47.486,-121.4235,3583,15739
3811,1347594,6,2.5,7693,14518,3.0,0,0,3,3,7038,655,1970,0,98180,47.4431,-121.814,3777,23784
3812,1232663,6,4.0,5476,7559,2.5,0,3,5,10,5305,171,1939,0,98053,47.6731,-122.0562,832,3252
3813,1200751,7,2.5,5042,43095,1.0,0,0,3,13,4725,317,1980,0,98105,47.2215,-121.6411,3133,22858
3814,772750,6,1.5,2613,8025,2.5,1,0,2,6,1998,615,1949,0,98184,47.5768,-121.9707,5844,15300
3815,1294358,5,1.0,6379,39849,1.5,0,0,2,9,5891,488,1973,0,98072,47.6189,-121.624,3434,11293
3816,1273277,1,2.5,5873,13123,1.5,0,0,3,12,5223,650,1914,2002,98130,47.7309,-122.2379,5007,31338
3817,1179058,5,4.5,4470,7484,2.0,1,0,3,11,3787,683,2018,2017,98176,47.7616,-122.3198,4424,4861
3818,394791,3,2.0,2491,22425,2.0,0,0,3,4,2368,123,1920,0,98016,47.4555,-121.9469,5768,6581
3819,587597,5,2.0,1567,18804,3.0,0,0,3,9,300,1267,1920,2014,98091,47.4035,-122.1165,3280,39220
3820,1402440,3,5.0,7764,9800,2.5,0,0,3,3,6529,1235,1959,0,98164,47.4527,-121.7738,5532,7070
3821,591890,3,1.0,2077,49538,2.0,0,0,3,5,1372,705,1992,0,98138,47.6128,-121.5534,5378,38135
3822,644951,1,4.0,1511,18817,2.0,0,4,3,6,300,1211,2005,0,98092,47.112,-121.4182,867,7539
3823,634150,2,2.5,2774,29980,2.5,0,0,4,5,2316,458,2004,0,98081,47.2219,-121.5874,4556,11417
3824,1082517,7,1.0,5369,41609,1.5,0,0,4,10,4054,1315,1964,0,98126,47.7354,-122.0899,2463,28329
3825,1452858,1,4.5,7322,17368,3.0,0,1,4,13,6157,1165,1920,0,98089,47.2368,-121.6272,5954,9288
3826,710777,7,1.5,2314,48177,3.0,0,0,4,9,1638,676,1954,0,98146,47.2599,-121.8641,2435,4045
3827,1452088,6,3.0,7244,39129,3.0,0,0,4,5,5833,1411,1968,2018,98092,47.7576,-121.4127,1920,33206
3828,758022,6,2.0,2926,42591,2.0,0,0,3,9,2281,645,1978,0,98002,47.306,-121.6517,1894,22898
3829,998378,5,1.5,5797,15709,1.5,0,0,3,4,5620,177,2009,0,98128,47.3033,-122.3197,2335,29817
3830,1580985,3,1.0,6046,9023,3.0,1,0,4,13,4938,1108,1925,0,98040,47.7466,-122.4063,3581,15898
3831,1638261,4,1.5,7352,34216,2.5,0,0,3,13,6124,1228,1974,1997,98042,47.3626,-121.8474,4214,26816
3832,1024048,4,1.5,4902,34288,3.0,0,0,3,5,3544,1358,1954,2013,98095,47.4458,-122.0619,2208,3625
3833,1262811,7,4.0,5374,21956,1.0,0,0,3,9,3962,1412,2012,0,98153,47.4923,-122.2983,1759,22961
3834,912922,3,3.0,3051,17044,1.5,0,0,5,12,1862,1189,1984,2021,98129,47.7078,-121.5428,4029,17886
3835,1269032,7,2.5,6911,49759,1.0,0,2,4,7,6376,535,1945,0,98016,47.1543,-122.0495,3469,21583
3836,1058715,1,2.5,4157,11459,1.5,0,0,3,11,2912,1245,1961,0,98170,47.2826,-122.3968,2168,10309
3837,704853,2,4.5,507,16074,2.5,1,0,4,10,300,207,1969,1986,98165,47.5109,-122.1853,2089,15341
3838,813197,1,4.5,3055,18873,2.0,0,0,5,8,2728,327,1953,0,98105,47.4042,-121.6877,4055,16841
3839,242290,3,4.0,975,3859,2.0,0,0,3,6,375,600,1903,0,98037,47.2948,-121.7225,1120,31193
3840,1192620,3,4.5,5916,40983,1.5,0,0,4,5,5247,669,1944,0,98199,47.3867,-122.185,4675,22327
3841,704484,2,2.5,2711,37181,3.0,0,0,4,8,1274,1437,1984,0,98134,47.7764,-122.0906,1580,13306
3842,532529,7,2.5,984,45241,1.0,0,0,2,11,300,684,2019,2019,98150,47.1147,-122.4402,4406,38004
3843,1373172,5,3.5,7739,38732,2.5,0,0,3,7,6968,771,1953,0,98114,47.2029,-121.3561,4922,18192
3844,1439204,5,3.5,7210,38045,3.0,0,3,3,9,6008,1202,1980,0,98095,47.1131,-122.1074,2979,19806
3845,1230971,2,3.0,5500,18224,2.0,1,0,3,9,4678,822,1952,0,98174,47.5154,-121.3847,5016,27024
3846,1089314,5,2.5,5154,22881,3.0,0,0,4,9,4866,288,1994,0,98040,47.1091,-121.5233,5886,17369
3847,1280749,4,5.0,6563,5616,1.0,0,0,3,11,5191,1372,1943,0,98054,47.4178,-122.0978,2618,23534
3848,632913,5,4.5,2785,29534,2.0,0,0,3,4,1475,1310,1986,0,98046,47.7014,-121.667,649,16893
3849,1258578,5,2.5,5723,11632,1.5,0,0,4,10,4336,1387,1995,0,98164,47.168,-121.9316,4093,37894
3850,1159079,5,4.0,5829,25621,2.5,0,0,4,4,4723,1106,2007,0,98119,47.3556,-121.328,4705,18020
3851,1481026,4,2.0,7197,42711,2.5,0,0,2,13,6961,236,2019,0,98041,47.3646,-121.7338,5702,30695
3852,1279754,7,1.5,7471,41168,2.0,0,0,4,3,7034,437,,2012,98098,47.3536,-121.8771,2141,7162
3853,1178253,5,2.5,5063,49670,1.5,0,2,3,12,3801,1262,1933,0,98067,47.6092,-121.7344,707,33814
3854,956418,6,2.5,4025,36190,1.0,0,4,3,8,3581,444,1951,0,98126,47.1031,-122.2357,2730,38319
3855,718337,4,1.0,3839,39070,2.5,0,0,4,4,2750,1089,1905,0,98023,47.646,-122.1323,2867,11095
3856,1407322,2,4.5,7029,46949,2.0,0,2,4,7,6314,715,1937,0,98171,47.6873,-121.6448,3705,1623
3857,630776,1,2.5,3322,28833,2.5,0,2,4,3,3209,113,1985,0,98061,47.402,-122.3995,3577,31204
3858,1239499,2,3.5,5443,28494,1.5,0,4,2,9,5255,188,1932,0,98017,47.721,-122.1369,3494,15864
3859,1188256,1,1.5,7030,4982,1.0,0,0,3,3,6155,875,1974,0,98193,47.3667,-121.7565,5637,7689
3860,737214,2,1.5,3424,1256,1.5,0,1,4,10,3149,275,1954,0,98003,47.5863,-121.3052,2838,16341
3861,372230,6,4.5,758,26031,3.0,0,0,3,7,300,458,1922,0,98078,47.3722,-121.3892,1051,27068
3862,451214,1,3.5,782,45823,1.5,0,0,3,7,300,482,2016,0,98030,47.1265,-121.5013,3684,1284
3863,1110711,1,5.0,6245,17852,1.5,0,1,4,5,5361,884,1943,1999,98021,47.1584,-121.899,4342,34139
3864,530662,3,5.0,2398,16151,2.5,0,1,3,4,1613,785,1999,1986,98144,47.4094,-121.5343,5241,18925
3865,1001693,1,2.5,4635,46149,1.5,0,0,3,8,3926,709,1927,2011,98062,47.7931,-121.8293,2576,31659
3866,1279495,1,2.0,7129,19737,2.0,0,2,3,6,6216,913,1963,0,98060,47.2243,-121.9498,1743,31743
3867,841002,3,4.5,3476,19690,2.5,0,0,4,12,2466,1010,1947,0,98115,47.7269,-122.2318,2730,23506
3868,748610,5,5.0,2767,41690,2.5,0,0,5,6,1808,959,1958,0,98137,47.7436,-121.3589,3917,24699
3869,767067,5,3.5,3700,5549,3.0,0,0,2,8,3117,583,1982,2017,98066,47.3868,-121.7822,2631,39894
3870,1134232,3,4.0,5610,32077,2.0,0,2,3,4,4856,754,1958,0,98154,47.4233,-121.6896,2947,22842
3871,1490419,4,4.0,7667,25600,1.5,0,4,3,4,7188,479,1942,0,98106,47.452,-122.3307,3776,1720
3872,426836,1,2.5,1112,11295,3.0,0,1,4,12,300,812,1942,0,98067,47.6393,-121.983,3219,24731
3873,1368004,1,3.5,7571,10914,2.0,0,0,3,12,7555,16,1976,0,98015,47.1866,-121.3424,4510,15935
3874,1106949,3,4.5,6511,12680,3.0,0,0,3,6,6465,46,1912,0,98012,47.33,-121.5908,1083,35660
3875,514526,3,4.0,1187,39602,1.0,0,0,3,8,1158,29,1971,0,98019,47.2195,-121.4406,2839,28738
3876,738345,4,1.0,4190,35044,1.5,0,0,3,4,3799,391,1942,0,98014,47.7149,-122.0249,2791,38837
3877,471988,6,2.5,1112,29395,3.0,0,0,4,9,300,812,2011,0,98143,47.1494,-122.4202,5374,23090
3878,704642,5,1.5,2807,48555,1.0,0,0,3,13,1892,915,1912,0,98087,47.6234,-122.0782,3328,12990
3879,1740521,2,2.0,7633,7468,1.5,1,0,4,10,7350,283,2019,0,98011,47.4078,-122.0488,3425,36320
3880,925960,6,4.5,3513,39646,3.0,0,2,3,11,3455,58,1934,0,98063,47.6002,-122.1387,2920,39444
3881,1344437,7,1.0,7009,32546,3.0,0,0,3,8,6052,957,1990,0,98043,47.7229,-121.868,3046,39258
3882,433068,5,2.0,2281,31538,3.0,0,1,3,4,1274,1007,1910,0,98195,47.3378,-122.2694,2448,22944
3883,1232122,1,2.0,6406,34056,3.0,0,0,3,8,5053,1353,1920,0,98171,47.2589,-121.3748,3756,21416
3884,801460,7,3.5,3091,7951,2.5,0,0,3,10,1805,1286,1971,0,98129,47.5552,-121.411,5781,31915
3885,947183,6,3.0,3196,6716,3.0,0,0,4,12,1849,1347,2005,0,98132,47.7983,-122.1861,5955,18228
3886,979396,3,2.0,6143,2268,2.5,0,0,3,3,5096,1047,1925,0,98085,47.6107,-121.7182,3229,34182
3887,1509072,4,1.5,6526,44541,2.5,0,0,4,13,5149,1377,1993,0,98025,47.6569,-121.8986,2066,27398
3888,1413442,5,2.0,7457,1664,1.0,0,0,3,8,6707,750,1985,0,98084,47.5409,-122.1999,2916,2183
3889,1156318,4,3.0,4458,27883,1.5,0,2,3,13,3381,1077,1949,0,98074,47.3577,-121.4235,2921,4495
3890,1494952,7,2.0,7683,38643,2.5,0,3,3,3,6355,1328,1948,0,98053,47.5583,-122.2227,878,19790
3891,1100573,5,5.0,5748,4715,2.0,0,0,4,8,5430,318,2002,0,98163,47.19,-121.7505,1188,29396
3892,495355,6,3.0,1074,40574,2.5,0,0,2,12,354,720,2013,0,98153,47.4422,-122.0976,4304,39662
3893,1485504,1,1.0,7776,15309,2.0,0,3,3,6,6708,1068,1973,0,98131,47.5011,-121.5087,586,14239
3894,450465,2,4.0,2410,35501,1.0,0,1,2,5,2049,361,1989,1982,98179,47.7347,-121.7556,4194,12576
3895,1022750,4,2.5,5608,16673,2.0,0,0,3,5,4847,761,2015,1983,98178,47.7438,-121.5009,1999,35733
3896,1003913,4,3.5,4104,26581,1.0,0,1,3,6,2620,1484,1990,0,98013,47.1421,-122.0827,2253,15453
3897,354438,2,2.0,1169,12232,1.0,0,0,2,5,1163,6,1985,0,98035,47.5423,-122.4866,2122,19864
3898,1090250,4,3.5,4864,7504,1.0,0,0,3,11,3582,1282,1912,0,98183,47.6575,-122.234,4698,25369
3899,1468030,4,4.0,7829,45857,2.0,0,0,3,6,7742,87,1938,0,98146,47.4755,-121.5227,631,8792
3900,551559,5,4.5,1783,37339,2.0,0,0,4,3,841,942,1954,0,98179,47.167,-122.1198,1964,2968
3901,490806,5,2.0,1423,46024,1.0,0,0,4,6,300,1123,1906,0,98030,47.2629,-122.1164,1051,15762
3902,408542,2,2.5,1625,38105,1.0,0,0,3,3,1171,454,2015,1993,98040,47.3196,-121.9604,2432,10792
3903,626517,7,,2029,23277,1.5,0,2,3,12,1488,541,1942,0,98110,47.564,-122.1704,1420,26415
3904,1288101,1,4.5,6354,7534,1.0,0,0,3,12,4971,1383,1941,0,98030,47.1459,-121.5315,1530,25514
3905,553651,6,4.5,2094,45436,3.0,0,0,4,5,1114,980,1957,2000,98186,47.4847,-122.1139,5619,31377
3906,312918,6,1.5,746,28073,1.5,0,0,3,6,378,368,1911,1994,98088,47.1763,-121.7753,977,37219
3907,759334,7,1.5,4211,29758,1.5,0,0,3,6,2988,1223,1912,0,98090,47.3766,-121.9588,2142,10854
3908,667404,4,3.0,2060,24798,1.5,0,0,4,11,1030,1030,1911,0,98065,47.3979,-122.1552,5148,30731
3909,1318474,1,1.5,6774,39594,3.0,0,1,4,8,6096,678,1975,0,98097,47.4163,-122.1816,2259,36368
3910,645269,2,2.5,2900,2419,1.5,0,2,4,5,2515,385,1937,0,98072,47.5976,-121.8977,3608,28375
3911,854162,7,1.5,2743,48152,1.5,0,0,5,9,2061,682,1902,0,98012,47.1568,-122.247,5576,22462
3912,990304,2,3.5,4364,18102,2.0,0,0,4,13,3969,395,1971,0,98136,47.2878,-122.0852,4496,16105
3913,738587,5,5.0,2439,18853,2.0,0,1,3,6,1900,539,2012,0,98078,47.5488,-122.4527,2764,37001
3914,1129993,4,5.0,5525,20181,1.0,0,0,3,9,4906,619,1961,0,98018,47.7605,-121.5516,4157,23998
3915,769154,3,2.5,3569,6692,1.0,0,0,4,4,2399,1170,1930,0,98104,47.5346,-122.4476,3078,22238
3916,1354959,2,3.5,7288,44788,2.5,0,0,4,9,5981,1307,1976,0,98065,47.7184,-121.4533,815,22570
3917,523348,7,4.5,726,25762,3.0,0,3,3,10,300,426,1971,0,98138,47.7779,-122.4431,2768,24245
3918,1367229,4,1.5,7344,42499,2.0,0,0,3,9,6757,587,1936,0,98037,47.7187,-121.4822,4472,23363
3919,1007318,1,4.0,4047,22580,1.0,0,3,3,8,2550,1497,1923,1993,98029,47.7805,-121.727,5337,20978
3920,353092,7,2.5,764,41855,3.0,0,0,4,6,300,464,1991,1991,98174,47.6439,-121.8929,2646,25093
3921,676352,5,2.0,1895,47438,1.5,0,0,3,11,725,1170,1967,0,98104,47.721,-122.3261,951,10452
3922,679451,6,2.5,4057,9349,3.0,0,0,3,3,3482,575,1963,0,98122,47.444,-122.1919,4494,24169
3923,1106730,1,1.5,6053,42187,2.0,0,0,3,7,5195,858,1915,0,98044,47.3418,-121.6718,5748,13421
3924,527735,2,4.0,1145,7403,2.5,0,0,5,13,300,845,1917,1987,98164,47.7998,-121.8854,5699,15115
3925,1442902,2,2.0,6854,26612,2.0,1,0,3,3,5950,904,1967,0,98018,47.1684,-121.8828,4684,1641
3926,1386230,1,2.0,6014,25267,1.0,0,0,3,13,5512,502,2006,2019,98079,47.7707,-122.3401,1563,4522
3927,1235899,2,1.5,6069,25960,1.0,0,0,3,12,5133,936,1939,0,98160,47.4016,-121.9299,1783,16574
3928,977312,7,4.5,3490,45971,3.0,0,1,3,13,3441,49,1957,0,98109,47.1157,-121.7917,4503,18779
3929,1060506,4,3.0,5983,49507,2.0,0,1,3,3,5759,224,1996,0,98020,47.6621,-122.3532,2430,29799
3930,607895,2,3.5,2399,25112,1.0,0,3,3,8,2318,81,1944,0,98034,47.411,-121.3308,3373,24857
3931,765054,5,3.5,3004,28600,1.5,0,1,3,8,2823,181,1952,0,98073,47.6591,-121.5039,3333,18731
3932,862406,4,2.5,3272,34303,1.5,0,0,3,13,2751,521,1926,0,98169,47.1314,-122.119,1642,15077
3933,1186732,7,2.0,5845,33289,2.5,0,0,3,9,4943,902,2017,0,98098,47.7819,-121.8239,4837,6270
3934,1464734,3,4.0,5577,18574,3.0,1,2,3,12,4194,1383,1935,0,98163,47.5697,-121.8292,778,20563
3935,556861,2,1.5,1654,26222,1.0,0,0,4,11,727,927,1967,0,98185,47.1336,-122.372,3935,6607
3936,419586,2,1.5,1087,25214,2.5,0,0,3,8,853,234,1999,0,98120,47.1033,-121.9742,610,25190
3937,1029177,5,4.0,5071,24029,1.5,0,1,3,4,4250,821,1912,0,98027,47.5158,-122.2507,5795,29486
3938,570947,7,2.0,2321,43026,2.5,0,0,3,6,972,1349,1950,0,98018,47.7835,-122.1001,4096,15033
3939,597924,5,2.0,1485,30335,2.5,0,3,3,11,300,1185,1947,0,98149,47.4668,-121.3674,4269,14309
3940,954506,6,3.0,4579,48554,1.0,0,0,3,4,3109,1470,1959,2014,98146,47.3477,-121.8384,2014,36321
3941,851647,7,3.0,3848,37673,1.0,0,0,3,9,3102,746,1977,0,98155,47.7572,-122.4197,1233,33133
3942,1349252,1,4.0,6799,19051,1.0,0,1,4,6,6254,545,2005,0,98156,47.7888,-121.6933,2465,20436
3943,984382,1,3.5,4331,19259,3.0,0,0,3,12,4289,42,2000,0,98097,47.6491,-121.3016,2434,34850
3944,980992,1,3.5,1741,35723,2.5,0,4,3,13,1360,381,2010,0,98143,47.6025,-122.2988,1083,24499
3945,497139,5,4.0,689,48742,2.5,0,4,4,8,300,389,1969,0,98173,47.1014,-121.6805,825,37687
3946,1025364,1,2.0,6036,1312,3.0,0,0,3,3,5634,402,1950,2000,98047,47.3196,-121.5109,5815,34177
3947,607449,7,2.5,1480,21313,1.5,0,0,4,13,300,1180,1913,0,98119,47.7476,-121.4871,5837,25903
3948,665872,1,3.0,2198,47392,2.0,0,0,3,10,2145,53,1942,0,98036,47.3577,-121.651,3307,2178
3949,580578,3,2.0,2215,29190,1.5,0,0,3,8,1562,653,1902,0,98019,47.3342,-121.4082,1356,4698
3950,900086,1,5.0,3093,40611,3.0,0,2,3,13,2533,560,1924,0,98099,47.476,-122.4615,5035,12251
3951,1018993,2,4.5,4636,30912,2.5,0,0,3,9,3858,778,1933,0,98045,47.4135,-122.423,3655,10853
3952,1248696,6,1.5,6950,11927,2.5,0,0,4,8,6792,158,1969,0,98103,47.7012,-122.3386,5277,32680
3953,1131143,5,,5538,29149,1.0,0,0,2,9,4577,961,1955,0,98057,47.1572,-122.448,1607,24466
3954,1026782,4,1.0,4933,46950,1.0,0,0,3,7,4796,137,2003,0,98076,47.5611,-122.3561,2892,20880
3955,1162124,6,2.0,5933,10800,2.5,0,2,3,5,5401,532,1964,0,98119,47.588,-121.5197,3192,1748
3956,534113,3,1.5,1598,5648,2.5,0,0,2,8,702,896,1959,0,98157,47.7161,-121.4243,762,39109
3957,1586650,5,3.0,7596,33927,1.0,0,0,4,12,7343,253,2009,0,98016,47.391,-122.0968,3106,20743
3958,872755,7,4.5,2826,48854,1.0,0,0,3,11,1501,1325,1947,0,98150,47.3065,-121.3514,2191,31265
3959,997577,5,4.0,3747,41812,1.5,0,2,4,8,3013,734,2012,0,98072,47.5386,-121.9979,3012,32342
3960,668141,2,2.0,1395,33815,2.5,0,2,4,11,681,714,1971,1992,98055,47.6074,-122.2936,4037,6764
3961,1356592,7,2.5,6916,33590,2.5,0,1,3,4,5819,1097,1980,0,98140,47.2197,-121.6824,3655,6414
3962,1458730,6,3.0,7480,12712,3.0,0,0,3,13,6949,531,1976,0,98144,47.2107,-121.9956,1453,15661
3963,1309173,6,4.0,7263,8572,1.5,0,0,3,3,6987,276,1918,2003,98055,47.2845,-122.4767,2933,13519
3964,757124,1,4.5,2174,9002,2.0,0,4,3,6,1754,420,2004,0,98047,47.2735,-121.3404,736,32775
3965,872639,7,4.5,3409,6975,2.0,0,4,1,7,2413,996,1934,0,98073,47.6255,-121.7825,3209,5532
3966,795105,2,3.0,1430,6903,2.0,1,0,4,12,1374,56,2013,0,98027,47.4715,-121.764,5125,26530
3967,1335980,1,4.0,4884,13159,1.0,1,1,3,9,4316,568,1996,0,98111,47.4835,-121.3208,1851,33824
3968,755726,1,1.5,1223,22177,2.0,1,3,2,10,1155,68,2008,0,98099,47.1103,-121.4998,4478,6938
3969,748152,5,3.5,3440,25063,3.0,0,0,1,3,2219,1221,2008,0,98139,47.796,-122.0648,3954,13462
3970,1525927,6,2.0,6915,5251,1.0,0,0,3,8,5740,1175,2007,0,98095,47.6809,-122.4498,5256,8946
3971,1104403,1,2.5,6549,27289,1.0,0,0,2,3,5830,719,1932,0,98143,47.4106,-122.2331,1165,12682
3972,628536,3,3.5,1589,34432,2.0,0,4,3,10,1402,187,1941,0,98181,47.1468,-122.0782,4014,9600
3973,955543,3,2.0,5078,44805,1.0,0,0,2,3,4008,1070,2014,0,98121,47.586,-121.3477,5087,39800
3974,488845,6,1.0,1435,47407,1.5,0,2,2,6,502,933,1953,0,98091,47.4745,-121.4336,5668,35742
3975,525785,3,1.0,2795,45938,1.5,0,0,3,5,2553,242,1938,0,98033,47.5743,-122.4742,622,22186
3976,333840,5,1.0,655,46243,2.0,0,0,4,4,476,179,2009,0,98199,47.5743,-121.3153,5451,32311
3977,429638,2,1.0,1570,6673,3.0,0,0,3,10,406,1164,1963,0,98100,47.2083,-122.1915,4707,22993
3978,724795,4,1.5,2458,49739,1.0,0,4,4,8,2451,7,1937,0,98022,47.3302,-121.5696,4834,18535
3979,628042,1,2.0,3001,46795,2.5,0,0,2,6,2900,101,1937,0,98065,47.1124,-122.3601,853,14465
3980,1224011,4,2.0,6844,1366,2.0,0,0,4,5,6685,159,1972,0,98058,47.7876,-122.2356,4993,3344
3981,1249123,2,5.0,6279,43742,1.0,0,3,2,8,5810,469,1951,0,98027,47.6645,-121.8935,5006,16032
3982,1028472,2,2.0,4719,15765,2.0,0,0,4,8,4715,4,2011,0,98116,47.7502,-121.6557,3370,33044
3983,1458387,5,1.5,6644,48197,2.0,0,2,4,7,5805,839,2000,0,98140,47.1309,-122.0855,676,3075
3984,1126489,3,3.0,5563,3549,3.0,1,0,4,5,4161,1402,1946,0,98188,47.4502,-121.4521,3688,36219
3985,1320787,3,,4330,5386,2.5,1,0,4,13,3950,380,1964,0,98072,47.6232,-121.3718,3468,39949
3986,867773,2,3.5,1354,16453,1.0,1,0,3,12,409,945,1999,0,98033,47.1726,-122.3529,2747,32069
3987,536086,5,2.0,1139,16885,2.0,0,4,3,11,534,605,1941,0,98114,47.644,-121.6377,3131,23668
3988,822138,5,3.0,2738,13708,2.0,0,0,3,8,1831,907,2001,0,98194,47.5533,-122.3417,5063,14196
3989,661153,6,4.0,2102,29891,1.0,0,2,3,7,1130,972,1954,0,98137,47.7895,-122.0911,2845,23559
3990,1419919,7,4.0,7159,16911,2.0,0,0,1,13,6205,954,1958,0,98026,47.1986,-121.5165,4976,29250
3991,438858,1,3.5,941,2459,2.0,0,0,3,9,300,641,1965,0,98173,47.5405,-122.0964,3653,21118
3992,1221692,7,4.5,6540,47120,2.0,0,0,3,3,6237,303,1973,0,98055,47.763,-121.4111,3507,26654
3993,1317369,3,4.5,6434,14177,1.5,0,2,2,9,5255,1179,1953,0,98111,47.6206,-122.0062,1044,30962
3994,1218258,2,3.5,6425,8300,1.5,0,0,3,3,5653,772,1950,0,98180,47.3353,-122.1282,4021,6715
3995,1357156,6,2.5,6786,12540,2.5,0,0,3,11,5799,987,1922,0,98137,47.1835,-121.3131,3449,36338
3996,1608259,4,3.5,7858,3812,3.0,0,2,3,8,6535,1323,1972,0,98135,47.7746,-121.9702,2938,23384
3997,1222180,3,4.5,5128,4504,1.0,1,0,3,9,4857,271,1910,0,98057,47.1503,-121.6109,2850,36736
3998,1239017,1,1.0,6870,5229,3.0,0,0,4,9,6748,122,1935,2021,98185,47.7826,-121.7807,3126,19467
3999,623586,5,5.0,1836,34649,3.0,1,0,4,3,1326,510,1955,0,98119,47.3125,-122.257,5724,34005
4000,851060,2,1.5,4200,12442,1.5,0,0,3,4,3922,278,1941,1995,98165,47.7022,-121.8996,3026,10900
4001,635079,3,3.0,1448,2303,2.5,0,0,3,12,588,860,2001,0,98073,47.488,-122.4071,1434,38683
4002,896666,4,4.5,3873,33307,3.0,0,2,3,5,2483,1390,1998,0,98078,47.7388,-121.6495,1385,9866
4003,1260527,1,2.0,6615,33527,3.0,0,0,2,10,5718,897,1912,2004,98158,47.3986,-121.8773,5249,34409
4004,533689,1,3.0,959,29457,2.0,0,0,3,11,300,659,1982,0,98051,47.6949,-122.3531,1287,18841
4005,1260673,6,1.5,5146,8700,1.0,0,2,4,13,4427,719,1998,0,98047,47.2669,-121.5799,1413,9730
4006,461759,3,2.5,892,22423,2.5,0,0,4,10,300,592,1951,0,98112,47.4267,-121.5345,4431,6041
4007,940104,4,1.5,4438,24611,1.0,0,3,4,8,4316,122,1929,0,98084,47.6924,-121.6194,4718,36363
4008,544464,1,2.5,2287,6008,1.5,0,0,3,4,878,1409,1981,0,98182,47.1829,-122.1051,3353,31354
4009,845725,2,2.5,5440,15515,3.0,0,0,3,4,5044,396,1911,0,98151,47.61,-121.6322,5717,10632
4010,1567601,1,5.0,7874,39021,3.0,0,0,3,12,7574,300,1975,0,98186,47.4058,-121.8067,1674,18283
4011,700250,4,5.0,2757,46458,1.0,0,0,3,9,1340,1417,1920,2001,98056,47.4593,-121.8473,2224,2729
4012,599403,5,1.5,1638,23209,1.5,0,0,3,11,1036,602,1911,2007,98031,47.5053,-121.7215,4781,5808
4013,914138,5,4.0,4308,7290,2.0,0,0,3,8,3716,592,1961,2014,98068,47.293,-121.7439,3859,33232
4014,946785,6,1.0,5241,22967,2.0,0,0,4,3,5026,215,2019,0,98190,47.1675,-121.541,4674,6185
4015,1574670,3,,7918,38144,3.0,0,0,4,11,7918,0,1991,0,98115,47.1131,-121.3168,5991,9375
4016,1330516,4,1.5,6862,6035,3.0,0,0,3,9,5695,1167,1992,0,98060,47.4016,-121.6285,985,32989
4017,720017,6,5.0,2954,34674,2.5,0,0,4,5,1681,1273,1938,0,98165,47.2882,-121.9699,4478,39397
4018,568114,7,5.0,1966,25641,1.0,0,0,2,4,772,1194,2004,0,98034,47.5431,-121.946,4195,1265
4019,794260,1,2.0,4174,41357,3.0,0,0,3,5,3182,992,1943,0,98001,47.6012,-122.4649,1219,19855
4020,436446,7,1.5,1877,16179,1.5,0,0,3,4,1744,133,2014,0,98041,47.4526,-122.3081,1753,20768
4021,1558846,1,2.0,7531,32776,1.0,0,1,3,13,6432,1099,1903,0,98104,47.5333,-122.2262,4378,36676
4022,1410948,5,3.0,7201,5346,2.5,0,0,3,12,6578,623,1930,0,98172,47.4925,-121.3116,1055,16122
4023,677317,6,3.5,3097,9573,2.0,0,0,3,4,2336,761,1923,2013,98035,47.1032,-121.5843,870,29052
4024,326056,5,2.0,641,44660,2.5,0,0,5,6,375,266,1941,0,98155,47.6892,-122.3301,2002,27935
4025,821467,2,4.0,3159,2975,1.0,0,0,3,8,2694,465,2014,0,98149,47.1417,-121.902,4152,7127
4026,1060148,7,2.0,5096,34587,2.0,0,2,4,5,3623,1473,1948,0,98082,47.3872,-122.2438,2039,29348
4027,549595,7,4.5,1339,24852,1.5,0,0,3,11,1244,95,1981,2015,98023,47.1777,-122.1429,973,1479
4028,1465475,5,3.5,7345,39705,2.0,0,0,3,7,6593,752,2005,0,98041,47.5636,-121.7745,1377,33654
4029,827877,2,2.5,4118,49314,2.0,0,0,3,7,3843,275,1989,0,98178,47.3279,-121.7812,5743,6930
4030,1357141,1,4.0,6278,38055,1.5,0,3,3,9,5490,788,2019,0,98022,47.1498,-121.4538,2493,19540
4031,1367617,6,4.5,6161,6367,3.0,0,1,3,11,5358,803,2007,1995,98040,47.1317,-122.3025,2254,21607
4032,1178625,2,2.0,6642,29276,3.0,0,0,3,3,6331,311,2018,0,98130,47.266,-121.9031,2810,32823
4033,1010626,6,2.5,4417,45119,2.0,0,0,4,11,3047,1370,1919,0,98042,47.5671,-121.7814,5974,29691
4034,1159831,7,4.5,6126,34534,2.0,0,2,3,4,5860,266,1907,0,98158,47.6028,-121.3834,1063,31466
4035,333775,6,1.5,1095,16022,2.5,0,0,3,5,822,273,2014,0,98172,47.1899,-121.8803,1685,8014
4036,607227,7,1.0,2404,2964,3.0,0,0,3,7,1283,1121,1932,2017,98083,47.1974,-122.0912,3855,29617
4037,530313,2,3.0,780,6540,1.5,0,1,3,12,300,480,1967,0,98010,47.5153,-122.1494,4054,28229
4038,338382,7,4.0,923,26712,2.0,0,0,3,6,300,623,1937,0,98084,47.7701,-122.2407,2040,15157
4039,1466272,3,4.0,7499,19041,2.0,0,0,3,7,6606,893,1985,2018,98191,47.487,-121.3452,3714,20405
4040,1266537,7,4.5,4865,31578,2.5,0,0,3,12,3527,1338,1935,2005,98152,47.5982,-121.7765,3988,16534
4041,1011579,5,3.0,4749,29807,2.5,0,3,3,7,3592,1157,1947,0,98134,47.5028,-122.1358,2575,5700
4042,1356706,2,1.5,7257,14935,2.5,0,0,4,7,6703,554,1994,0,98123,47.1734,-121.6059,2375,38060
4043,724144,1,3.5,2250,41173,1.0,0,2,3,12,1133,1117,1907,0,98045,47.7625,-122.1529,3599,20295
4044,1226895,6,4.0,5257,3037,1.5,0,0,4,12,4054,1203,1972,0,98125,47.1504,-121.8954,3944,33922
4045,754143,4,1.5,2467,42573,1.0,0,3,3,12,2212,255,2010,2018,98146,47.6319,-122.4688,1090,7752
4046,1031424,2,1.5,4588,20612,2.0,0,3,3,7,3631,957,1981,0,98144,47.7855,-121.4841,1224,16814
4047,1087457,5,1.0,4678,19359,2.5,0,0,4,13,3925,753,1998,0,98103,47.3233,-121.3521,2923,10329
4048,1427489,7,3.5,7590,40955,2.5,0,0,3,4,6550,1040,1959,0,98104,47.2201,-121.4611,3478,20962
4049,1035047,6,4.5,3446,37603,2.5,0,0,4,13,2889,557,1923,0,98040,47.4963,-122.2947,4915,38846
4050,427707,3,3.5,1949,2899,3.0,0,0,3,3,1269,680,1916,0,98144,47.6565,-121.5097,5047,31278
4051,1379627,1,5.0,5894,36399,1.5,0,0,3,12,4730,1164,1964,0,98104,47.7646,-122.0836,4622,16336
4052,753924,3,1.5,2831,48719,1.0,0,2,3,13,2442,389,1938,0,98079,47.5856,-121.3765,1440,2255
4053,1255617,4,4.5,5575,46170,1.5,0,0,4,10,4850,725,2005,0,98128,47.3351,-122.1411,1186,37835
4054,677509,2,4.5,2720,47637,2.5,0,0,4,5,1984,736,1978,1991,98104,47.446,-122.3927,3240,33150
4055,1475700,6,2.5,7994,11852,2.0,0,0,3,9,7095,899,1954,2001,98198,47.6328,-121.4765,5429,39447
4056,897617,2,5.0,4289,36415,3.0,0,0,3,10,4242,47,1976,0,98141,47.6516,-122.36,1436,3851
4057,1570038,5,2.0,7730,49000,1.5,0,0,3,13,7120,610,1986,0,98196,47.1521,-121.8503,5404,29931
4058,1495961,2,4.5,7740,8993,2.0,0,4,3,8,6946,794,1992,0,98050,47.5296,-122.0489,1826,38182
4059,849708,1,4.5,3310,13659,2.5,0,0,3,8,2025,1285,1960,0,98157,47.7772,-121.5918,4640,8505
4060,1381620,4,4.0,6255,38698,2.5,0,3,3,13,5686,569,1930,0,98186,47.6497,-121.6013,5605,14268
4061,1201677,3,3.5,5994,7986,2.5,0,1,4,5,5742,252,2000,0,98135,47.1051,-121.5686,1616,25790
4062,1157205,4,1.5,5228,28496,2.5,0,1,4,11,4716,512,1927,0,98005,47.2575,-122.4241,2612,22994
4063,518362,6,3.0,2031,7630,3.0,0,0,4,5,1285,746,1931,0,98168,47.4115,-121.4699,4767,10149
4064,1161619,2,2.5,5382,18834,3.0,1,0,4,7,4587,795,1906,0,98004,47.5944,-121.9404,4081,3929
4065,776352,6,4.0,3490,36202,1.5,0,0,3,8,2694,796,1977,0,98007,47.4887,-122.237,1256,1786
4066,1329709,3,4.0,7655,15061,2.5,0,0,4,3,6792,863,1913,0,98037,47.1541,-122.1413,3348,33374
4067,1225594,6,4.5,4993,28085,3.0,0,4,3,13,4838,155,1995,0,98113,47.6168,-121.4167,1975,37252
4068,767414,5,1.0,1643,21977,2.0,1,0,4,11,410,1233,1972,0,98075,47.6871,-122.4928,5800,19554
4069,470638,4,4.0,1433,40798,3.0,0,0,3,9,1110,323,1953,0,98187,47.244,-121.5379,1421,28222
4070,637817,3,5.0,1960,20779,3.0,0,0,3,13,896,1064,1969,0,98050,47.1472,-121.3913,826,34050
4071,1165364,3,4.0,6448,19962,1.5,0,0,3,3,6087,361,1950,0,98069,47.6537,-122.1999,5534,9209
4072,768711,7,1.5,3223,37526,3.0,0,0,4,8,2852,371,1978,0,98157,47.5483,-121.5136,5709,23261
4073,1492753,3,1.5,7579,7255,2.0,0,0,4,9,6629,950,1929,0,98183,47.6625,-122.3067,1219,3568
4074,879511,7,1.0,3012,10862,2.5,0,2,4,7,1573,1439,1929,0,98119,47.4966,-122.4805,5633,38720
4075,233868,1,3.5,785,24099,1.0,0,0,3,7,300,485,1915,2014,98089,47.4,-121.7745,2470,35151
4076,481310,7,3.5,764,9947,1.5,1,0,3,9,300,464,1922,1989,98195,47.7742,-121.7246,1432,39490
4077,667685,4,5.0,2867,5582,2.0,0,0,4,5,1467,1400,1930,0,98030,47.646,-122.3198,5823,13927
4078,1399066,6,2.5,7316,3465,1.5,0,0,4,5,6565,751,2017,0,98148,47.3883,-121.885,5920,5932
4079,683850,7,2.5,3947,1169,2.5,0,0,3,3,2611,1336,1911,0,98067,47.7353,-122.0374,1406,31916
4080,1594769,3,3.5,7463,35060,3.0,0,3,2,10,6162,1301,1984,0,98061,47.7954,-122.4085,5940,10974
4081,1157241,4,4.5,6732,21419,3.0,0,0,3,4,6411,321,1902,0,98044,47.3158,-121.8907,2963,22788
4082,1298491,7,4.5,6273,45707,2.0,0,0,3,5,5719,554,1966,0,98056,47.7247,-121.7978,3896,4617
4083,1513359,7,4.0,5822,41850,2.5,1,4,4,9,4765,1057,1937,1996,98079,47.1318,-122.2394,5908,10511
4084,1109220,3,2.5,5416,21283,1.0,0,1,3,12,5303,113,1985,0,98188,47.25,-121.6123,1333,11965
4085,600667,5,3.5,2262,39232,1.0,0,0,3,12,2261,1,1984,0,98169,47.2126,-122.4129,4333,2181
4086,958839,5,4.5,3548,7148,3.0,0,0,5,13,2799,749,2014,0,98078,47.3496,-121.8388,1664,29187
4087,923706,7,3.0,2881,47329,2.5,0,2,3,10,2123,758,2007,0,98040,47.4938,-122.1359,5588,20999
4088,750835,5,2.0,2769,45653,2.5,0,0,3,11,1710,1059,1915,0,98050,47.604,-121.9767,5370,11532
4089,350130,2,1.5,540,23278,2.0,0,0,3,10,300,240,1981,0,98138,47.732,-121.4278,534,23576
4090,1180159,3,1.0,6327,11957,1.0,0,0,3,9,5143,1184,1903,0,98017,47.211,-121.6961,2822,2245
4091,403615,2,4.0,567,6344,2.0,0,0,3,12,300,267,1919,1999,98015,47.5048,-122.3213,5205,29897
4092,399216,4,1.5,1487,19355,1.5,0,0,4,3,300,1187,2021,0,98093,47.4883,-121.4364,5269,17799
4093,1167368,2,2.0,6395,39787,2.5,0,0,3,3,5823,572,1944,0,98181,47.4209,-122.0526,3513,1187
4094,1327327,4,2.0,7157,19615,1.0,0,0,3,13,7075,82,1912,0,98051,47.5862,-122.0905,2253,39308
4095,1422646,7,3.0,6217,29677,2.0,0,2,3,10,5184,1033,1994,0,98121,47.4594,-121.8982,4490,7919
4096,1108293,4,2.5,4508,7464,3.0,1,0,3,9,4075,433,1901,0,98066,47.4851,-122.2536,690,11328
4097,1260398,4,3.5,6251,21307,1.5,0,0,3,4,5634,617,1993,0,98026,47.7323,-121.4029,1789,5139
4098,1051881,6,1.0,3698,16193,2.0,1,0,3,11,2442,1256,1930,0,98038,47.7022,-121.9385,2327,19550
4099,1243319,2,1.5,5874,2514,3.0,0,1,4,12,4629,1245,1927,0,98125,47.5041,-122.0274,3537,28518
4100,1064508,6,3.0,5290,39614,1.0,0,0,3,9,4501,789,1972,0,98092,47.2093,-122.2948,5210,11104
4101,1553776,7,2.5,7683,23347,1.0,0,1,2,11,6814,869,1958,0,98030,47.7711,-121.5368,2535,18770
4102,818483,3,2.0,3024,26612,1.5,0,0,3,13,2704,320,1910,0,98055,47.5359,-121.3566,3476,39494
4103,545339,2,1.5,1585,10786,3.0,1,0,3,3,788,797,1934,0,98137,47.6652,-121.4565,956,32810
4104,1639733,3,4.5,7524,36128,2.5,0,2,3,13,6646,878,1948,0,98016,47.1385,-122.3062,1138,38056
4105,662296,3,4.0,2979,37141,1.0,0,2,3,5,1674,1305,1943,1986,98024,47.7278,-121.5981,2196,26161
4106,848029,4,1.5,2193,27737,2.5,0,0,4,12,1050,1143,2000,0,98020,47.5854,-122.255,3434,33584
4107,586077,2,1.5,2815,22403,2.5,0,0,3,4,2753,62,2009,0,98062,47.5798,-122.4534,570,15240
4108,1328098,3,5.0,5654,2043,2.0,1,0,3,8,4462,1192,1957,0,98052,47.1771,-121.9186,2492,39613
4109,504111,5,3.5,1278,3451,2.0,0,0,4,12,627,651,1950,0,98126,47.599,-121.6955,4784,36404
4110,1034386,3,2.5,5089,9289,1.0,0,0,3,6,3793,1296,2017,0,98078,47.1536,-122.3509,3459,11929
4111,393156,5,4.0,2085,9881,2.5,0,0,3,4,1428,657,1916,0,98052,47.1391,-121.7734,4787,16654
4112,558312,2,4.0,1992,48245,2.0,0,3,3,4,1287,705,1989,0,98043,47.3277,-121.4876,687,26968
4113,1335894,7,4.0,6386,31990,3.0,0,2,4,8,6018,368,1903,0,98096,47.1162,-122.2492,5579,36447
4114,483296,6,3.0,1160,33675,3.0,0,0,4,11,689,471,1932,0,98138,47.2117,-121.9867,4097,4377
4115,571420,2,2.5,1848,37637,3.0,0,0,3,8,1093,755,1961,0,98066,47.6083,-121.9014,5025,13446
4116,1256403,6,1.0,5923,14713,3.0,0,1,3,6,4605,1318,1980,2004,98071,47.6844,-121.5025,2512,11730
4117,628126,6,4.5,1799,19145,2.5,0,0,3,11,702,1097,2005,0,98193,47.2257,-121.5743,4504,5577
4118,836270,2,3.5,4440,31307,3.0,0,0,3,4,3562,878,1971,0,98101,47.6763,-121.5768,5081,20132
4119,582922,3,2.0,2486,48086,2.5,0,0,3,8,1558,928,1989,0,98015,47.4364,-121.6852,3782,32152
4120,1500781,1,4.5,7656,47719,1.0,0,0,2,9,6673,983,1942,0,98075,47.7705,-121.7587,3449,27319
4121,660807,3,4.5,2544,16698,1.0,0,0,4,5,1062,1482,1983,0,98084,47.1975,-121.8893,4152,10729
4122,1645823,3,5.0,7868,24807,3.0,0,4,3,6,7221,647,1941,0,98050,47.1375,-122.0565,2814,4835
4123,974385,7,4.5,4016,49575,3.0,0,0,3,9,3414,602,1950,0,98041,47.6916,-121.8841,4794,37973
4124,1353010,4,5.0,6524,38737,3.0,0,0,4,11,5978,546,1937,1982,98060,47.3534,-121.4755,3709,6893
4125,1186276,4,2.0,5943,8363,1.0,0,0,4,7,5737,206,1942,0,98033,47.42,-121.8153,4443,17456
4126,768075,3,4.5,1558,5201,2.0,0,2,3,13,770,788,1947,0,98052,47.4583,-121.3173,5609,32425
4127,702329,5,4.5,1476,35266,1.0,1,2,4,4,300,1176,1941,0,98166,47.6776,-122.329,2516,27852
4128,1054799,7,2.0,5077,2590,3.0,0,0,3,10,4954,123,1956,0,98122,47.1532,-121.9706,1134,3461
4129,537686,6,1.5,1227,7443,2.0,0,2,3,11,955,272,1953,0,98192,47.4858,-122.2597,2750,36993
4130,848618,4,5.0,3027,22178,2.0,0,0,2,13,1622,1405,1996,1987,98138,47.4014,-122.0619,5189,36389
4131,956065,3,2.0,3636,10598,1.5,0,0,3,13,3163,473,2003,0,98096,47.3382,-121.5523,2422,21622
4132,1045623,7,4.5,5627,28299,2.5,0,0,3,4,5274,353,1916,0,98100,47.3437,-121.5103,5649,6729
4133,1452767,1,1.0,7968,1385,3.0,0,0,3,12,7872,96,1950,0,98178,47.7512,-122.4619,1830,19648
4134,463676,5,1.0,842,3089,2.5,0,0,2,12,761,81,1908,0,98191,47.2877,-121.356,4685,12741
4135,447095,2,3.0,1947,10721,1.5,0,0,3,3,1411,536,1983,2006,98059,47.4182,-121.4538,1926,5815
4136,709738,3,2.0,2879,13133,2.5,0,0,3,6,1495,1384,1907,0,98140,47.445,-121.414,4350,17575
4137,1346897,7,4.0,7081,21254,3.0,0,0,3,3,5997,1084,2004,0,98058,47.6039,-122.0479,1080,6357
4138,794724,3,3.5,4159,20780,1.5,0,0,3,3,3042,1117,1962,0,98009,47.4633,-121.9036,1036,6673
4139,1330062,6,1.5,6817,13691,2.5,0,0,3,7,5838,979,2011,0,98177,47.5349,-122.2978,5897,26162
4140,1379416,5,1.5,7202,6413,1.0,0,0,3,9,6838,364,2009,1996,98189,47.3792,-122.0238,2720,38278
4141,419473,4,2.5,1026,31207,2.0,0,0,5,5,300,726,1955,0,98081,47.603,-122.3486,5836,36462
4142,775359,4,1.5,2396,26182,1.5,0,2,3,9,1639,757,1969,0,98105,47.4261,-121.4641,3626,1661
4143,1045083,4,4.0,5254,20323,1.0,0,3,3,7,4366,888,1908,0,98051,47.2559,-121.8026,691,17231
4144,768112,2,2.5,2573,25664,3.0,0,0,3,12,1254,1319,1974,0,98173,47.6719,-122.3368,5572,7157
4145,1278324,7,1.5,5415,25963,2.0,0,0,3,13,4734,681,2017,0,98067,47.6358,-121.4451,3149,32668
4146,1655286,5,3.0,7248,38460,1.5,1,0,2,10,6397,851,2010,0,98114,47.5392,-122.4036,2166,2606
4147,719571,5,1.5,905,47397,2.0,1,3,3,9,300,605,2010,0,98105,47.4654,-121.3877,535,33495
4148,1178226,4,1.5,6875,29288,1.5,0,0,3,3,6706,169,1904,0,98080,47.2459,-122.3731,619,25988
4149,1267941,4,2.0,7176,26513,1.5,0,2,3,3,6271,905,1971,1995,98018,47.7078,-121.6384,3028,33370
4150,536328,6,4.5,2073,38554,2.5,0,0,2,9,1211,862,1963,0,98189,47.168,-121.7256,4167,10846
4151,1353210,1,4.5,6407,5720,2.0,0,3,3,8,6109,298,1951,0,98178,47.3682,-121.5608,5857,21882
4152,1066402,1,4.5,5100,45324,2.0,0,0,3,11,4393,707,1934,0,98142,47.6968,-121.8223,5190,21890
4153,1193792,3,2.5,4240,32146,1.0,0,4,4,10,3384,856,2015,0,98138,47.5169,-122.0801,3611,13235
4154,967442,3,2.0,4774,38620,3.0,0,0,3,8,4107,667,1959,2017,98134,47.407,-122.1707,1848,28640
4155,1150897,5,3.0,4727,22949,1.0,0,3,3,8,3808,919,1988,0,98003,47.654,-121.3654,1299,38901
4156,787058,5,4.0,2346,42266,2.5,0,0,3,11,1538,808,1999,0,98113,47.7927,-121.9705,5349,2809
4157,538579,2,5.0,1978,4636,1.5,0,0,3,6,638,1340,1938,0,98086,47.2322,-121.4894,2977,17817
4158,820681,2,1.5,2895,44520,2.5,0,2,3,11,2004,891,2012,0,98130,47.1355,-121.6323,5546,35922
4159,1432490,1,1.0,7183,15223,2.5,0,1,3,13,6920,263,2007,2016,98076,47.4241,-121.7126,5243,10926
4160,558433,3,4.0,1271,37097,1.0,0,0,3,13,792,479,1905,2016,98121,47.3012,-121.3353,1110,29764
4161,1407989,1,4.5,6025,4641,1.5,0,0,4,10,5066,959,1987,0,98129,47.5667,-121.8215,4639,39087
4162,1366101,1,4.5,6719,41976,3.0,0,1,3,5,5435,1284,2018,0,98180,47.446,-121.6204,4068,14346
4163,613219,3,3.5,1078,5309,2.5,0,3,3,13,558,520,1920,0,98101,47.4493,-121.4804,4791,14683
4164,745433,7,5.0,3401,15543,3.0,0,0,4,6,2596,805,1935,0,98141,47.3485,-122.4448,3349,36986
4165,1241687,2,3.0,6111,17076,1.5,0,0,3,9,5045,1066,1917,2009,98032,47.2475,-121.3044,2662,19215
4166,497043,6,4.5,693,5614,1.5,0,2,3,5,300,393,2011,0,98153,47.2494,-122.1854,4814,4194
4167,599177,6,5.0,2507,26969,1.0,0,0,3,5,1090,1417,1900,0,98166,47.3709,-121.657,3557,9703
4168,641788,6,4.5,1685,29989,2.0,0,2,2,10,1162,523,1992,0,98133,47.5773,-121.3557,4808,22035
4169,700295,3,2.0,2894,23036,1.0,0,2,3,7,1516,1378,1916,0,98101,47.336,-121.5842,4812,34619
4170,765832,4,2.0,3498,10694,3.0,0,1,2,7,2500,998,1968,0,98146,47.3282,-122.2245,715,5264
4171,1396931,4,3.0,5980,6880,1.0,0,1,3,10,5579,401,2020,0,98138,47.3975,-122.0652,826,5750
4172,922275,4,3.0,2292,6070,1.5,0,4,3,8,798,1494,2018,0,98181,47.7936,-122.003,5215,5403
4173,641871,5,4.5,1610,22334,2.5,0,2,2,7,959,651,2013,0,98162,47.1639,-121.7964,3759,39723
4174,893653,2,1.5,4505,31708,2.0,0,2,4,3,3195,1310,1905,0,98030,47.3063,-121.7765,2204,13161
4175,1392013,2,2.0,7929,23196,1.5,0,0,4,7,7647,282,1957,0,98160,47.3044,-121.5545,4675,25966
4176,828034,7,4.0,2761,49296,2.5,0,0,3,10,2229,532,2018,0,98139,47.7822,-121.4684,4589,35706
4177,971640,7,1.5,4236,19925,3.0,0,0,5,11,3341,895,1944,0,98086,47.385,-122.3926,4738,20637
4178,957365,5,,4293,42693,3.0,0,1,3,8,4025,268,1971,0,98158,47.4969,-122.1722,3605,39733
4179,862835,1,2.5,2436,23629,3.0,0,0,4,13,1675,761,1988,0,98001,47.2387,-122.0876,3301,25777
4180,1516944,7,3.5,7216,11521,1.0,0,0,3,12,5912,1304,1982,1996,98006,47.1089,-122.484,1976,20723
4181,1045135,6,1.5,5375,2605,3.0,0,0,4,5,4275,1100,1947,0,98078,47.3375,-121.9989,4423,2606
4182,1074042,4,4.5,4857,40128,3.0,0,1,4,10,4148,709,1949,0,98184,47.5473,-122.0694,2521,26088
4183,531883,6,3.0,1229,33974,1.0,0,2,3,7,300,929,2002,0,98195,47.5841,-121.8695,1560,32254
4184,1063285,4,4.5,4878,31522,2.5,0,3,3,4,3600,1278,1955,0,98058,47.6277,-122.3798,4073,27993
4185,1076047,6,3.0,6086,31761,1.5,0,0,4,3,5107,979,1908,0,98095,47.7025,-122.0032,1660,9072
4186,1035513,1,2.0,3951,4141,2.0,0,0,3,13,3527,424,2021,0,98124,47.1809,-121.7831,1133,25715
4187,1068818,6,1.5,4957,18942,3.0,0,0,3,10,3930,1027,1991,2008,98147,47.158,-121.5354,2584,36577
4188,1111097,6,1.0,5036,2464,3.0,1,0,3,4,4953,83,1961,0,98189,47.6514,-121.5803,1404,29856
4189,803197,3,3.0,2640,13150,3.0,0,0,3,13,2427,213,2016,0,98062,47.405,-122.0142,2438,22125
4190,579498,6,1.5,2144,21788,1.0,0,0,2,5,1353,791,2020,0,98071,47.763,-122.0326,2394,2230
4191,900656,3,2.5,3300,9957,1.0,0,0,3,11,2644,656,1930,0,98163,47.7604,-122.455,4543,13876
4192,1078601,2,3.5,5462,7013,1.0,0,0,3,3,4562,900,1964,0,98171,47.1992,-122.4008,3635,8761
4193,1160042,5,2.0,6043,32179,2.0,0,0,4,10,5987,56,2004,0,98005,47.5839,-121.4531,5883,5118
4194,185556,6,1.5,641,25782,1.5,0,0,3,4,300,341,1960,0,98128,47.147,-121.5329,3199,33693
4195,1124396,2,4.0,5910,29871,3.0,0,0,3,10,4942,968,1909,0,98046,47.3824,-122.4747,5123,8278
4196,510933,7,5.0,1955,21138,2.5,0,0,2,4,1555,400,1952,0,98035,47.6892,-121.4408,4188,22561
4197,1456045,7,1.5,7392,45719,3.0,0,0,4,9,6441,951,1963,0,98100,47.4227,-121.7633,2934,13465
4198,1329886,3,1.5,6471,41338,3.0,0,0,3,5,5507,964,1963,0,98101,47.1235,-121.5377,3195,24260
4199,1281455,6,5.0,6443,24586,3.0,0,0,4,6,5922,521,1949,0,98124,47.2682,-121.897,581,12082
4200,1414757,6,1.0,6308,2044,3.0,0,4,2,13,6039,269,1985,0,98164,47.1605,-122.3192,5181,20673
4201,1281225,1,5.0,7296,45561,1.5,0,0,3,3,6780,516,1964,0,98004,47.3858,-122.0717,1743,30361
4202,1141555,2,1.0,5296,10692,2.5,0,0,3,12,4450,846,1976,0,98189,47.5877,-121.96,5354,32944
4203,1056305,4,4.5,5593,10050,1.0,0,3,2,3,5182,411,1913,0,98002,47.5623,-121.5953,5350,28899
4204,701601,4,2.0,2596,8241,2.5,0,0,4,13,1231,1365,1922,0,98101,47.6033,-121.5248,816,9881
4205,595540,1,5.0,1825,20636,3.0,0,0,3,12,1686,139,2002,0,98163,47.3687,-121.6103,1460,17336
4206,1238148,3,2.5,5476,33004,2.5,0,0,3,13,4475,1001,1927,0,98046,47.2857,-121.928,2769,19356
4207,822949,4,3.5,1713,46461,3.0,1,0,4,10,1450,263,1992,0,98004,47.1399,-121.7036,4973,13946
4208,468744,4,1.5,1659,19551,2.5,0,0,3,10,1211,448,1957,0,98128,47.7591,-122.1454,5821,9243
4209,986485,7,2.0,5150,17567,2.0,0,0,1,4,3900,1250,1939,0,98188,47.1828,-121.3146,5218,9636
4210,1126543,7,4.0,4999,32629,2.5,0,2,4,6,3916,1083,1963,1985,98048,47.2248,-122.2982,732,21133
4211,1148274,5,3.0,5487,10895,1.0,0,0,3,4,4384,1103,1996,1997,98120,47.1175,-121.6317,4353,2111
4212,1649869,2,4.5,7508,12520,1.0,0,3,4,10,6430,1078,1901,0,98004,47.322,-122.3141,3812,30033
4213,1056422,3,2.5,5197,39348,2.5,0,3,4,9,4592,605,1942,1992,98198,47.6732,-122.163,5323,15938
4214,1437042,6,4.5,6426,27010,2.5,0,4,3,9,6000,426,1996,0,98051,47.3326,-121.6014,3911,2940
4215,540061,2,3.0,840,45464,1.5,0,2,3,12,319,521,1987,0,98017,47.5662,-121.6251,3348,12995
4216,825504,3,5.0,4328,5719,2.5,0,0,2,5,4103,225,1911,2005,98004,47.7759,-122.3506,3007,14534
4217,958213,4,5.0,2468,19745,1.0,0,1,3,13,2353,115,2003,1993,98086,47.7248,-121.6857,3179,38344
4218,364928,5,2.5,1203,39480,2.0,0,0,4,7,300,903,1991,0,98185,47.226,-122.2554,5480,4863
4219,981604,2,4.5,4913,23983,1.0,0,2,3,3,3550,1363,1934,0,98135,47.3514,-121.3324,2872,35214
4220,1558898,4,4.5,7261,42563,1.5,0,0,3,12,6131,1130,1973,1995,98176,47.6258,-121.7763,5706,27834
4221,1313750,3,2.0,5982,38145,2.5,0,0,3,13,5450,532,2010,0,98092,47.7844,-122.4958,4099,9348
4222,778149,2,3.5,2929,3835,2.0,0,3,3,6,2599,330,2007,2013,98077,47.6012,-122.2499,5404,3953
4223,1298959,6,1.5,6876,13626,1.0,0,0,3,6,6776,100,1997,0,98161,47.2765,-122.2245,2913,15736
4224,620112,2,4.5,2300,43125,2.0,0,0,4,3,1062,1238,2020,0,98077,47.193,-122.2035,590,2440
4225,1204304,4,1.5,5963,5729,3.0,0,0,3,9,5408,555,1968,2015,98196,47.4466,-121.8315,4609,34834
4226,1136297,2,1.5,6168,43147,1.0,0,1,4,7,5946,222,1962,0,98128,47.2351,-122.2533,528,11707
4227,1000432,6,2.5,5412,21635,3.0,0,0,3,3,4179,1233,1940,0,98184,47.2593,-122.0046,4730,36117
4228,1103877,5,3.5,5148,42479,2.0,0,0,3,7,3781,1367,1963,0,98025,47.5441,-122.292,927,18792
4229,525092,5,4.5,1355,41240,2.5,0,2,3,10,605,750,1917,0,98084,47.4604,-121.6997,5953,30411
4230,729966,4,,2312,37064,2.5,0,0,4,12,1885,427,1969,0,98102,47.1845,-121.8176,3112,26763
4231,693015,3,3.0,3366,49856,2.5,0,0,3,10,2278,1088,1910,0,98163,47.2076,-121.7456,3029,13605
4232,898655,4,1.0,4142,37989,3.0,0,1,4,4,2865,1277,2009,0,98073,47.1136,-121.3391,2877,34044
4233,246459,5,4.0,682,12396,2.5,0,0,4,3,300,382,1964,0,98094,47.2538,-122.0208,3106,18457
4234,716754,1,3.5,3612,28208,1.5,0,0,3,4,3095,517,1922,0,98167,47.7211,-122.2414,3971,24674
4235,1312743,1,3.0,6170,30063,1.0,1,0,3,8,5877,293,1903,2017,98023,47.6551,-121.3015,4642,27821
4236,1008241,2,2.0,4992,15679,1.0,0,0,3,7,4772,220,1906,0,98139,47.3903,-122.4303,5363,29059
4237,1195720,6,3.0,6323,20416,2.0,0,0,3,6,5897,426,1940,0,98079,47.6194,-121.5276,920,6496
4238,1487763,7,2.5,7422,4446,3.0,0,0,3,10,7110,312,1948,0,98117,47.3849,-122.3054,1290,8785
4239,583614,7,4.0,2017,8336,1.0,0,0,4,7,530,1487,1916,0,98022,47.6545,-121.7023,4587,2317
4240,1353815,7,3.0,5502,9263,3.0,1,0,4,6,4921,581,1974,0,98081,47.2274,-121.9314,5107,11431
4241,688539,2,4.5,1856,34125,2.0,0,0,4,13,1605,251,1954,0,98175,47.2068,-121.4932,5933,16823
4242,924196,1,3.0,2674,33468,2.5,1,1,3,10,1980,694,2021,0,98012,47.1546,-121.6227,2482,5781
4243,764703,5,2.0,4129,37498,2.0,0,2,3,3,2994,1135,1926,0,98163,47.2693,-122.2932,3445,23846
4244,867731,2,4.5,4128,45034,1.5,0,0,3,11,2814,1314,1911,0,98034,47.2024,-121.7017,841,38419
4245,931606,7,3.0,4596,48398,2.5,0,0,3,4,4317,279,1946,0,98129,47.659,-122.2395,2525,16911
4246,914140,7,2.0,3739,39415,2.5,0,3,4,10,3446,293,1933,0,98160,47.268,-122.2969,1271,23423
4247,958032,4,3.5,4191,8232,2.5,0,0,4,11,4013,178,1907,0,98132,47.4613,-122.3991,4692,27204
4248,589435,7,2.5,518,44205,2.0,0,4,3,12,330,188,2015,0,98152,47.6293,-122.3636,3569,3430
4249,864703,6,4.5,3903,33068,1.5,0,0,3,10,3736,167,1922,0,98199,47.574,-121.6553,3721,21493
4250,1102687,7,3.0,5179,28920,3.0,0,2,3,11,5126,53,1925,0,98076,47.2432,-121.3095,1196,6463
4251,999347,4,4.0,5051,47428,2.0,0,0,3,6,4736,315,1933,0,98150,47.154,-121.689,2239,27688
4252,931405,7,1.5,3504,1829,1.0,0,0,3,13,3234,270,2019,0,98163,47.7382,-121.6498,2439,2234
4253,1245503,6,2.5,6632,30989,1.0,0,4,3,4,5907,725,1931,0,98157,47.5354,-121.5607,2716,12247
4254,548553,5,5.0,1632,4515,2.0,0,4,3,5,300,1332,1905,0,98113,47.5946,-121.4332,4362,4213
4255,800268,2,4.0,3839,26691,3.0,0,0,4,10,3657,182,1964,0,98145,47.3702,-122.1787,1990,39148
4256,1551246,6,1.5,7088,12227,1.0,0,3,2,7,5805,1283,2020,2010,98156,47.2691,-121.7745,4884,31056
4257,966297,4,2.0,3811,20136,3.0,0,0,4,13,3788,23,1958,0,98047,47.4714,-122.24,3000,3430
4258,1247272,2,2.5,6548,14643,2.5,0,0,3,6,5698,850,1949,0,98169,47.1545,-121.8692,4018,9144
4259,846319,2,3.5,3872,26231,2.0,0,0,4,5,2755,1117,1967,0,98017,47.66,-122.2496,1832,17451
4260,1825808,4,4.0,7245,10560,2.5,1,0,5,13,6990,255,1988,0,98004,47.5582,-122.4232,4966,17708
4261,1239597,1,4.0,6746,33593,1.0,0,1,3,5,5509,1237,1907,0,98041,47.6331,-122.3941,1288,29601
4262,562614,7,3.0,1487,29807,3.0,0,0,3,12,424,1063,1939,0,98134,47.4985,-121.3284,1331,14605
4263,927632,6,4.0,3821,7981,2.5,0,0,3,12,3027,794,1945,0,98172,47.5045,-122.4928,3859,39191
4264,1167077,4,2.5,5115,16282,1.0,0,0,3,9,3629,1486,1983,2003,98152,47.5203,-121.6718,3763,10245
4265,1504063,5,1.5,7820,27033,1.5,0,0,3,13,7385,435,1977,0,98054,47.6489,-121.4352,3996,19277
4266,1203055,3,3.5,5454,6009,2.5,0,0,3,10,4441,1013,1932,0,98105,47.2578,-122.0276,5062,28250
4267,351580,4,5.0,673,44229,1.5,0,0,4,7,300,373,1957,0,98091,47.5771,-121.6503,905,1405
4268,1443923,7,4.0,5962,14907,1.5,0,2,3,10,4728,1234,2015,0,98127,47.4869,-122.0813,1623,14993
4269,954752,7,3.5,4241,38073,1.0,0,0,3,11,4119,122,1902,0,98031,47.4466,-121.8652,3724,37425
4270,750139,2,3.5,3552,16644,2.0,0,0,3,6,2746,806,1978,0,98009,47.4786,-121.3772,4055,36991
4271,1374292,2,4.5,7074,36530,3.0,0,0,4,4,5592,1482,1926,0,98053,47.2905,-122.4492,2624,10584
4272,426825,4,2.5,1226,19208,1.0,0,0,3,7,941,285,1982,0,98124,47.126,-122.1794,2643,26586
4273,784591,3,2.5,4260,2395,2.5,0,0,3,4,2961,1299,1964,0,98002,47.6314,-122.3728,2789,29640
4274,1293453,4,5.0,6306,27971,3.0,0,0,4,12,6063,243,1956,0,98148,47.7413,-121.9049,5591,26365
4275,538622,3,4.5,2375,20844,2.0,0,0,2,4,1614,761,1934,2010,98120,47.4365,-121.5754,3590,17826
4276,1385534,3,2.5,7493,46007,1.0,0,2,3,8,7351,142,1951,0,98106,47.6865,-121.3281,3283,23146
4277,1349137,7,3.0,6277,43554,2.0,0,0,3,12,5958,319,1996,0,98004,47.4887,-122.3135,1573,5184
4278,1170846,7,2.5,4533,49785,2.5,0,2,3,13,3135,1398,1950,0,98172,47.7512,-122.4473,4235,12024
4279,1210836,7,1.5,5943,15490,1.0,0,0,3,12,5511,432,,0,98062,47.4559,-122.334,3632,34223
4280,734290,5,5.0,1489,11945,2.5,1,0,4,3,1368,121,1976,0,98013,47.2434,-121.3375,1859,35563
4281,922260,7,2.5,4244,25709,3.0,0,0,3,4,2986,1258,1951,0,98113,47.7091,-122.1158,856,15163
4282,710613,6,4.5,3186,37079,3.0,0,0,3,7,2393,793,1947,0,98148,47.6602,-122.1794,571,27874
4283,472919,2,2.0,919,5857,2.0,0,0,3,12,491,428,1957,0,98180,47.3786,-121.6179,1958,25983
4284,589595,2,3.0,1093,38730,2.0,0,4,3,7,362,731,1975,0,98134,47.6893,-122.3552,1957,3344
4285,1430967,3,1.0,7128,27066,3.0,0,0,3,12,5979,1149,2002,0,98143,47.1063,-122.0811,3628,24479
4286,459983,2,4.0,2274,6852,1.5,0,0,4,5,1501,773,1925,0,98064,47.6598,-122.3262,5505,35928
4287,712703,1,3.5,2959,16781,3.0,0,0,4,7,2210,749,1926,0,98094,47.5816,-121.3308,2802,15235
4288,487127,3,3.5,1435,22696,1.0,0,0,3,11,1233,202,1923,0,98164,47.3658,-122.1579,5373,14857
4289,1054914,2,1.0,5703,30882,2.5,0,0,3,4,4407,1296,2019,0,98164,47.6541,-122.177,1208,15663
4290,1238967,1,2.0,5732,23325,3.0,0,2,3,8,4535,1197,1980,0,98131,47.1887,-121.7387,3104,27212
4291,932643,5,1.5,4308,31274,3.0,0,0,4,10,3488,820,1910,0,98091,47.2423,-122.4801,4777,23127
4292,350746,2,2.0,831,49782,2.5,0,1,3,5,594,237,1985,0,98123,47.4735,-121.7158,3173,3819
4293,823614,1,3.5,3949,23644,2.5,0,0,3,4,3488,461,1907,0,98040,47.7167,-121.9554,1790,33033
4294,985476,4,3.5,3202,43576,1.0,0,0,4,13,3093,109,2005,2008,98166,47.1911,-122.279,724,23399
4295,1257370,6,3.5,6684,6876,2.5,0,0,3,3,6273,411,1947,0,98045,47.495,-121.9164,1616,4739
4296,886531,4,3.0,4506,11109,2.0,0,0,3,3,4436,70,1931,0,98190,47.6272,-121.3012,4405,26837
4297,1363116,1,2.0,6389,18243,3.0,0,0,3,13,5672,717,1928,2020,98105,47.6203,-121.4934,5344,13657
4298,1169509,3,2.0,5554,24025,2.5,0,0,3,6,4174,1380,2005,0,98120,47.5396,-121.331,1436,15712
4299,965462,7,1.5,4368,21668,1.0,0,0,3,8,3946,422,1995,0,98095,47.7586,-121.3887,2858,3211
4300,1128957,7,4.5,4700,28619,2.5,0,2,3,9,4460,240,2019,0,98066,47.4375,-121.5155,4584,30226
4301,525661,7,3.5,701,38170,3.0,0,0,3,10,300,401,2020,0,98024,47.7162,-122.0983,3740,36891
4302,730789,3,1.5,2997,15760,1.5,0,1,3,10,2279,718,2003,0,98006,47.5337,-121.6241,3019,33222
4303,830077,2,1.5,2342,3253,2.5,1,0,4,12,1664,678,1904,0,98126,47.6162,-122.0302,2093,31839
4304,587227,7,4.5,2366,7132,2.0,0,2,4,3,2240,126,1948,1989,98081,47.4254,-121.9846,3994,37646
4305,693092,4,4.0,2496,7903,3.0,0,0,2,10,2071,425,1912,0,98090,47.2173,-121.4519,2760,9813
4306,1283284,3,3.5,5885,5240,1.0,0,0,2,12,4787,1098,1988,0,98130,47.1764,-122.2538,1083,12405
4307,699979,3,2.5,1409,8797,3.0,1,4,3,3,1132,277,1941,0,98026,47.5776,-122.1441,4904,23316
4308,901990,7,2.0,4805,44430,1.5,0,0,3,5,4312,493,1909,0,98044,47.3635,-121.3834,3680,30273
4309,923482,4,5.0,5158,12795,1.0,0,0,3,7,4771,387,1925,0,98001,47.4972,-121.6605,1086,27028
4310,991026,5,4.0,3689,47374,1.5,0,0,3,13,2919,770,1925,0,98130,47.6222,-122.4221,5096,39011
4311,1462794,3,2.0,7356,47277,1.5,0,0,4,12,6821,535,1984,0,98011,47.6505,-122.3541,577,31089
4312,1367171,7,4.5,6159,33844,2.0,0,3,3,12,4674,1485,1922,0,98158,47.4568,-121.8045,1011,24430
4313,603075,6,4.0,1270,21130,2.5,0,2,3,10,963,307,1943,0,98034,47.3202,-121.5415,3683,34551
4314,825378,1,2.0,3655,33098,2.0,0,2,4,10,2509,1146,1975,0,98061,47.6431,-121.5486,3340,28752
4315,784716,2,2.5,3001,43349,2.0,0,4,3,8,2715,286,1938,0,98091,47.3907,-121.9901,2061,32513
4316,698654,3,1.5,3214,22089,2.0,0,0,3,6,2138,1076,1942,2012,98107,47.7557,-122.1898,3097,14481
4317,1268952,6,1.5,5224,9095,1.0,1,0,3,6,4780,444,1951,0,98162,47.6772,-121.5548,2079,19238
4318,979391,6,4.0,4085,19209,2.5,0,1,3,10,2941,1144,2019,0,98199,47.6228,-121.3671,5408,21980
4319,745254,3,2.0,2128,13444,2.5,0,0,4,13,686,1442,1957,0,98103,47.2689,-121.967,5461,38078
4320,1306442,5,4.5,6297,8427,1.0,0,0,3,5,5198,1099,1988,0,98002,47.3539,-122.3353,1895,21227
4321,410191,1,5.0,886,13928,2.0,0,0,2,10,300,586,1975,0,98064,47.6943,-121.7683,2023,1061
4322,1266418,2,1.5,6531,9350,2.0,0,3,4,6,6448,83,1999,0,98094,47.1162,-122.414,3624,24594
4323,978833,3,3.0,3921,42388,1.5,0,0,3,12,3008,913,1931,1992,98131,47.647,-121.7662,1236,3637
4324,1458292,2,4.0,6939,25912,1.5,0,2,3,11,6064,875,1917,1999,98127,47.3829,-122.2925,2130,27642
4325,1217896,4,4.0,6901,27950,3.0,0,0,3,4,6098,803,1941,1984,98194,47.6595,-121.8808,5637,1701
4326,1295756,6,4.0,5700,39835,1.5,0,0,4,12,5394,306,1983,0,98158,47.4867,-121.7494,767,28725
4327,966470,6,2.5,4508,45912,2.5,0,2,3,3,3040,1468,1901,0,98101,47.4688,-121.9639,1977,2031
4328,1168855,3,3.0,4593,26599,1.0,1,4,3,6,4257,336,1959,0,98163,47.5911,-121.5072,2942,17893
4329,1071964,3,3.5,4863,1555,2.0,0,0,3,11,3459,1404,1932,0,98122,47.6644,-122.0503,4850,10072
4330,866654,4,5.0,2966,2556,3.0,0,0,4,9,2450,516,1945,0,98150,47.5854,-122.314,2317,33185
4331,736354,5,2.5,2782,36094,1.5,0,0,4,11,2682,100,1980,0,98082,47.4155,-121.9433,668,8211
4332,723958,3,4.5,2356,36817,3.0,0,2,3,11,2257,99,1958,0,98062,47.3246,-121.3438,2427,15165
4333,1672659,6,2.0,7978,44041,1.0,0,0,4,12,7806,172,1999,0,98109,47.6919,-121.4438,5459,35670
4334,710089,2,5.0,2498,16715,1.0,0,0,4,11,1043,1455,1993,0,98054,47.4645,-122.1267,868,8599
4335,1512720,1,3.5,7629,38572,3.0,0,1,3,11,6498,1131,1956,0,98188,47.6484,-122.2088,2680,18101
4336,1275943,7,3.0,5976,30470,3.0,0,0,3,9,5195,781,1961,0,98113,47.797,-121.9201,2513,12542
4337,487452,2,3.5,1736,35059,3.0,0,0,3,10,1709,27,1962,0,98038,47.5507,-121.7138,5871,1178
4338,1057625,5,2.0,5169,45013,2.0,0,2,3,4,4413,756,1972,0,98030,47.2948,-121.3879,1913,22060
4339,1080345,1,2.0,4644,36561,2.5,0,3,4,11,3356,1288,1930,0,98130,47.7059,-121.764,3593,25448
4340,362103,2,1.5,1650,28547,1.5,0,3,3,4,1336,314,1938,0,98020,47.2916,-121.4967,5520,20726
4341,918555,2,1.5,4818,34199,1.5,0,0,3,10,4781,37,1984,0,98172,47.2823,-121.6647,5560,26266
4342,1306733,4,2.5,7564,47854,1.5,0,3,3,4,6388,1176,1921,0,98068,47.1518,-122.3782,4320,31539
4343,1651101,7,4.0,7946,8841,3.0,0,1,4,13,7619,327,1916,1989,98112,47.155,-121.4299,646,8440
4344,549068,5,3.5,1931,40125,3.0,0,0,3,10,1884,47,1902,0,98009,47.7036,-122.2606,4342,5190
4345,1073289,6,1.5,6124,49761,3.0,0,0,3,5,5210,914,1931,0,98142,47.2615,-122.06,3099,24248
4346,1418778,4,4.5,7961,14106,2.0,0,0,4,4,7956,5,1932,0,98011,47.1761,-121.4917,3777,34844
4347,670628,1,3.5,2319,17755,2.0,0,1,3,8,882,1437,1963,0,98010,47.3468,-121.3249,3618,11849
4348,1018465,7,5.0,2824,13493,2.0,1,1,4,8,1740,1084,1909,0,98199,47.5995,-122.1273,4467,28014
4349,1130014,6,3.5,6057,14903,2.0,0,1,3,3,5288,769,1904,0,98057,47.3377,-122.0401,1883,7846
4350,577398,4,1.5,1630,11762,1.0,0,0,3,9,300,1330,1967,0,98006,47.3165,-121.9173,2416,25961
4351,1513372,7,3.0,6277,27917,2.0,0,0,3,13,4915,1362,2014,0,98145,47.4416,-121.9024,3995,32020
4352,1281468,5,3.5,7063,15505,2.0,0,0,3,3,5771,1292,1937,2008,98013,47.1148,-121.5996,4426,21612
4353,796859,3,1.0,3158,2158,2.0,0,3,3,6,2342,816,1995,0,98059,47.4438,-121.5195,3982,18150
4354,861272,3,1.0,4000,10005,1.5,0,0,3,8,3993,7,2001,0,98047,47.793,-121.3108,2008,36627
4355,455498,1,1.5,874,11796,1.5,0,0,4,10,300,574,1940,0,98124,47.6595,-121.5349,3039,33188
4356,873628,3,2.0,2620,4202,1.5,0,0,3,13,1958,662,1983,0,98120,47.1493,-122.1403,2121,25293
4357,1023359,4,2.5,4520,32054,2.5,0,0,3,13,4036,484,1972,0,98004,47.5584,-122.0702,5097,32144
4358,671614,1,3.0,2521,3416,1.0,0,0,3,10,1810,711,1960,0,98026,47.4228,-121.7583,2384,29779
4359,1100788,6,1.5,4205,41093,3.0,0,1,3,12,3877,328,1914,0,98032,47.6784,-121.676,834,24180
4360,1188940,5,3.5,5649,49890,2.0,0,0,4,9,4226,1423,1951,0,98184,47.169,-122.392,780,35326
4361,762896,1,3.5,3759,34022,1.5,0,0,3,13,3360,399,1907,2019,98195,47.2629,-122.0876,5704,37905
4362,781880,6,2.0,3935,41544,1.0,0,0,3,7,3156,779,1955,2005,98139,47.6538,-122.2568,1950,3110
4363,604944,1,1.0,2389,35020,2.0,0,0,3,8,971,1418,1997,1989,98118,47.6944,-121.8906,4650,17496
4364,605108,2,1.5,2323,39195,2.5,0,3,3,10,1986,337,1929,0,98186,47.4705,-122.2976,1084,34822
4365,544733,2,2.5,1974,16157,3.0,0,0,4,5,1556,418,1973,2004,98052,47.1138,-121.8031,1996,14513
4366,761980,1,1.5,2742,14103,2.0,0,0,5,8,1509,1233,1977,0,98157,47.7256,-121.9392,1764,14160
4367,1273669,7,2.5,5775,11842,3.0,0,4,3,6,4389,1386,2019,0,98130,47.3679,-122.0153,3599,13461
4368,769402,3,3.5,3743,13260,2.0,0,0,3,5,2754,989,1933,0,98196,47.1278,-121.7213,5450,7518
4369,1308442,2,3.0,7490,6267,2.5,0,1,3,5,6296,1194,1958,0,98049,47.6732,-122.0004,1936,35369
4370,1122438,7,2.0,5660,35401,1.0,0,0,3,6,5560,100,1955,0,98113,47.3926,-122.0209,5964,30339
4371,892918,7,2.5,3634,17350,3.0,0,0,3,8,3221,413,1985,1983,98149,47.233,-121.7187,3015,30390
4372,681567,5,3.5,2570,12775,3.0,0,0,3,13,1999,571,1912,0,98017,47.6611,-122.4313,5014,20456
4373,371277,6,4.5,859,15545,1.0,0,0,4,3,537,322,1950,0,98109,47.4204,-121.981,1908,4484
4374,1390923,4,,7742,41575,3.0,0,2,3,4,7714,28,1958,0,98096,47.5255,-122.2655,5793,28690
4375,1355603,2,3.0,7203,49357,1.5,0,2,3,6,6453,750,1961,0,98131,47.6762,-122.4537,4619,23070
4376,1620145,1,2.5,7315,32120,1.0,1,0,4,12,6287,1028,1928,0,98042,47.4657,-122.4584,5328,27713
4377,716185,3,2.5,2541,12222,2.5,0,0,4,11,1935,606,1992,1997,98176,47.1773,-122.2989,1356,14203
4378,562031,4,4.5,1641,40274,2.0,0,2,3,10,1125,516,1961,0,98116,47.7746,-121.9793,902,29992
4379,564186,6,1.0,2135,31574,2.0,0,0,4,12,1027,1108,1906,0,98095,47.3006,-121.82,5268,3511
4380,1507591,7,5.0,5999,33663,1.0,1,0,4,10,5760,239,1943,0,98159,47.796,-121.5449,4699,15924
4381,1128647,6,3.5,4500,40090,1.5,0,0,3,13,3428,1072,1905,2011,98126,47.1042,-121.7708,2890,10047
4382,847031,2,3.5,2443,16915,2.5,1,0,4,9,2418,25,1998,0,98129,47.4387,-121.8759,3242,5888
4383,1084387,6,1.0,5274,49947,2.0,0,0,3,8,4436,838,1961,2019,98092,47.5935,-122.4564,4647,20554
4384,858835,6,3.5,3861,41725,2.0,0,0,3,9,3448,413,2000,0,98087,47.7344,-122.1425,4964,21476
4385,1317114,3,3.0,7083,46030,1.5,0,0,3,8,5962,1121,1967,0,98116,47.6462,-121.6693,4314,24454
4386,865298,7,1.5,3480,14159,3.0,0,2,4,5,2045,1435,1977,1984,98069,47.2789,-122.1754,5206,8088
4387,256430,3,2.0,506,27188,1.0,0,0,3,8,300,206,1969,2014,98001,47.2703,-121.7868,1743,21926
4388,865932,3,4.5,3767,15022,1.5,0,0,3,9,3494,273,1916,0,98080,47.3496,-121.7753,1123,2208
4389,1306090,1,3.0,7064,28970,1.5,0,0,3,8,5728,1336,1948,0,98036,47.1774,-122.1338,5976,26805
4390,816635,6,2.5,2091,32527,1.5,0,1,3,13,832,1259,1923,0,98101,47.5687,-121.8141,5174,24259
4391,1120701,6,1.5,5428,47243,1.5,0,0,3,4,4196,1232,1976,0,98080,47.7589,-122.3632,2975,23016
4392,1038981,6,4.0,3764,27360,3.0,0,0,3,8,2716,1048,2019,0,98187,47.5495,-121.6276,5349,12658
4393,729795,5,4.0,3106,34484,2.5,0,2,3,4,2462,644,1911,0,98061,47.4734,-122.473,1791,1239
4394,630350,3,3.5,3719,46819,1.5,0,0,4,3,3539,180,1956,0,98076,47.4523,-122.4576,3822,3382
4395,1338431,4,3.0,6406,17697,1.5,0,0,3,12,5810,596,1928,0,98004,47.5148,-121.4557,1517,11612
4396,1056521,2,2.5,3773,49166,1.0,0,4,4,12,3528,245,1987,0,98119,47.5974,-121.8037,3003,16848
4397,590030,7,3.5,1413,8901,2.0,0,0,3,12,651,762,1961,0,98049,47.6565,-122.3045,2325,37203
4398,608292,4,2.0,2511,22924,3.0,0,0,3,7,2071,440,1997,0,98041,47.5888,-121.778,4585,13944
4399,564565,7,5.0,1942,22901,1.5,0,0,3,6,1317,625,1977,0,98188,47.5935,-122.0562,3513,1082
4400,1210460,1,3.5,6046,49665,2.5,0,2,3,11,5579,467,1926,0,98121,47.7662,-122.1762,930,22826
4401,813569,1,2.0,3554,39766,2.5,0,0,4,11,2590,964,1904,0,98021,47.7295,-121.5264,2580,2577
4402,1246111,7,3.0,6098,42734,2.5,0,1,1,11,5100,998,1939,0,98040,47.6767,-121.9272,3358,33949
4403,801693,6,4.0,4046,48707,1.0,0,1,3,5,3308,738,1946,0,98093,47.1304,-122.1478,3327,32783
4404,983184,4,1.5,4721,31087,2.5,0,0,3,12,3956,765,1908,0,98079,47.5682,-121.3676,1034,2138
4405,1233629,6,2.0,7038,49590,1.0,0,1,3,5,6812,226,1915,0,98078,47.4185,-122.302,4319,4154
4406,1013692,5,3.5,5412,13011,3.0,0,0,3,5,4652,760,1912,0,98102,47.5323,-122.3296,5105,8622
4407,1136922,1,2.5,3428,43922,2.5,1,0,3,13,2124,1304,1953,1996,98168,47.5804,-122.3832,4556,36975
4408,539972,1,4.0,2329,3083,2.0,0,0,3,12,1816,513,1914,2006,98155,47.6003,-122.3507,626,6188
4409,453535,4,1.5,1075,21479,1.5,0,0,3,7,864,211,1999,0,98170,47.7086,-122.1967,5732,23501
4410,1440748,1,4.0,6968,18520,3.0,0,0,3,8,5909,1059,1924,0,98104,47.737,-121.6618,4697,4317
4411,1265266,5,1.5,6011,10658,2.0,0,0,3,8,5463,548,1915,0,98126,47.5248,-121.6938,1751,37024
4412,321787,5,1.0,1429,25962,3.0,0,0,3,5,660,769,1943,0,98164,47.7259,-121.5838,3427,23108
4413,917491,5,4.5,4259,4989,2.5,0,0,3,4,2996,1263,2015,0,98139,47.6352,-121.8093,1473,14758
4414,987879,2,3.5,4199,43901,3.0,0,1,4,8,2812,1387,2017,0,98077,47.2419,-121.9089,2846,1744
4415,551792,5,2.5,1963,18119,3.0,0,0,3,6,1533,430,2007,1993,98035,47.1247,-121.9817,5160,11012
4416,1136990,5,2.0,3775,14733,3.0,0,2,3,11,2661,1114,1994,0,98085,47.1069,-121.4504,3325,25244
4417,1010216,2,3.5,5428,8638,1.0,0,1,3,4,4218,1210,1946,0,98037,47.5106,-122.0878,4319,15230
4418,422705,6,3.0,1554,40604,2.0,0,0,3,6,1295,259,2000,0,98140,47.4651,-121.4302,1979,2163
4419,1386382,3,5.0,6244,9311,2.5,0,0,3,13,5895,349,1932,1986,98178,47.5875,-122.1694,693,39672
4420,797545,1,5.0,2400,43964,1.5,0,0,3,13,1694,706,1983,0,98153,47.69,-122.3112,4081,34082
4421,483635,5,3.5,1957,17003,2.5,0,2,3,4,1912,45,1925,0,98063,47.2151,-122.1938,5387,19413
4422,1426918,1,3.0,7480,45052,2.5,0,0,3,7,6604,876,1998,0,98119,47.6995,-121.9012,1593,19894
4423,1462781,4,3.0,7569,26811,1.0,0,0,3,5,6700,869,1939,0,98108,47.1687,-121.3889,2449,32570
4424,489265,1,3.5,1899,26336,1.0,0,0,3,6,1673,226,1970,0,98010,47.7183,-122.2872,1747,9406
4425,939066,7,1.5,3915,24924,3.0,0,0,3,11,2773,1142,1944,0,98058,47.6953,-121.8041,1131,25082
4426,470329,6,2.5,942,20445,2.5,0,0,2,12,300,642,2005,0,98103,47.5879,-122.2387,4159,7325
4427,1037462,2,1.5,4150,14740,2.0,0,0,3,13,2889,1261,1994,0,98003,47.31,-121.6868,5819,28932
4428,1228816,1,1.5,6718,38180,1.0,0,0,3,7,5594,1124,1980,0,98197,47.1654,-121.942,2748,18143
4429,1136217,1,2.0,5152,15073,1.0,0,3,3,11,4362,790,1942,0,98055,47.6447,-121.6198,3673,20175
4430,596688,1,3.0,1678,26310,2.0,0,4,3,7,1345,333,1971,2014,98140,47.2525,-121.4727,4799,22879
4431,1375895,3,4.0,6633,17567,1.0,0,0,3,12,6078,555,1922,0,98045,47.4087,-122.0983,5183,12818
4432,1093491,3,3.0,4958,24906,2.0,0,1,4,11,4958,0,1946,0,98169,47.4716,-121.3742,1832,33373
4433,1570145,4,2.5,7091,13232,1.5,0,3,3,10,6361,730,1943,0,98096,47.5798,-121.9379,2593,11230
4434,428924,2,1.5,1757,14604,2.0,0,0,3,3,1030,727,1981,1985,98170,47.4412,-121.376,682,35085
4435,788316,1,3.0,4134,14176,1.5,0,0,3,5,2971,1163,1941,0,98033,47.5862,-122.2233,645,20340
4436,657345,1,2.0,2341,46841,3.0,0,3,2,7,1419,922,1911,0,98070,47.6698,-121.4235,4868,11741
4437,728167,1,3.5,2809,17928,3.0,0,0,3,5,1510,1299,1993,0,98006,47.5991,-122.0996,3483,20049
4438,1371374,1,5.0,6446,35572,1.0,0,3,3,12,6080,366,1935,0,98130,47.3097,-121.5991,5272,1111
4439,1241037,3,1.5,6768,17288,2.0,0,0,3,3,6145,623,1978,0,98154,47.726,-121.3382,3090,1894
4440,616499,6,2.0,1410,44760,1.0,0,0,3,13,300,1110,1981,0,98048,47.4854,-121.4054,723,15002
4441,953433,6,3.0,4840,31503,2.0,0,0,3,4,4540,300,1988,0,98057,47.4258,-121.9436,2407,3810
4442,928793,4,5.0,5137,12364,1.0,0,0,3,4,4114,1023,1912,0,98069,47.5025,-122.0861,3544,21000
4443,863921,7,4.0,4509,5545,3.0,0,0,4,6,3416,1093,1987,0,98174,47.4383,-121.7648,1832,14111
4444,1488420,5,4.5,7128,2131,3.0,0,0,4,8,6256,872,1980,0,98176,47.6286,-121.653,1693,38126
4445,573481,2,2.5,2669,41540,1.0,0,0,4,4,1218,1451,1964,0,98041,47.3945,-121.8517,983,39171
4446,999245,6,5.0,2672,3652,2.0,1,0,2,8,1462,1210,2019,0,98107,47.6437,-121.4818,4342,13036
4447,1374715,7,1.5,6168,43415,2.5,0,0,4,13,6011,157,2000,0,98016,47.6321,-122.4301,5323,33378
4448,1549891,1,1.0,6813,20495,2.0,1,2,4,3,5459,1354,2012,0,98180,47.2938,-121.7804,845,29473
4449,355370,6,4.5,623,2652,1.0,0,0,4,10,300,323,1926,2003,98012,47.1672,-121.8697,3783,26376
4450,1435580,4,4.5,7702,36716,2.0,0,2,3,5,6270,1432,1919,0,98015,47.6957,-122.4528,5953,4905
4451,905248,5,1.5,3658,45451,1.5,0,2,4,10,3195,463,1917,0,98101,47.2182,-122.4847,3411,22608
4452,1341466,6,1.5,7289,39686,2.0,0,0,2,5,7207,82,1963,0,98021,47.1218,-121.7726,1403,12494
4453,1109850,4,1.0,6327,46206,3.0,0,0,3,3,5449,878,1908,0,98153,47.3816,-122.3584,5032,15276
4454,402604,3,1.5,1285,35831,3.0,0,3,3,6,1272,13,1973,0,98158,47.2779,-121.5778,3608,26592
4455,1565045,5,2.0,6639,48175,1.5,1,1,4,5,5485,1154,2017,0,98033,47.2543,-121.3609,4824,34238
4456,1358800,4,5.0,6844,27120,2.0,0,0,2,10,5625,1219,1924,0,98194,47.2206,-122.2871,5694,31946
4457,748842,7,3.5,2916,14493,2.5,0,1,3,3,2237,679,2012,0,98033,47.6244,-121.5417,3129,1069
4458,552287,6,4.0,1296,32169,2.0,0,0,4,11,368,928,1900,0,98156,47.6484,-121.7903,3987,26435
4459,1086404,3,4.0,4672,9081,3.0,0,0,3,13,3437,1235,1958,0,98090,47.1325,-121.9625,4001,30260
4460,1130491,7,3.0,4654,22550,3.0,0,0,4,11,4448,206,1935,0,98041,47.4828,-121.7196,4932,27438
4461,1396921,4,4.0,7074,31802,1.0,0,0,4,8,5916,1158,1917,0,98129,47.1946,-121.5372,2352,38471
4462,1469106,4,3.5,7281,15116,3.0,0,4,2,7,7174,107,1946,1982,98063,47.4497,-121.3352,3497,22476
4463,1400053,7,2.5,6119,33295,1.0,0,2,2,13,5489,630,1978,0,98163,47.3436,-121.7074,3029,12247
4464,633023,6,3.0,2436,9263,3.0,0,0,3,7,1706,730,1932,0,98176,47.2413,-121.6037,2262,35517
4465,644932,5,3.0,2656,41775,3.0,0,0,5,8,2492,164,1921,0,98039,47.7636,-121.771,3465,26698
4466,1115329,3,4.5,4307,7601,2.5,0,0,4,9,3447,860,1987,0,98148,47.7697,-121.8219,5810,20695
4467,1668615,1,5.0,7651,9322,1.0,1,0,3,10,7498,153,1964,1997,98077,47.4948,-122.4223,2521,2205
4468,388830,2,2.5,1801,48298,1.0,0,0,3,5,1455,346,1910,0,98166,47.2316,-122.3139,2229,24442
4469,1137195,5,4.0,4663,4803,3.0,0,0,3,12,3615,1048,2006,0,98023,47.5083,-122.0449,2003,20863
4470,748897,3,1.5,3640,26187,1.0,0,0,4,3,3291,349,1925,0,98140,47.7499,-121.7206,1125,36424
4471,901194,7,4.0,3736,42980,3.0,0,0,3,7,2258,1478,1989,0,98006,47.3644,-122.409,3594,2875
4472,966715,4,2.5,2852,29314,3.0,0,3,3,13,2103,749,1969,0,98098,47.1964,-121.8467,1152,6894
4473,644855,7,1.0,2432,9975,2.0,0,3,4,3,1695,737,1996,0,98007,47.5856,-122.4842,783,30738
4474,714165,3,2.5,3221,19062,1.0,0,0,3,4,1980,1241,1962,0,98051,47.5594,-121.5807,3715,5737
4475,587297,7,3.5,864,21144,1.5,0,0,3,10,300,564,1977,0,98014,47.101,-121.6997,1455,18137
4476,1015822,7,1.5,5416,16771,1.0,0,0,4,5,5104,312,1987,0,98016,47.6975,-121.8752,5092,14636
4477,1354458,2,4.5,5998,6070,1.0,0,0,3,13,5123,875,1937,0,98151,47.5625,-121.8146,651,23695
4478,779044,6,1.5,2890,34211,2.5,0,3,3,12,2431,459,1948,0,98018,47.237,-121.3807,1335,23123
4479,444979,2,4.5,1446,12671,1.5,0,0,3,6,1191,255,2004,0,98135,47.1023,-121.412,595,14866
4480,1514769,1,4.0,7542,17580,1.5,0,0,3,13,6052,1490,1916,0,98068,47.7806,-121.5487,2061,1882
4481,1188115,1,2.5,6173,17453,2.5,0,0,3,8,5354,819,1956,0,98025,47.6283,-122.0965,1950,4441
4482,584810,2,2.5,1877,33699,2.5,0,3,4,10,1669,208,1913,0,98033,47.3555,-122.3713,579,10926
4483,502274,5,4.0,1939,39532,1.0,0,0,3,3,1533,406,1982,0,98051,47.403,-122.1143,500,33163
4484,674848,5,3.5,3680,25103,2.0,0,0,3,4,3600,80,1907,0,98023,47.4772,-121.5976,1348,3503
4485,1534745,7,3.5,5357,48238,2.5,1,3,3,13,4004,1353,1955,0,98050,47.603,-121.7668,4099,33270
4486,338354,7,2.5,840,28806,1.5,0,0,3,8,734,106,1922,0,98149,47.2211,-121.6533,1746,37350
4487,811081,4,3.0,3489,41962,1.5,0,0,3,10,2842,647,1943,0,98063,47.237,-122.3736,5551,13894
4488,455395,1,5.0,882,21147,1.0,0,0,3,10,445,437,1965,1997,98149,47.1338,-122.3099,4440,12291
4489,1072883,4,2.0,5599,43047,2.0,0,2,3,5,4562,1037,1902,2016,98122,47.7901,-121.7028,899,34143
4490,579305,1,2.5,2056,29992,3.0,0,2,3,6,1366,690,1952,0,98112,47.7129,-122.0538,4193,8859
4491,435479,2,2.0,799,34906,2.5,0,0,3,12,300,499,1912,0,98027,47.4871,-122.057,3614,2733
4492,345802,5,4.0,638,19359,2.5,0,0,4,6,300,338,1968,0,98154,47.4012,-122.0288,1174,22027
4493,338765,7,4.0,858,24452,1.0,0,0,1,6,300,558,1981,0,98019,47.2662,-121.5449,5222,12183
4494,939908,5,2.0,5431,8738,2.0,0,0,3,4,4314,1117,1900,0,98058,47.5165,-121.6611,4373,37711
4495,529387,2,1.5,2022,27366,1.5,0,0,3,8,1941,81,2000,0,98007,47.5834,-122.3728,4652,17136
4496,980991,4,1.0,3956,2319,1.5,0,0,3,10,3265,691,1920,0,98143,47.5824,-122.0868,1096,39838
4497,598805,4,2.5,2127,28118,3.0,0,0,3,11,1879,248,2007,0,98066,47.1045,-121.6914,4864,2190
4498,1221385,3,2.5,6578,35519,1.5,0,3,3,3,6338,240,1982,2016,98194,47.5914,-121.3286,1210,20382
4499,637101,7,5.0,1803,39946,2.5,1,0,3,3,1639,164,1955,0,98175,47.7065,-121.4053,5919,39339
4500,1454972,7,3.0,7126,22062,3.0,0,0,3,11,5630,1496,2001,0,98046,47.1804,-122.2021,5136,31886
4501,1268237,7,2.0,5504,29000,2.0,0,0,3,13,4195,1309,1997,0,98089,47.6288,-122.4208,3722,18640
4502,654255,1,4.5,1634,46251,3.0,1,0,3,6,581,1053,1901,0,98044,47.6763,-121.8121,1201,21211
4503,1642306,4,3.0,7509,17033,2.0,0,0,3,13,6642,867,1983,2014,98137,47.2933,-122.0125,2117,12960
4504,637338,2,3.5,2686,16433,1.5,0,0,4,9,2228,458,1930,0,98071,47.5985,-122.2799,3761,18616
4505,1096128,4,1.5,5591,38604,1.0,0,1,3,4,5288,303,1912,0,98011,47.1677,-121.718,4472,33658
4506,1414208,5,2.5,7078,3707,3.0,0,3,3,12,6400,678,1913,0,98115,47.5544,-122.3076,3339,33468
4507,1324387,1,5.0,7152,9235,3.0,0,0,3,3,6358,794,2001,0,98056,47.4572,-122.0782,2288,33666
4508,1447293,7,3.5,6916,8884,2.5,0,0,3,13,6005,911,1975,2021,98132,47.6949,-121.5465,2708,33844
4509,904149,6,2.5,3670,17733,2.5,0,0,4,9,2673,997,1956,2013,98125,47.4164,-121.6788,1277,21836
4510,1070501,3,3.5,4335,14077,2.0,0,1,4,8,3411,924,1912,0,98037,47.3997,-121.7715,5128,26877
4511,612022,1,4.5,2651,36082,1.0,0,0,3,5,1938,713,1987,0,98090,47.7536,-121.383,785,6011
4512,663449,5,2.0,1737,13361,2.5,0,0,3,12,1132,605,2003,0,98117,47.754,-122.3495,3239,16920
4513,1394881,7,3.0,6380,39171,2.5,0,4,4,6,5922,458,1994,0,98034,47.125,-121.6708,1920,16252
4514,887572,5,5.0,4235,21142,1.5,0,2,4,3,3197,1038,1913,0,98080,47.4399,-122.3592,1445,26482
4515,1631324,5,1.5,7405,46021,1.5,0,2,3,9,7106,299,2013,0,98105,47.2127,-122.3364,2169,7378
4516,962548,7,4.0,3334,30205,2.5,0,2,3,11,2928,406,1993,0,98047,47.2916,-121.8923,2712,18937
4517,893971,5,3.5,4760,16024,2.0,0,0,3,3,3689,1071,1926,0,98030,47.5663,-122.4711,1855,7311
4518,407457,2,3.5,1498,7055,1.0,0,1,4,4,1385,113,1999,0,98118,47.1905,-121.8988,5933,9370
4519,593828,3,2.5,3067,16697,2.5,0,0,4,4,2613,454,1969,0,98046,47.1079,-122.4886,5549,10444
4520,769380,6,2.5,1807,15046,2.0,0,4,3,8,1282,525,2017,0,98080,47.609,-121.7771,3320,1227
4521,1468766,5,3.5,7160,4481,2.0,0,0,3,7,6339,821,1959,0,98070,47.5489,-122.1256,5576,31701
4522,789481,5,2.0,1156,2710,2.5,1,0,4,8,809,347,2021,0,98033,47.7319,-122.4001,4151,2350
4523,693467,4,2.5,3160,13097,2.0,0,0,4,3,2195,965,1969,0,98050,47.4796,-121.563,2930,3270
4524,778567,3,2.0,2711,12003,3.0,1,0,3,8,2541,170,1914,0,98015,47.7617,-122.0321,2199,37684
4525,653433,1,1.0,2409,40084,2.0,0,0,2,13,957,1452,1955,0,98020,47.5265,-121.9672,2382,25573
4526,956727,3,5.0,4230,12934,2.5,0,0,3,8,3825,405,1987,0,98127,47.371,-122.0506,2369,29768
4527,728896,3,2.5,2546,43545,2.0,0,0,3,9,1143,1403,1961,0,98088,47.5259,-122.3996,5446,35524
4528,1238303,7,5.0,6707,36084,2.5,0,0,3,4,5623,1084,1912,0,98040,47.6244,-121.9481,1649,38195
4529,728535,7,1.5,3662,32970,1.5,0,0,3,8,3133,529,1906,0,98032,47.3433,-121.7015,612,1694
4530,855540,7,3.5,1640,11008,2.5,1,0,4,11,701,939,2008,1988,98097,47.3608,-121.4159,5332,18050
4531,1355780,6,2.0,6485,46311,2.0,0,0,4,11,5744,741,1920,0,98112,47.541,-121.5834,700,24443
4532,387354,3,4.0,766,3015,2.5,0,2,3,4,566,200,2001,0,98012,47.4189,-122.4049,2115,5291
4533,725454,6,4.0,2345,23300,1.0,0,0,4,7,2289,56,2001,0,98015,47.4689,-122.301,4144,37298
4534,635350,5,1.5,2208,9829,2.5,0,0,3,9,2124,84,1913,0,98187,47.7875,-122.4462,1479,5368
4535,1032884,7,4.5,4130,39690,2.5,0,0,3,7,3348,782,1902,0,98188,47.1306,-122.3567,1354,3445
4536,1022247,5,2.0,3711,7811,1.0,1,2,4,5,2999,712,1962,0,98072,47.5535,-121.9234,1049,9668
4537,672523,7,3.5,2793,16442,1.0,0,0,3,3,1664,1129,1942,0,98004,47.746,-122.2363,5348,17730
4538,954531,2,5.0,4232,15086,1.0,0,0,4,9,3407,825,2008,0,98027,47.2653,-121.7225,3635,3903
4539,1136478,6,4.5,4329,1432,3.0,0,2,3,10,3292,1037,1998,0,98101,47.2484,-122.4612,3169,28619
4540,1423725,6,5.0,7038,42554,2.5,0,2,3,8,6100,938,1911,0,98186,47.3541,-121.4713,549,9937
4541,606240,1,2.5,2010,37423,1.0,0,1,3,9,942,1068,1954,0,98181,47.1519,-121.6868,3351,9652
4542,515475,4,1.5,975,37194,1.0,0,0,3,11,603,372,2017,0,98039,47.4922,-121.3371,3833,39020
4543,388009,3,2.0,1476,16216,1.5,0,1,3,4,382,1094,1984,0,98143,47.5518,-121.3566,1704,31625
4544,402143,1,3.0,1707,1065,3.0,0,0,4,7,944,763,1958,0,98019,47.6739,-121.6685,2022,2593
4545,1153234,6,4.0,5639,27303,2.5,0,1,3,5,4793,846,2017,0,98117,47.1463,-122.3103,3007,9859
4546,627202,1,1.5,2460,15615,2.0,0,2,3,4,1206,1254,2017,1995,98014,47.4053,-122.2335,4910,12510
4547,349943,2,3.5,1057,33014,3.0,0,2,1,5,534,523,1919,2007,98071,47.6489,-122.1669,1322,35348
4548,1103538,4,2.5,5613,35247,3.0,0,0,4,6,4467,1146,1990,0,98134,47.6378,-121.988,2953,1771
4549,1183822,6,2.5,6201,24554,1.5,0,2,3,4,5109,1092,1968,0,98162,47.1515,-121.815,4163,19559
4550,423280,6,3.5,1382,2897,2.5,0,0,3,4,300,1082,1944,0,98125,47.108,-121.6809,2187,39653
4551,771611,3,3.0,2694,46297,2.5,0,0,4,10,1824,870,1954,0,98025,47.6483,-122.4092,4093,1933
4552,1074348,7,4.0,5261,19698,1.0,0,0,4,5,3992,1269,1958,0,98169,47.1966,-121.7673,5245,32264
4553,1355617,4,1.5,7971,35598,1.0,0,0,4,5,6575,1396,1974,0,98089,47.5045,-122.429,4653,14492
4554,679083,2,4.0,3167,32236,3.0,0,0,3,6,3070,97,2012,0,98050,47.166,-121.5076,3021,28159
4555,1286220,5,1.5,6367,42876,1.5,0,0,3,13,5575,792,1959,0,98111,47.3069,-122.4515,5880,26057
4556,1416731,1,2.0,7463,44669,2.5,0,0,4,7,6118,1345,1960,0,98079,47.2106,-122.0319,4211,35861
4557,1132399,3,3.5,5459,22029,1.5,0,0,4,5,4641,818,1941,0,98170,47.6155,-121.996,646,18128
4558,1138519,6,4.5,5177,44910,2.0,0,2,5,8,4465,712,1943,0,98067,47.5709,-121.8155,2116,10942
4559,1512112,5,2.0,7666,49889,2.5,0,1,3,12,6993,673,1905,1989,98100,47.1947,-122.3855,5991,8211
4560,910743,2,2.5,5290,49052,1.0,0,0,4,5,4782,508,1968,0,98194,47.1415,-121.3803,5203,38828
4561,1391256,4,3.0,5847,49052,3.0,0,4,2,10,4906,941,1921,0,98022,47.4264,-122.0402,5735,36832
4562,1419246,1,2.0,7769,49690,1.5,0,0,3,6,6827,942,1964,0,98156,47.2369,-122.0246,922,35781
4563,561420,3,4.0,2110,34411,1.0,0,2,3,7,1735,375,1983,0,98096,47.1057,-122.2083,5465,35196
4564,983343,6,4.0,3988,25977,3.0,0,0,4,5,3849,139,1987,0,98103,47.285,-121.5631,4594,31501
4565,1155043,6,1.5,5835,41321,1.0,0,4,1,7,5455,380,1919,0,98001,47.2507,-122.4907,4596,33997
4566,822896,5,3.0,2954,39493,2.5,0,2,3,13,2552,402,1946,1995,98172,47.5795,-122.3726,3521,32248
4567,1150514,5,4.0,4994,43046,1.5,0,0,4,9,3668,1326,1947,0,98151,47.7026,-121.9351,4703,7938
4568,580329,1,2.5,2446,9038,2.0,0,0,3,5,1257,1189,1992,1981,98005,47.2663,-121.338,4362,15396
4569,1096194,4,3.5,5310,40384,1.0,0,0,3,5,4550,760,2005,0,98112,47.2561,-122.4573,3974,34425
4570,1035005,2,1.0,5299,40966,1.5,0,0,4,3,4394,905,1923,0,98099,47.3714,-122.4256,3333,24382
4571,842019,7,,3308,25783,2.5,0,0,4,4,3043,265,1971,0,98075,47.2208,-121.6421,5289,7438
4572,1370790,4,1.5,7142,48116,1.0,0,0,3,6,5764,1378,1997,0,98143,47.7628,-121.6175,3716,8460
4573,1047393,4,4.5,4325,21792,2.5,0,0,4,11,3247,1078,1985,0,98197,47.2705,-121.4237,4429,36201
4574,740483,4,2.5,4036,2165,2.0,0,0,3,5,2784,1252,1938,0,98132,47.1653,-121.808,2193,12102
4575,1316144,7,2.0,6310,48155,2.0,0,2,4,12,5063,1247,1954,0,98172,47.4898,-122.0157,1493,14663
4576,1359420,1,4.5,6568,6054,3.0,0,1,4,7,6370,198,1996,0,98074,47.4763,-121.9587,5571,37820
4577,1542665,7,1.0,7617,8624,3.0,0,0,3,11,6991,626,2015,1984,98033,47.5423,-121.9822,5700,4452
4578,1093729,1,2.5,4302,17605,3.0,1,0,4,6,3026,1276,1993,0,98188,47.7767,-121.3318,5133,4026
4579,971514,7,2.5,4677,25191,2.5,0,0,3,6,4123,554,1954,0,98106,47.3264,-122.0439,2490,19766
4580,1000414,2,2.0,5199,26992,3.0,0,0,3,8,5045,154,1969,0,98198,47.3517,-122.3847,5048,33316
4581,736792,4,4.5,2470,7310,1.5,0,0,4,9,1671,799,1962,0,98046,47.3359,-122.1524,520,12622
4582,1590010,1,4.0,6306,39234,2.5,1,1,3,13,5680,626,1976,2017,98027,47.54,-121.3479,5931,18512
4583,1304722,7,1.5,6642,23022,2.5,0,3,1,8,6311,331,2007,0,98107,47.5228,-121.9861,4859,32811
4584,954257,2,4.0,4322,2592,3.0,0,0,3,13,3915,407,1918,0,98028,47.4702,-122.1207,1168,18077
4585,789559,7,3.0,3319,7710,3.0,0,0,3,6,2694,625,1957,0,98174,47.355,-122.1271,4755,25800
4586,514323,6,4.5,1402,4026,2.5,0,1,4,9,717,685,1925,0,98107,47.3994,-122.4891,5043,39374
4587,549600,2,2.5,864,14798,2.0,0,3,4,13,300,564,1980,0,98034,47.6548,-121.7403,1483,16386
4588,1323823,4,3.5,4758,21943,2.0,0,3,3,12,3479,1279,2000,0,98157,47.5265,-121.6309,5272,10199
4589,768652,3,3.0,3619,6236,3.0,0,0,3,5,3204,415,1990,0,98096,47.6014,-122.0765,4219,30058
4590,768406,4,3.0,3058,43383,2.0,0,0,3,5,1635,1423,1987,0,98127,47.2937,-121.4527,2989,25513
4591,1588407,3,3.0,7996,24342,1.5,0,0,3,9,6883,1113,1946,0,98183,47.738,-121.6085,505,8864
4592,601219,2,2.0,2363,31561,1.5,0,0,3,8,1403,960,1913,0,98057,47.1246,-121.779,855,15595
4593,217352,6,4.0,615,36518,1.5,0,1,3,4,475,140,1902,0,98124,47.517,-121.6554,902,27163
4594,1384353,6,3.0,7584,3780,2.5,0,0,3,3,6715,869,1968,0,98150,47.6686,-121.5767,5982,14376
4595,966709,1,5.0,2884,15431,2.5,0,2,3,8,1855,1029,2020,0,98143,47.7064,-121.8675,4572,26469
4596,1135413,6,2.0,5476,45494,2.5,0,0,4,11,4572,904,1913,0,98027,47.3237,-122.0226,4440,7926
4597,1523567,5,3.5,7380,31240,2.5,0,4,4,5,6017,1363,1907,0,98123,47.4218,-122.3491,2949,9247
4598,1157360,2,5.0,4435,34940,2.5,0,0,4,11,3193,1242,2006,0,98089,47.1244,-122.0141,2124,23092
4599,1067700,1,3.5,5435,31174,3.0,0,0,3,8,4857,578,1988,0,98060,47.6528,-121.8399,3483,35385
4600,1192819,6,4.5,6790,43406,2.0,0,0,4,6,6127,663,1914,0,98075,47.1872,-121.3626,559,22505
4601,1294615,2,4.5,5942,49763,3.0,0,0,4,12,4648,1294,1944,2007,98072,47.3997,-122.3141,1077,9620
4602,809686,4,2.5,2990,18423,2.0,0,1,4,12,2253,737,2000,0,98149,47.7936,-121.5916,2185,2198
4603,1330526,6,3.5,7480,20884,3.0,0,0,2,12,7418,62,1944,0,98037,47.7424,-122.2112,2401,39779
4604,1001886,7,1.5,5632,28606,1.5,0,1,3,4,4769,863,1902,0,98152,47.331,-121.3516,1556,8238
4605,582204,3,3.0,1442,23116,1.0,0,0,3,11,930,512,2008,0,98110,47.2567,-121.7862,1799,11017
4606,591709,2,2.0,2224,45102,2.5,0,0,3,7,1970,254,1910,0,98126,47.2762,-121.9807,5612,12392
4607,650246,1,4.0,2834,17415,1.0,0,2,5,7,2098,736,1908,0,98048,47.5793,-122.0838,5759,33058
4608,689140,4,3.0,3267,12239,1.0,0,3,3,4,3142,125,1903,0,98151,47.6081,-122.2576,5668,14421
4609,578476,5,2.5,1637,30085,1.5,0,0,3,7,859,778,2012,0,98013,47.2515,-121.6426,2197,2505
4610,787606,4,,3027,30833,1.0,0,4,3,8,1553,1474,1978,0,98118,47.268,-121.7368,1366,2523
4611,983474,6,5.0,4617,23286,1.0,0,0,3,4,3188,1429,1990,0,98059,47.3264,-121.4318,1882,26293
4612,963165,3,1.5,3920,36980,1.5,1,0,4,3,3301,619,1994,1986,98133,47.4032,-121.7832,1448,23708
4613,1197992,4,1.0,6345,3676,2.0,0,2,3,8,4964,1381,1949,0,98015,47.7422,-122.2962,3631,30822
4614,1096641,5,2.0,5278,43297,3.0,0,0,3,11,5191,87,1979,0,98024,47.1186,-121.6806,565,35007
4615,1065620,7,5.0,4406,3645,1.0,0,0,3,11,2992,1414,2019,1998,98075,47.5467,-121.4454,1807,6210
4616,1049702,1,5.0,4137,7678,2.5,0,0,3,11,2745,1392,1995,0,98184,47.7032,-121.3114,5062,20244
4617,801107,2,3.5,3453,38665,1.5,0,0,4,7,2765,688,1997,0,98008,47.6064,-121.6779,2219,1330
4618,1326299,3,4.5,6429,45485,1.0,0,0,4,12,5789,640,1905,0,98106,47.2517,-122.1526,2558,26208
4619,770050,5,2.0,2867,41492,2.0,1,0,3,3,2421,446,1943,0,98119,47.4337,-121.8215,670,20645
4620,928668,6,5.0,4721,37709,2.0,0,1,4,5,4402,319,1904,0,98102,47.7372,-121.882,1263,2300
4621,418233,6,1.5,776,28851,2.5,0,0,3,10,300,476,1956,0,98170,47.181,-121.8856,675,27019
4622,730959,6,1.5,2499,23350,1.0,0,0,3,11,2227,272,1987,0,98115,47.7913,-122.4057,2221,17323
4623,475192,3,1.5,1727,10803,2.5,0,2,4,6,1077,650,1948,0,98135,47.2005,-122.2665,3244,7388
4624,1498523,4,3.5,6837,10314,2.0,0,0,3,13,5875,962,1982,0,98116,47.1997,-121.8711,4225,34939
4625,833782,3,4.0,4252,21928,2.0,0,1,3,5,3616,636,1993,0,98152,47.669,-121.5422,1497,17961
4626,939988,6,2.5,4235,16595,3.0,0,3,2,4,3714,521,1975,0,98027,47.6798,-122.2819,2379,13972
4627,632917,7,5.0,1195,3825,2.0,0,2,4,7,396,799,1968,0,98127,47.1265,-122.3029,4589,31003
4628,420370,5,2.5,1809,37128,1.5,0,0,4,4,1794,15,1927,0,98109,47.2178,-121.5882,3753,6752
4629,1011067,2,1.5,4652,31585,3.0,0,0,3,13,4285,367,2019,2012,98003,47.764,-121.6713,5237,12404
4630,1493675,2,3.0,7970,26144,2.5,0,0,3,11,7720,250,1938,2008,98048,47.2955,-121.9179,3613,12764
4631,906557,3,3.5,3734,13969,2.0,0,0,3,12,2941,793,1933,0,98150,47.1086,-122.4396,2791,32120
4632,1018335,6,4.5,4614,14363,1.5,0,0,4,13,4255,359,1961,0,98168,47.2778,-121.9328,3161,2311
4633,897411,1,3.0,2811,24166,3.0,1,0,1,11,2581,230,1911,0,98048,47.6148,-121.4982,3196,4639
4634,866378,7,3.5,3341,29734,1.5,0,0,4,5,2065,1276,1986,0,98177,47.7415,-122.4873,532,35094
4635,1213235,3,2.0,4708,35411,3.0,1,0,4,6,4097,611,1968,0,98029,47.2086,-122.3769,2924,27485
4636,902832,6,3.5,4059,31350,3.0,0,0,3,11,3454,605,1953,0,98017,47.2571,-121.5288,2871,28322
4637,933439,4,5.0,3898,18061,3.0,0,2,3,3,2482,1416,2003,0,98007,47.4091,-121.8698,947,28028
4638,525027,2,1.0,1041,36143,2.5,0,0,3,9,525,516,2000,0,98171,47.6238,-121.7053,3412,28808
4639,649733,2,4.5,3194,29503,3.0,0,0,3,4,2676,518,1979,0,98035,47.5611,-121.6059,3762,3159
4640,1204276,7,3.0,5174,13418,3.0,0,0,3,11,4691,483,1972,1999,98168,47.3293,-122.1398,2939,29377
4641,550667,2,2.0,1588,40704,1.5,0,0,3,13,1524,64,1996,2013,98195,47.1464,-122.1425,1326,8290
4642,808163,1,5.0,3863,22712,3.0,0,0,3,5,3645,218,1936,2012,98134,47.2771,-122.1833,2907,4732
4643,265485,6,3.0,524,7162,2.5,0,0,3,8,300,224,1932,0,98002,47.2537,-122.2993,5756,35031
4644,560034,6,2.5,2072,25668,1.5,0,0,4,7,1897,175,1948,0,98039,47.1147,-122.1343,4735,6134
4645,1275231,7,1.5,6644,9381,3.0,0,2,4,4,5933,711,1900,0,98124,47.7825,-121.3566,5677,26118
4646,913208,6,2.0,3458,46747,1.5,0,0,5,11,2550,908,1946,1980,98102,47.2788,-122.3968,5919,39057
4647,1208934,7,4.5,6168,19684,2.5,0,0,3,5,4720,1448,1936,0,98033,47.6856,-122.2112,2179,27097
4648,996505,6,3.5,4736,22970,1.5,0,0,2,8,3703,1033,1908,1997,98106,47.4394,-122.1184,5173,10136
4649,673400,1,4.5,2267,24268,2.5,0,0,3,11,1502,765,1917,0,98151,47.7806,-122.3154,3682,12678
4650,1129441,5,2.0,5243,19058,2.0,0,0,3,10,3931,1312,2001,0,98116,47.2047,-122.4071,3230,24834
4651,883482,3,1.5,2735,1776,3.0,1,0,3,12,1805,930,1984,0,98033,47.1775,-122.3058,5976,23534
4652,1411685,3,1.0,7795,37980,2.5,0,3,3,7,7181,614,1943,0,98089,47.1017,-121.8666,4705,36784
4653,384471,6,3.0,700,10828,3.0,0,0,3,8,300,400,1977,0,98078,47.6029,-121.7839,2742,20789
4654,881347,4,5.0,3698,38011,2.5,0,0,2,5,3683,15,2002,0,98030,47.3145,-122.2417,3554,32422
4655,500556,2,4.0,756,16940,1.0,1,0,3,7,300,456,2002,0,98009,47.7092,-121.8954,3132,3560
4656,907474,1,2.0,4247,5276,1.0,0,2,3,8,3703,544,2014,0,98094,47.5437,-122.4925,1508,6520
4657,1127171,4,4.5,5142,32948,1.0,0,0,3,5,4194,948,1969,0,98126,47.5042,-121.7776,2938,4904
4658,785798,4,4.0,2741,38699,2.5,0,0,4,12,2559,182,1962,0,98071,47.4408,-122.4984,2024,27346
4659,1491251,6,1.0,7346,33905,3.0,1,2,3,4,6221,1125,1902,0,98062,47.2807,-121.7287,5005,25892
4660,1259200,1,4.5,3675,32980,1.0,1,4,3,12,3344,331,2011,2015,98071,47.1453,-121.92,3011,7801
4661,927628,3,2.0,4106,43091,3.0,0,0,3,11,4028,78,2011,0,98153,47.4105,-122.3689,2450,23572
4662,801376,2,1.5,3836,17875,2.5,0,0,3,9,2796,1040,1917,0,98175,47.1694,-122.3939,3211,37567
4663,1069645,3,2.0,5397,23849,3.0,0,0,4,6,4004,1393,1936,0,98051,47.734,-122.4917,4011,34708
4664,1025853,4,3.0,5537,13669,3.0,0,0,3,5,4493,1044,1919,0,98028,47.6805,-121.838,2610,28217
4665,1481609,2,2.5,7927,21734,1.0,0,0,4,6,7523,404,1992,0,98098,47.5338,-121.5321,3981,17915
4666,427250,5,2.0,913,10654,1.5,0,1,3,11,300,613,1935,0,98116,47.4167,-121.4721,2574,39540
4667,812018,4,1.5,2514,12757,2.0,0,2,3,11,1592,922,1979,0,98125,47.4179,-121.8169,2585,24729
4668,501387,3,4.0,1881,11889,2.5,0,0,4,8,1450,431,1903,0,98164,47.4252,-121.4354,2020,9139
4669,806726,3,5.0,1598,9257,2.5,0,1,4,13,1043,555,2019,0,98189,47.6218,-121.4656,5859,19976
4670,1167219,6,4.0,3926,37559,2.5,0,3,2,11,2483,1443,2008,0,98102,47.1883,-121.6621,2414,14054
4671,1078453,3,2.0,4155,14254,2.0,0,3,4,11,4128,27,1977,0,98067,47.4719,-122.0643,4302,25639
4672,454081,1,2.0,1409,2390,1.5,0,1,3,8,361,1048,1916,0,98161,47.6689,-121.5074,1090,19091
4673,325777,4,2.0,687,47487,3.0,0,0,3,7,300,387,1998,0,98190,47.4571,-122.03,3559,11660
4674,1019373,7,1.5,4544,10672,2.5,0,0,3,13,4242,302,1956,0,98154,47.1096,-122.0161,1006,27196
4675,881970,7,3.0,4256,5525,3.0,0,0,4,5,3644,612,1998,0,98192,47.2713,-121.6863,4364,33065
4676,586366,2,3.5,2515,4292,1.0,0,0,3,3,1213,1302,1948,0,98183,47.568,-121.3865,4279,26919
4677,1192520,3,4.0,5909,49263,1.0,0,0,4,6,4811,1098,2008,0,98006,47.7539,-121.9,3145,34263
4678,674282,6,3.5,2592,48115,1.0,0,0,3,3,1504,1088,1995,0,98067,47.7256,-122.2873,5741,18153
4679,781527,6,2.0,4144,14441,2.5,0,0,3,3,3890,254,1952,0,98014,47.6759,-122.3291,4558,16738
4680,667396,3,2.5,2630,47984,2.0,0,0,4,8,2359,271,2015,2002,98113,47.7651,-122.1373,4604,11966
4681,1194659,1,3.5,5742,40750,2.5,0,0,3,13,5181,561,1909,0,98177,47.2959,-121.9508,4445,14794
4682,339178,6,2.5,857,6020,1.0,0,0,2,7,300,557,1928,0,98050,47.1087,-122.1428,5385,14294
4683,1273628,7,2.0,6147,43335,1.0,0,0,3,9,5812,335,2019,2001,98075,47.3481,-121.6457,1294,28057
4684,1184205,2,2.5,5685,14139,2.5,1,0,4,3,4928,757,1975,0,98145,47.5039,-121.8488,1840,27602
4685,1240010,4,2.0,7579,6881,2.0,0,0,3,3,7372,207,1908,0,98183,47.3215,-122.0119,5428,35576
4686,1381243,5,1.5,6276,11902,2.0,0,4,3,10,6242,34,1989,0,98188,47.1309,-122.2439,5940,7014
4687,624462,1,4.5,2922,13760,3.0,0,0,3,8,2809,113,1920,0,98174,47.455,-121.7735,641,13994
4688,1062511,6,4.5,4757,40502,1.5,0,0,4,10,3702,1055,1900,1988,98191,47.2398,-121.6911,5347,2182
4689,1466379,4,2.0,7855,24072,1.0,0,0,3,8,7091,764,1935,0,98176,47.6093,-121.559,3037,15128
4690,1397631,5,1.5,6965,45003,2.0,0,0,4,8,6111,854,1982,0,98062,47.1624,-121.311,2567,28109
4691,1111601,3,4.0,5045,49861,1.0,0,0,4,12,4286,759,1905,0,98144,47.7707,-122.2224,1364,15742
4692,575611,3,2.0,1997,40055,1.5,0,0,3,9,1077,920,2010,0,98124,47.7137,-122.4819,5792,5590
4693,1004359,2,2.5,5632,40304,1.0,0,3,3,4,5477,155,1917,0,98193,47.7117,-121.8995,5959,20991
4694,1399484,5,1.5,6827,21425,2.0,0,2,3,5,5810,1017,2000,0,98048,47.6529,-121.3912,3300,31271
4695,655657,3,2.0,2658,48011,3.0,0,0,3,6,1825,833,1971,0,98054,47.5435,-122.2015,1348,31288
4696,1090161,3,4.0,6546,1182,2.5,0,0,3,3,5584,962,1910,1993,98190,47.1374,-121.5929,5777,5472
4697,819714,7,4.0,3055,25479,2.5,0,0,4,11,2703,352,1968,0,98134,47.5637,-122.1166,5056,10935
4698,1300453,6,2.0,5909,4758,2.0,0,0,3,11,4981,928,1920,0,98161,47.6228,-122.0306,2483,32962
4699,707289,2,2.5,2842,40025,2.0,0,2,3,6,1516,1326,2003,0,98199,47.1916,-121.3627,4185,27842
4700,893630,4,1.5,3451,32885,1.5,0,0,3,3,2310,1141,2006,2007,98072,47.531,-121.9468,5465,10557
4701,613362,3,1.5,1738,45663,1.0,1,0,2,3,1704,34,1984,1987,98117,47.4352,-121.6296,4668,20204
4702,586112,7,5.0,1473,20469,1.5,0,0,3,8,606,867,1983,0,98170,47.4307,-121.8402,4943,23693
4703,1094977,1,3.5,5227,17946,2.5,0,0,4,4,3884,1343,2005,0,98123,47.2396,-121.5833,1546,18093
4704,773472,1,3.0,4465,47551,1.0,0,2,2,3,4248,217,1908,2021,98030,47.6176,-122.1192,1811,12801
4705,1360034,4,4.0,6186,43571,1.5,0,0,3,12,4895,1291,1901,0,98007,47.7476,-121.4477,4932,29643
4706,711428,5,4.5,1550,44055,2.5,0,0,4,13,1507,43,2012,0,98168,47.6515,-121.8413,2201,15919
4707,822937,2,4.0,4201,19933,1.0,0,0,3,4,3004,1197,1903,0,98061,47.3583,-122.129,3633,14472
4708,820943,7,1.0,3280,17057,3.0,0,0,3,9,3083,197,1989,0,98142,47.7889,-122.4542,1054,19403
4709,1511972,6,1.5,7898,21648,3.0,0,0,3,6,7042,856,1911,0,98189,47.3549,-122.4842,3535,20967
4710,926933,7,3.5,2088,26844,1.5,1,0,4,9,1787,301,1982,0,98064,47.2641,-122.076,1065,9407
4711,951518,1,2.5,4378,20144,2.0,0,0,3,9,3552,826,2020,2000,98055,47.7777,-122.2412,992,33159
4712,664555,1,5.0,2868,10400,1.0,0,0,3,6,1939,929,1982,0,98067,47.6529,-122.4368,5574,1151
4713,1442430,4,3.5,7556,41601,1.5,0,0,3,4,6434,1122,1982,0,98090,47.6329,-121.8366,5025,11834
4714,1632241,5,5.0,7900,6262,2.0,0,0,3,11,7496,404,2021,0,98172,47.1542,-121.3135,5541,3466
4715,1372834,5,2.0,6289,1254,2.0,0,0,4,12,5568,721,1992,0,98058,47.2344,-121.9932,4810,25214
4716,697331,4,4.5,936,30419,1.0,1,0,3,12,300,636,1938,0,98162,47.113,-121.8375,825,27101
4717,871184,7,2.5,3328,35423,1.0,0,4,3,5,2335,993,2008,0,98094,47.6437,-122.2362,3462,15943
4718,533601,1,5.0,2056,21361,2.0,0,0,3,3,729,1327,1959,0,98185,47.2948,-122.2541,2615,5142
4719,1249668,7,1.5,5672,7288,2.5,0,0,3,13,4827,845,1933,0,98157,47.1926,-122.106,5642,32217
4720,973808,7,3.0,4358,17255,1.5,0,2,3,10,4212,146,1958,0,98165,47.2273,-121.4979,5496,15973
4721,1460915,2,4.0,7980,48095,1.0,0,0,3,6,6569,1411,1971,0,98089,47.5488,-121.3473,4019,34138
4722,627443,1,2.5,1804,19185,2.0,0,1,3,11,935,869,1905,0,98068,47.4031,-121.6123,3570,5520
4723,1460309,5,3.0,7369,8598,2.5,0,2,3,10,7024,345,1931,0,98062,47.759,-122.4753,2288,2846
4724,1410519,6,5.0,6674,8790,3.0,0,0,4,13,6519,155,1927,2021,98001,47.3561,-121.9739,1070,29655
4725,1060912,7,2.5,2884,32753,2.0,0,4,3,13,1419,1465,1974,0,98117,47.6837,-121.9952,3152,23441
4726,617016,1,3.5,682,2980,2.5,1,0,3,9,300,382,1991,0,98180,47.4825,-121.3778,2753,39633
4727,1556964,7,1.0,7690,13322,3.0,0,0,3,11,6754,936,1995,1997,98057,47.5937,-121.6053,5114,11512
4728,1213344,2,4.5,7187,29008,2.5,0,1,4,4,7046,141,1940,1985,98057,47.2181,-121.6427,4126,15736
4729,1158120,3,3.5,6065,12913,1.0,0,0,2,6,5962,103,1971,0,98066,47.6243,-121.8223,3485,34048
4730,1396170,1,2.5,7741,34990,2.0,0,0,3,7,6503,1238,1983,0,98081,47.16,-121.725,5553,27603
4731,1538694,4,1.0,7677,5449,3.0,0,2,3,7,6345,1332,1987,0,98061,47.5838,-121.6617,4359,8518
4732,1305629,3,3.5,6075,20904,2.5,1,3,3,3,5968,107,2015,0,98052,47.4259,-121.8369,738,22863
4733,591020,7,1.0,2089,31020,3.0,0,0,3,11,606,1483,1926,0,98107,47.26,-121.4862,4033,35288
4734,787256,4,1.0,2087,30971,1.5,0,4,3,11,1551,536,2010,0,98049,47.4363,-122.4557,1493,22870
4735,486374,4,3.5,1159,39723,2.0,0,0,2,7,300,859,1952,0,98023,47.699,-121.3703,2538,18446
4736,357579,4,2.0,659,40981,1.0,0,0,3,12,300,359,2021,1983,98069,47.2083,-121.5717,5916,38808
4737,835762,1,2.0,4453,16457,3.0,0,0,4,5,3827,626,1910,0,98096,47.2187,-121.8652,1180,11190
4738,1584304,5,3.5,7681,45544,2.5,0,0,3,10,6716,965,2010,0,98149,47.4738,-121.4676,2378,6089
4739,1548207,7,1.0,7845,48975,3.0,0,0,2,9,7638,207,1986,2018,98186,47.5377,-121.5064,2267,4085
4740,1327798,3,2.5,7055,4100,2.5,0,0,3,7,6354,701,1921,0,98009,47.3941,-121.9967,3448,18730
4741,286547,2,1.5,1511,2052,3.0,0,0,4,3,785,726,1904,0,98199,47.2865,-121.4922,4244,5637
4742,337707,5,3.5,552,35831,1.0,0,0,2,9,300,252,2011,0,98082,47.147,-122.274,2979,28886
4743,1537679,7,3.5,7051,8651,1.0,0,3,3,13,5623,1428,1933,0,98079,47.1349,-121.937,3570,8234
4744,1175045,1,4.0,7490,20879,2.0,0,0,3,3,7310,180,1961,0,98186,47.1286,-122.2213,1968,25785
4745,927364,4,2.0,5641,35808,1.0,0,0,3,3,5001,640,1930,0,98176,47.7309,-122.3507,5933,3500
4746,1299785,2,1.5,5649,36216,3.0,0,1,3,11,4649,1000,1946,0,98080,47.192,-121.4265,5830,18920
4747,1758940,7,1.5,7346,45762,3.0,1,0,4,8,6167,1179,1936,0,98189,47.3066,-122.0597,2214,5478
4748,781944,3,2.5,2807,38863,1.0,0,2,3,9,1397,1410,2010,0,98037,47.7901,-121.6787,5112,6027
4749,472986,7,5.0,1728,23675,1.5,0,0,3,4,603,1125,1925,2015,98115,47.7492,-122.0499,5091,27474
4750,1637164,5,2.0,7726,6805,3.0,0,0,3,13,7611,115,1986,0,98005,47.13,-121.8471,5168,35603
4751,1210235,6,2.0,6090,13311,2.0,0,0,4,10,5620,470,1942,0,98161,47.4859,-122.0823,5248,12211
4752,1529002,5,1.5,7419,38289,1.5,0,0,4,9,7416,3,1960,0,98193,47.5434,-121.6087,4896,27377
4753,1251440,7,3.5,6085,6328,1.0,0,0,3,7,5888,197,1937,2011,98113,47.1379,-121.5562,5911,7626
4754,559737,2,3.5,1535,45006,2.5,0,0,3,10,1332,203,2001,0,98007,47.6097,-121.9834,5355,2591
4755,1157197,7,3.5,4202,45593,3.0,1,2,4,4,2783,1419,1931,2010,98042,47.7915,-121.4685,5203,39288
4756,1428847,7,4.5,6546,38150,2.5,0,0,3,8,5145,1401,1968,0,98060,47.4006,-122.0736,1568,5663
4757,897073,1,3.0,4545,16268,2.0,0,0,3,6,3972,573,1961,0,98132,47.4146,-121.585,4726,25394
4758,1411446,3,1.5,7957,7156,1.5,0,1,4,9,7375,582,1924,0,98004,47.5615,-121.7199,5725,28887
4759,1039694,2,2.0,5445,34116,2.5,0,0,3,8,4842,603,1932,0,98077,47.6156,-121.9528,920,14620
4760,1219172,7,3.5,4949,34760,2.0,0,1,1,8,3452,1497,2015,0,98099,47.6528,-121.4333,1524,38130
4761,1131318,4,3.5,5694,21436,2.5,0,0,4,7,5007,687,1963,0,98107,47.1543,-121.8133,1990,14268
4762,1601623,3,3.0,7516,45714,2.5,0,0,3,13,6102,1414,1970,0,98146,47.6605,-121.4918,4554,22401
4763,1185276,5,3.5,6335,14957,2.0,0,0,3,7,5768,567,1915,0,98116,47.7049,-121.62,4532,1311
4764,1146029,2,3.5,6060,44277,3.0,0,0,2,4,5482,578,1948,0,98125,47.1317,-121.8609,529,12088
4765,1320554,5,4.5,5586,44423,2.5,0,0,3,13,4678,908,1992,0,98178,47.1274,-122.1083,5215,35417
4766,704296,7,3.5,1764,39334,2.0,0,3,4,9,1329,435,1914,0,98110,47.4856,-121.3586,4023,29920
4767,1446920,5,4.0,7661,35568,2.5,0,0,4,9,7599,62,1919,0,98013,47.4478,-122.4319,4978,33245
4768,684418,5,2.0,2384,31509,3.0,0,0,3,10,1832,552,1921,0,98031,47.7861,-121.4266,1480,26042
4769,1356992,1,3.5,7821,31921,2.0,0,0,4,6,7079,742,1909,0,98042,47.3061,-121.8923,1391,8941
4770,993957,5,4.5,2309,8506,2.5,1,0,3,13,2135,174,1971,0,98070,47.5131,-121.6015,4680,20046
4771,985165,4,2.5,3667,40234,1.0,0,0,3,13,2741,926,1954,0,98114,47.4547,-122.099,2119,38388
4772,1151510,4,4.0,4297,42472,3.0,0,0,3,13,3689,608,1995,0,98139,47.475,-122.0389,1100,19936
4773,753387,3,4.0,2841,34900,2.5,0,0,3,11,1782,1059,1927,0,98149,47.5618,-122.2711,1108,8246
4774,1376163,7,1.0,6852,29666,1.5,0,0,3,12,5815,1037,1908,0,98154,47.4763,-121.3548,5802,16734
4775,748565,6,3.5,3914,16987,2.0,0,2,2,5,3750,164,1930,0,98015,47.1049,-122.448,2865,18608
4776,1162329,5,1.5,5707,13643,2.5,0,0,3,5,4780,927,1986,0,98152,47.6906,-122.0358,2562,16805
4777,335058,5,5.0,1317,28986,3.0,0,0,3,4,1137,180,1982,0,98188,47.2408,-122.0984,4692,37147
4778,1324689,2,4.0,6395,20022,3.0,0,2,4,12,4960,1435,1995,0,98082,47.2618,-121.5243,5302,39065
4779,1386800,1,1.5,6556,40159,1.5,0,3,4,9,5340,1216,1973,0,98105,47.5536,-121.8981,3203,32177
4780,785599,6,1.5,2937,25580,1.5,0,0,4,12,2635,302,1983,0,98163,47.4344,-122.2971,3486,16775
4781,1402067,3,3.5,6968,30581,2.5,0,2,3,4,6121,847,1998,0,98028,47.5021,-121.8892,5491,14500
4782,1502046,6,2.5,7583,16172,1.0,0,0,3,9,7338,245,1956,0,98157,47.4482,-122.2168,3149,29252
4783,267375,5,1.0,1388,37452,3.0,0,0,3,5,461,927,1930,0,98052,47.3925,-122.4795,4944,39454
4784,1244790,2,3.0,6451,31982,1.0,0,2,3,3,6044,407,1974,0,98110,47.4383,-121.8465,1362,27272
4785,1258393,7,2.5,5776,23145,1.0,0,3,2,13,5763,13,1942,0,98190,47.1988,-122.0675,2030,8140
4786,503160,1,1.5,1167,49304,2.5,0,0,3,10,300,867,2003,0,98056,47.7785,-122.2133,2131,11916
4787,1249637,7,4.0,5228,12305,2.0,0,0,3,10,5150,78,1973,0,98002,47.5023,-122.2933,5179,25022
4788,779076,3,4.5,3124,3068,2.0,0,0,4,12,3124,0,1908,0,98082,47.3008,-121.9556,3834,33221
4789,1185676,6,4.0,6238,37726,2.0,0,0,3,3,5251,987,1941,0,98193,47.599,-121.4565,4730,38749
4790,1177137,3,4.5,4732,26558,1.5,0,1,3,13,3946,786,1973,0,98063,47.7161,-121.5902,2344,32422
4791,1249039,5,2.0,6542,32360,3.0,0,0,3,8,5717,825,1949,2010,98060,47.3075,-122.4944,4269,15224
4792,1142629,3,2.0,6293,33252,1.5,0,0,3,6,5647,646,1936,2004,98194,47.3272,-121.6226,3805,31334
4793,1001419,7,2.0,5023,29956,3.0,0,0,3,7,4558,465,2000,0,98109,47.407,-122.4127,3974,38392
4794,1285061,2,4.0,6071,23322,3.0,0,2,3,10,5577,494,1970,1999,98109,47.2521,-121.8424,4743,6301
4795,1566938,3,5.0,7255,18570,3.0,0,0,4,10,6117,1138,1983,0,98142,47.6669,-121.5639,2391,21096
4796,1514935,4,4.0,7554,31498,2.5,0,0,3,9,6979,575,1983,0,98028,47.5089,-121.9561,3169,12692
4797,581988,2,4.5,1318,18041,2.0,0,3,3,7,300,1018,1971,0,98044,47.1399,-122.048,3730,31642
4798,801252,6,3.5,2688,47432,1.5,0,0,3,8,1218,1470,1916,2017,98121,47.7977,-121.3726,2037,29642
4799,901042,1,2.5,1606,43629,1.5,1,2,3,10,899,707,2001,0,98188,47.5025,-122.4649,3784,6132
4800,894257,1,2.5,2724,44577,2.5,1,0,3,7,1395,1329,1988,0,98149,47.723,-122.3728,3248,28928
4801,218678,5,1.5,697,32939,3.0,0,0,3,5,300,397,1976,2006,98034,47.4511,-121.4556,4572,23897
4802,805304,5,1.0,3171,46168,2.0,0,0,3,11,2569,602,2008,0,98110,47.5077,-121.4365,853,6156
4803,1304893,4,4.0,6591,32256,1.0,0,0,4,11,5808,783,1976,0,98182,47.4181,-122.0527,5422,30253
4804,1679574,6,3.0,7334,31662,1.0,1,0,3,12,6937,397,1947,0,98167,47.3959,-121.8518,5348,6695
4805,802317,7,3.0,3992,29453,2.5,0,0,1,3,3602,390,1901,0,98004,47.2528,-122.3027,5931,17666
4806,685009,1,3.0,2948,13499,2.0,0,0,3,9,2200,748,2000,0,98156,47.7735,-121.4389,3256,24221
4807,346102,1,2.0,970,47972,1.0,0,0,3,6,300,670,1941,1995,98039,47.2272,-121.9371,4497,22882
4808,1268865,1,3.0,6861,13182,1.0,0,0,3,8,6848,13,2005,0,98193,47.4685,-121.8231,614,8066
4809,743913,7,3.0,2448,39714,1.5,0,0,3,9,1255,1193,2020,0,98173,47.161,-122.3583,3082,14781
4810,1169569,1,2.5,5524,47312,2.0,0,0,4,10,5416,108,1962,0,98072,47.7954,-121.7622,4156,20555
4811,907304,3,4.5,4399,42424,1.0,0,0,3,13,4357,42,1910,0,98061,47.489,-121.665,3143,22932
4812,707566,6,3.0,2510,37764,1.5,0,0,3,7,1686,824,1983,0,98060,47.6702,-122.1463,1849,17848
4813,1141599,2,3.5,4300,46103,2.0,1,0,3,7,3943,357,2020,0,98144,47.4941,-121.4246,3433,11694
4814,1369586,2,4.5,7275,26826,3.0,0,0,3,8,6801,474,1955,0,98051,47.6635,-122.2553,2712,33533
4815,1487160,4,4.5,7594,11165,2.0,0,0,3,9,6496,1098,1972,0,98112,47.4741,-121.4231,5216,37878
4816,1133138,3,4.5,5501,33281,2.5,0,0,3,7,4171,1330,1944,0,98045,47.4115,-121.656,4704,19545
4817,1289033,1,2.0,6818,38752,1.5,0,0,3,7,6314,504,1944,0,98031,47.4191,-121.503,5166,24636
4818,879856,1,1.0,4618,15154,3.0,0,1,3,6,3784,834,1928,0,98135,47.1016,-121.6611,5445,3176
4819,825812,5,2.0,4296,40886,1.5,0,0,3,3,3400,896,1933,0,98051,47.3595,-121.9859,769,5566
4820,1289058,5,2.0,4488,33337,1.5,1,0,3,9,4409,79,2021,2008,98133,47.7664,-122.1021,2630,13350
4821,409291,4,4.5,734,36802,1.0,0,0,3,9,300,434,1968,0,98194,47.5729,-121.6191,3366,28644
4822,1509536,1,3.5,7680,38189,2.0,0,3,4,8,6398,1282,1994,0,98041,47.7435,-122.1422,4960,26372
4823,1275022,4,1.5,5720,44145,1.5,0,0,3,12,5217,503,1989,0,98117,47.2402,-122.4258,4221,31374
4824,536096,3,1.5,1428,47994,1.5,0,0,3,4,300,1128,2020,0,98068,47.4438,-122.2036,4260,23050
4825,906738,2,1.5,4107,24627,2.5,0,3,3,4,3482,625,2000,0,98010,47.1241,-121.5937,5160,12440
4826,425175,1,3.5,1022,13986,2.5,0,0,3,8,300,722,2007,1999,98099,47.5739,-121.5481,595,37758
4827,1274672,6,4.0,6404,11063,2.5,0,0,3,11,6294,110,1919,0,98065,47.6488,-122.1681,3540,24935
4828,893247,7,4.5,4023,10548,1.5,0,0,4,7,3483,540,1971,2000,98003,47.6235,-122.1065,5172,28347
4829,1069179,3,5.0,5026,49031,3.0,0,0,3,9,4243,783,1969,0,98171,47.1607,-121.8408,1321,31343
4830,1097935,1,2.0,5388,33892,2.0,1,0,3,4,5142,246,1917,0,98173,47.2733,-122.1856,4204,29833
4831,691133,7,2.0,2129,48890,1.5,0,0,3,8,885,1244,1971,0,98154,47.5591,-121.7726,3226,17850
4832,1417100,6,2.0,6332,28557,1.0,0,1,4,13,5726,606,1959,0,98081,47.6313,-122.1615,4925,13271
4833,1012306,5,2.5,5128,14780,3.0,0,0,3,8,4383,745,2016,0,98042,47.2919,-122.3549,4140,14286
4834,1644317,4,4.5,7622,19744,3.0,0,2,2,12,6284,1338,1954,2004,98072,47.3844,-122.3142,5973,39591
4835,1242250,5,3.5,6342,38680,2.0,0,1,3,8,4924,1418,1951,2008,98030,47.3459,-122.1993,2488,13634
4836,1217948,2,4.0,6271,48099,3.0,0,0,2,8,5224,1047,1924,0,98072,47.1032,-122.2985,1474,20072
4837,540466,5,3.0,1816,8803,2.0,0,0,3,6,975,841,1965,0,98115,47.5036,-121.3308,5204,21464
4838,731484,1,1.0,3357,41581,3.0,0,0,3,7,2664,693,1927,1989,98024,47.5684,-121.71,2726,28743
4839,1152443,6,1.5,5508,44574,2.0,0,0,5,6,5268,240,2005,0,98073,47.2935,-122.2849,3658,2619
4840,590260,5,3.0,1624,29673,2.5,0,0,4,8,929,695,1988,0,98084,47.5814,-121.9913,3185,5263
4841,1329698,1,4.0,6121,4845,2.5,0,0,4,11,4746,1375,1919,1987,98116,47.2699,-122.177,1231,13188
4842,1200787,2,2.0,5923,43192,3.0,0,1,3,7,5069,854,1969,0,98172,47.6009,-121.6786,4825,36204
4843,1426667,7,4.0,7514,30949,3.0,0,0,4,7,7162,352,1936,0,98141,47.42,-121.4593,5856,2944
4844,660731,6,4.0,3087,8410,2.0,0,0,3,5,1714,1373,1915,0,98037,47.7104,-122.019,1790,23522
4845,595567,5,2.5,1523,18437,2.0,0,2,3,13,1430,93,1934,0,98019,47.4813,-121.9854,5436,19299
4846,1247630,4,4.0,6172,16217,1.5,0,0,3,9,4822,1350,1954,0,98005,47.2293,-122.0218,4552,19892
4847,523948,4,2.5,1878,6430,2.5,0,0,3,7,1826,52,1999,0,98164,47.6754,-121.9609,1594,34360
4848,856516,6,3.5,3874,33778,1.5,0,0,3,4,3505,369,1964,0,98183,47.6444,-122.457,5434,5089
4849,719573,4,4.0,2019,11658,1.5,0,0,3,11,902,1117,1977,0,98052,47.159,-121.7889,1387,22507
4850,1169147,5,5.0,6277,37722,1.0,0,0,3,7,5668,609,1913,0,98162,47.1336,-121.3576,2366,39402
4851,1440137,5,2.5,6593,17236,2.0,0,4,3,9,5125,1468,1923,1992,98111,47.1954,-121.5576,1023,32693
4852,465309,6,2.5,726,18031,1.0,0,0,4,9,300,426,1982,0,98136,47.6917,-121.4663,590,26530
4853,1241071,5,1.5,5855,40897,1.0,0,0,3,12,4542,1313,1937,0,98004,47.3243,-122.225,3751,11430
4854,1423418,7,2.0,5468,16486,1.5,1,0,3,10,5111,357,2007,0,98102,47.4533,-121.7714,3451,33135
4855,378081,1,4.0,1391,39548,1.0,0,0,4,6,1331,60,1981,0,98073,47.5221,-121.4284,1577,24801
4856,1205558,2,4.5,6074,14455,2.0,0,0,3,9,4799,1275,1908,0,98041,47.6204,-122.4177,3160,2418
4857,973523,7,2.5,4572,7829,1.5,0,0,4,5,3813,759,2015,0,98169,47.681,-121.4473,3485,14209
4858,1228551,7,1.5,5632,10123,2.0,0,0,4,11,4857,775,2018,0,98031,47.4611,-122.4226,4277,30163
4859,825579,4,2.0,2757,9329,3.0,0,0,3,10,2192,565,2020,0,98095,47.391,-121.3203,852,22405
4860,902870,1,3.0,3288,16809,1.0,0,0,2,12,2084,1204,1976,1984,98060,47.2372,-122.3993,2074,39384
4861,580449,6,2.0,896,45512,1.5,0,3,4,11,300,596,1958,0,98179,47.5253,-122.0584,3576,10865
4862,1009496,4,2.0,5719,1858,2.5,0,0,4,4,4650,1069,1950,0,98040,47.4849,-122.4344,3579,14786
4863,742115,1,4.0,2578,25188,2.0,0,0,3,6,1437,1141,2008,0,98199,47.3038,-122.4319,4145,6081
4864,1306065,5,1.0,7541,41648,1.0,0,0,2,3,6425,1116,1950,0,98025,47.4123,-121.4605,4566,4588
4865,1125065,6,3.0,5244,6897,2.0,0,0,3,10,4008,1236,1918,0,98197,47.6178,-122.4237,5670,8012
4866,1117827,6,4.0,4924,26290,2.0,0,1,3,6,4771,153,1961,0,98061,47.539,-121.5489,1557,20471
4867,861744,4,2.0,3737,8105,3.0,0,0,4,6,3259,478,2016,0,98146,47.4372,-121.4117,2588,19764
4868,1338520,5,3.5,6078,42962,2.0,0,4,4,9,4608,1470,1909,0,98071,47.2906,-121.3779,2823,30441
4869,941898,4,3.5,4393,4685,3.0,0,1,3,8,3478,915,1937,0,98166,47.5676,-121.4631,4186,38649
4870,954182,3,3.5,5547,43783,3.0,0,0,3,5,5270,277,1902,0,98064,47.5394,-121.3538,5774,22466
4871,820937,1,3.0,2505,20908,3.0,0,2,3,10,1169,1336,2021,0,98182,47.4208,-122.4378,572,17676
4872,669355,3,2.5,2516,22805,1.0,0,1,3,4,2076,440,1947,2012,98106,47.267,-121.3041,3143,29388
4873,686950,1,4.5,3671,13516,2.0,0,0,2,3,3056,615,1940,0,98079,47.2224,-122.4754,5306,27817
4874,596215,2,4.0,3168,42199,2.0,0,0,3,4,1991,1177,1916,0,98177,47.3376,-122.3002,3649,1669
4875,703443,7,2.5,2378,35349,3.0,0,0,3,11,1522,856,1986,1986,98045,47.7361,-122.4029,3772,6686
4876,485013,6,1.5,1696,6249,2.0,0,0,4,7,1542,154,1990,0,98190,47.6277,-121.6072,3208,5881
4877,644058,4,1.5,2272,11598,2.0,0,0,4,7,1391,881,1972,0,98052,47.7237,-122.3956,3437,5901
4878,350215,2,1.5,661,48642,3.0,0,0,3,8,300,361,1968,0,98031,47.6898,-122.1488,5313,21439
4879,933616,2,3.5,4476,31058,2.5,0,0,3,5,3052,1424,1982,2016,98184,47.4212,-121.7343,1678,24577
4880,553440,6,1.0,2251,22851,2.5,0,0,3,3,1938,313,1992,0,98117,47.4713,-121.9024,3520,23582
4881,615561,6,2.5,1275,13020,3.0,0,3,3,10,682,593,1914,0,98073,47.2187,-122.3365,4560,14567
4882,1510837,1,4.0,7930,27612,1.0,0,0,4,9,7908,22,2005,0,98147,47.6046,-121.8742,1267,35695
4883,1292295,3,2.0,6423,24036,2.0,0,0,3,10,5776,647,1999,0,98124,47.3954,-122.0912,5632,31559
4884,1511477,5,4.0,6917,6687,2.0,0,0,4,11,5588,1329,1955,0,98070,47.2129,-121.7969,5224,3520
4885,1452392,1,4.0,7670,20504,2.5,0,0,3,4,6247,1423,1975,0,98182,47.1667,-121.8538,4850,4703
4886,1220920,5,2.0,5647,2532,3.0,0,4,3,7,5047,600,1977,0,98100,47.5873,-121.3126,1474,10246
4887,1117054,2,4.0,6969,11052,1.0,0,0,3,4,5594,1375,1914,0,98156,47.4375,-121.4638,2272,24250
4888,684566,5,4.0,1439,44114,3.0,0,1,3,10,559,880,2014,0,98187,47.1063,-122.4956,1004,33824
4889,804942,3,2.5,3720,4851,2.5,0,0,3,6,2839,881,1994,0,98062,47.6772,-122.2888,861,11061
4890,446528,1,2.0,1039,12262,2.5,0,2,3,13,300,739,1904,0,98178,47.5336,-121.4042,2785,25651
4891,1410150,6,3.0,7131,5787,2.0,0,2,3,6,7036,95,1943,0,98166,47.1269,-121.8527,5494,25335
4892,1345846,3,4.5,5417,4830,1.5,0,3,4,12,3961,1456,1902,0,98010,47.3133,-121.5886,1412,1990
4893,697956,7,3.5,1961,18713,1.0,0,0,3,10,578,1383,1946,0,98163,47.6057,-121.8958,637,8445
4894,1159441,3,1.5,5684,38143,1.0,0,0,3,9,4902,782,1929,0,98046,47.1413,-121.5571,1484,27801
4895,396935,7,3.5,855,25483,1.5,0,0,2,3,300,555,2010,0,98024,47.6154,-122.3407,2846,27512
4896,850732,1,2.5,4104,44385,2.5,0,0,3,9,2860,1244,1911,0,98098,47.4534,-121.6145,4084,25742
4897,994085,6,3.5,3823,10140,3.0,0,0,3,12,3088,735,1914,0,98115,47.648,-121.4565,3079,4543
4898,271670,3,4.0,734,40696,1.0,0,0,3,5,300,434,1937,0,98073,47.6987,-122.1812,5962,13969
4899,1291187,7,3.0,6870,15707,1.5,0,1,3,7,5792,1078,1927,0,98098,47.6374,-122.058,1714,35422
4900,685065,6,4.5,2048,7709,2.0,0,0,3,10,1198,850,1948,0,98091,47.1547,-121.7913,2406,34753
4901,1558298,4,4.0,7980,13603,2.0,0,2,3,8,7137,843,1986,0,98091,47.4223,-121.4581,1219,15271
4902,716130,4,3.5,2596,17438,2.5,0,0,3,10,1558,1038,1946,0,98127,47.3231,-121.4106,5405,7024
4903,910842,4,1.5,4713,17747,1.0,0,0,4,7,4191,522,1978,0,98160,47.4559,-121.8587,4182,28887
4904,801995,5,,2601,12244,3.0,0,0,4,12,1195,1406,1974,0,98027,47.7761,-121.7103,1324,25036
4905,769159,3,4.5,2173,18338,1.0,0,0,4,11,983,1190,1993,0,98026,47.1871,-121.4525,545,31271
4906,1562102,1,1.5,7208,18285,2.0,0,0,3,13,5809,1399,2017,0,98172,47.7059,-122.2224,2945,39439
4907,1166215,1,3.0,5663,37255,1.0,0,2,4,8,4566,1097,1911,0,98145,47.7936,-121.5097,2034,29558
4908,743531,5,2.0,2600,34402,2.0,0,0,4,13,1782,818,1953,0,98144,47.793,-122.1858,4074,18112
4909,1101578,1,4.0,4157,42615,1.5,0,2,3,11,2949,1208,1982,0,98154,47.6577,-121.8028,2729,23609
4910,1144081,7,4.0,5153,18772,1.5,0,2,3,6,5066,87,1931,0,98102,47.4259,-121.3784,1655,30579
4911,676000,4,1.5,4096,9571,2.0,0,0,3,4,3741,355,1900,0,98056,47.2246,-121.8862,4951,35703
4912,1249049,3,4.5,4248,8759,3.0,1,3,4,10,3160,1088,1915,0,98165,47.5257,-122.3879,946,12291
4913,800190,1,1.5,3673,46102,3.0,0,2,4,7,2377,1296,1910,0,98082,47.5273,-121.425,2391,38051
4914,558913,1,4.0,2315,47444,1.0,0,3,3,4,2125,190,1994,0,98144,47.3215,-121.798,3444,3971
4915,962540,2,3.0,4341,38129,2.0,0,2,3,8,3688,653,1996,0,98002,47.5318,-122.4146,1071,13695
4916,628410,2,2.5,2505,37092,2.5,0,2,3,5,1444,1061,1954,0,98158,47.1816,-122.4874,3594,32362
4917,1307157,2,1.5,7511,22180,3.0,0,0,3,3,6114,1397,1935,0,98073,47.5438,-122.1865,5121,9657
4918,1299379,3,1.5,4993,43321,3.0,1,0,4,8,4329,664,1929,0,98183,47.7277,-122.3557,576,21313
4919,1637608,4,3.5,7805,41674,1.5,0,3,2,13,7426,379,2001,0,98191,47.4304,-121.7459,885,7961
4920,445630,6,3.0,1174,37547,3.0,0,1,3,10,1138,36,1967,0,98115,47.6352,-121.7839,1088,26532
4921,171335,4,1.5,886,47841,3.0,0,0,4,3,300,586,1955,0,98064,47.5449,-121.4909,4161,4942
4922,621914,4,1.5,2658,3874,3.0,0,0,3,5,1707,951,1959,0,98065,47.1021,-121.884,966,39229
4923,813835,3,1.5,3161,13815,2.0,0,0,3,8,1886,1275,1988,0,98155,47.1854,-122.1963,3641,11842
4924,824196,7,4.0,2564,4235,2.0,0,0,4,12,1406,1158,1997,0,98137,47.6424,-122.4397,1516,20244
4925,847981,7,4.0,4351,46074,1.5,0,0,3,5,4341,10,1916,0,98091,47.1283,-122.4874,5697,39759
4926,779584,3,1.0,3753,40650,1.0,0,0,3,9,2528,1225,1932,0,98167,47.7694,-121.3891,4557,20795
4927,1072130,2,3.0,5479,42766,3.0,0,1,3,8,5146,333,1929,0,98163,47.7259,-122.3266,4491,19337
4928,1062411,1,1.5,5136,10204,1.0,0,0,4,11,4718,418,1912,0,98161,47.3537,-121.901,4233,32322
4929,1115923,5,4.5,4766,18444,2.0,0,0,4,8,4529,237,1911,0,98141,47.3173,-121.5463,5341,27928
4930,1357880,5,4.5,7052,32928,3.0,0,1,3,9,6172,880,1931,0,98078,47.5291,-121.3856,3427,8247
4931,391303,6,4.0,1239,14588,1.0,0,1,3,4,300,939,1986,0,98181,47.5283,-122.258,5346,6780
4932,649601,1,4.5,1901,39656,1.0,0,0,4,12,424,1477,1992,0,98001,47.1623,-122.2217,1015,30583
4933,780499,6,4.0,3759,6359,2.5,0,0,3,6,3452,307,1933,0,98178,47.2508,-122.2843,1755,23204
4934,1504303,2,4.5,7501,45517,2.0,0,0,3,7,6921,580,1982,0,98071,47.5455,-122.3093,1945,24017
4935,584281,6,3.5,2777,6553,1.5,0,1,3,4,2608,169,1911,0,98175,47.6605,-121.9541,5310,17412
4936,1008128,1,2.0,4404,12444,1.5,0,0,3,13,3232,1172,1903,0,98103,47.2344,-121.7369,5083,39691
4937,938023,1,2.0,4423,3654,2.5,0,0,3,12,3830,593,1988,0,98180,47.5914,-121.6525,3523,30070
4938,1030899,5,2.5,4714,26685,1.0,0,2,3,12,4263,451,1925,0,98034,47.7093,-122.1074,1597,7666
4939,1039250,7,3.5,3727,13406,2.5,0,3,3,12,3206,521,1981,0,98117,47.1825,-121.7514,3669,14578
4940,937820,2,1.5,3331,24608,2.5,0,0,5,9,2391,940,1963,0,98092,47.4074,-122.4972,5098,27651
4941,733882,3,2.0,4258,42605,2.0,0,0,3,6,3819,439,1929,0,98007,47.6954,-121.4341,4787,5944
4942,905846,6,3.0,3012,33303,3.0,0,0,3,11,2866,146,2021,0,98174,47.3594,-121.4563,1221,21729
4943,681340,5,2.0,2651,30782,1.0,0,0,3,10,1766,885,1933,0,98116,47.2886,-121.8471,5024,21203
4944,907179,6,3.5,4175,15429,1.5,0,0,3,12,3878,297,1932,2014,98079,47.6219,-122.208,876,4411
4945,981995,6,4.5,3245,48443,1.5,1,0,4,11,2876,369,1930,2007,98024,47.3805,-121.3333,4166,13346
4946,1435423,3,4.0,6591,6524,2.5,0,0,4,10,5783,808,1955,0,98091,47.5944,-121.5272,1798,4441
4947,907719,2,3.5,4366,4470,2.5,0,0,4,7,3473,893,1961,0,98039,47.1885,-122.4797,3836,25115
4948,1039182,1,3.5,4264,26520,2.5,0,2,4,11,3008,1256,1930,0,98190,47.4875,-121.9364,5587,38474
4949,1310257,4,3.0,6301,23265,1.0,0,0,4,7,5642,659,1976,0,98195,47.3656,-122.3775,5579,18677
4950,1237633,6,1.5,6318,2641,2.5,0,0,3,10,6195,123,1923,0,98074,47.7981,-122.3413,1741,18442
4951,858691,4,4.5,2722,33118,2.5,0,4,3,6,1288,1434,1968,2003,98169,47.514,-122.4984,3255,1514
4952,691687,2,2.0,3292,24729,3.0,0,0,3,7,3045,247,1950,0,98157,47.5775,-121.6747,3375,6823
4953,777785,4,1.5,2197,43414,1.0,0,3,3,13,712,1485,1964,0,98017,47.1917,-122.197,5297,10712
4954,1420973,6,4.0,6040,5648,2.0,1,0,3,6,4635,1405,1997,0,98137,47.7944,-122.1342,1745,32782
4955,1481276,3,1.5,7801,26683,2.0,0,0,3,4,6680,1121,2009,0,98119,47.136,-122.4436,4756,25902
4956,818100,4,2.5,3962,1277,3.0,0,0,3,6,3003,959,1908,0,98015,47.1496,-122.4905,752,17322
4957,1016726,2,1.0,4563,28130,1.5,0,0,3,13,3434,1129,1907,0,98004,47.153,-121.5487,2004,30528
4958,1155446,2,1.5,6355,44382,2.0,0,0,3,7,5474,881,2021,2018,98149,47.7094,-121.7063,4882,37444
4959,661461,7,1.5,2024,15683,1.0,0,0,3,8,1347,677,2006,0,98071,47.61,-122.0412,4799,20472
4960,1176440,7,1.0,5260,23776,1.5,0,0,4,6,3787,1473,1935,1985,98176,47.7811,-122.4161,3774,28535
4961,491961,3,3.5,532,1602,2.5,0,0,3,13,300,232,1992,0,98136,47.1466,-121.569,3420,38624
4962,1428585,4,4.5,6698,7604,1.0,0,0,4,12,6129,569,1998,0,98046,47.5842,-121.3884,3488,34688
4963,958517,4,2.5,4525,8925,1.5,0,0,4,6,4046,479,1968,0,98135,47.4733,-121.8671,677,24593
4964,856927,7,4.5,3066,1957,2.0,0,0,3,8,2185,881,1955,0,98110,47.5474,-122.3333,3274,6206
4965,769861,1,2.0,3303,30389,2.5,0,4,3,9,2835,468,1945,2009,98198,47.459,-121.717,3285,21870
4966,854127,5,2.5,4396,46705,2.5,0,0,3,9,4031,365,1909,0,98137,47.5727,-122.4142,4375,37606
4967,964169,2,1.5,4209,42929,1.0,0,4,4,6,3452,757,2001,0,98176,47.7349,-122.3014,1123,9389
4968,1290151,1,3.5,6655,35170,2.5,0,0,3,7,5877,778,1973,0,98100,47.5112,-121.9351,2057,34566
4969,1047344,2,2.5,6147,11386,1.5,0,0,3,5,5222,925,1910,0,98052,47.7275,-122.2012,4554,1968
4970,449740,1,3.5,1219,7464,3.0,0,0,3,7,881,338,2015,0,98157,47.6475,-121.3837,1839,23362
4971,1415521,7,4.0,7198,36463,2.0,0,2,3,12,5999,1199,1907,0,98003,47.7054,-121.5294,5525,32652
4972,1634408,7,3.0,7016,35640,1.0,1,1,4,7,5697,1319,1967,1982,98109,47.5615,-122.1679,1095,20317
4973,1147982,5,3.5,5079,35843,3.0,0,2,3,6,4986,93,2016,0,98159,47.463,-121.3434,883,4543
4974,450990,1,4.5,1472,28179,3.0,0,0,3,8,1118,354,1917,0,98088,47.1487,-122.046,3259,21290
4975,1060002,2,2.0,4218,12882,1.0,0,2,3,7,3127,1091,2021,0,98063,47.6844,-121.818,3087,30432
4976,1513839,4,2.5,7895,37320,1.5,0,0,3,10,7747,148,1983,0,98152,47.2694,-121.8232,2864,28414
4977,1566682,2,4.0,7266,9190,2.0,1,0,3,4,7262,4,2021,0,98176,47.1257,-121.7205,2887,8354
4978,1067457,6,3.5,4902,5503,1.0,0,0,3,8,4657,245,2009,0,98100,47.4633,-122.2076,4580,16263
4979,1114382,7,1.5,5052,16552,3.0,0,0,3,4,4291,761,2021,1982,98035,47.5428,-121.3935,723,11501
4980,648557,3,2.5,2707,47443,3.0,0,1,3,8,1721,986,1902,0,98118,47.5633,-122.1812,5907,34823
4981,885910,3,3.0,4926,48367,1.0,0,0,3,6,4280,646,2007,0,98025,47.5688,-121.7022,4784,12399
4982,1249167,7,2.5,7419,32212,3.0,0,0,4,3,6527,892,1914,0,98184,47.5576,-121.5811,1006,9014
4983,1041694,6,1.5,4820,20071,1.0,0,0,3,8,4377,443,1959,0,98103,47.6657,-121.4422,3296,20989
4984,972978,3,4.5,3530,11241,1.0,0,4,2,5,2323,1207,2019,0,98021,47.6386,-121.9517,2671,24134
4985,1435050,7,4.0,7372,48982,2.0,0,0,3,9,7086,286,1971,2019,98143,47.669,-121.646,2576,11794
4986,766053,3,3.0,4075,13750,1.0,0,0,3,5,3864,211,2009,0,98131,47.4222,-122.3975,5902,2218
4987,1356009,7,3.5,6075,8977,3.0,0,0,3,12,5056,1019,1954,0,98121,47.144,-121.5664,3875,5593
4988,813780,5,4.5,3616,29675,2.5,0,1,3,6,2921,695,1969,0,98010,47.5477,-121.5932,4904,2219
4989,1034815,4,1.5,3785,15502,2.0,0,4,2,11,3569,216,2020,0,98178,47.2472,-122.0073,3342,36147
4990,1201599,4,2.0,5678,5814,3.0,0,0,4,9,4830,848,2009,0,98126,47.7017,-122.1239,770,12617
4991,392829,2,3.0,1143,42420,3.0,0,0,3,6,809,334,1999,0,98080,47.6052,-122.0438,1875,35778
4992,1128802,6,4.0,5211,43361,2.0,0,2,3,4,4325,886,1983,0,98013,47.6361,-122.3913,501,23555
4993,303529,7,1.0,694,18771,2.0,0,4,3,7,523,171,1931,0,98044,47.3005,-121.7346,5791,33553
4994,986191,1,5.0,4496,5513,3.0,0,0,3,10,3622,874,1905,0,98129,47.5431,-121.4044,3231,18623
4995,271555,2,3.0,988,47746,2.5,0,0,3,4,470,518,1915,0,98175,47.4697,-121.7011,5886,24019
4996,849359,2,2.5,2704,24025,1.5,0,1,1,11,1374,1330,2012,0,98055,47.2879,-121.8034,5264,14501
4997,704184,7,2.0,3157,35220,3.0,0,0,2,7,3005,152,1965,0,98161,47.6686,-121.3112,5411,19916
4998,1205618,7,1.5,5845,43098,2.0,0,0,3,8,5359,486,1981,0,98016,47.485,-121.8498,5602,34889
4999,1418043,2,4.0,7055,2630,1.0,0,0,3,9,6645,410,2008,0,98048,47.2336,-122.085,1154,7554
5000,1145746,2,5.0,3776,7348,1.0,1,0,2,11,2332,1444,1989,0,98035,47.3137,-121.6544,2686,25948
5001,523725,4,2.5,1602,1210,2.0,0,0,4,9,1292,310,1983,0,98051,47.259,-121.8743,3869,10574
5002,1230228,1,5.0,5743,14163,2.0,0,4,3,6,5257,486,1915,0,98188,47.3187,-121.3335,3133,38009
5003,1523291,2,4.5,7114,48908,1.5,1,0,3,7,6615,499,1984,0,98078,47.2317,-121.4225,1534,38601
5004,573548,4,3.0,1741,21848,2.0,0,2,3,5,1174,567,2008,0,98105,47.3598,-121.3638,3825,39773
5005,263322,2,3.5,1015,27382,1.0,0,2,2,3,924,91,1913,0,98091,47.5858,-122.4988,2527,13677
5006,1160200,3,2.5,6221,32421,2.5,0,0,4,5,5553,668,1961,0,98172,47.7715,-122.0989,4221,8963
5007,1050605,2,3.0,5723,13424,2.0,0,2,3,3,5231,492,1917,0,98176,47.2474,-121.7473,3274,37672
5008,253659,7,1.0,892,14684,1.5,0,0,2,7,300,592,1907,0,98129,47.3099,-122.13,1976,1338
5009,533203,6,4.0,1130,41002,2.5,0,0,3,9,300,830,1904,2005,98107,47.1015,-121.7123,1089,20089
5010,979809,6,1.0,4216,8171,1.5,0,0,2,11,4171,45,1987,0,98094,47.2577,-121.6421,5363,33079
5011,572467,2,4.5,2347,32772,2.5,0,0,3,6,1543,804,1940,2020,98035,47.3929,-121.7521,1188,38093
5012,885811,5,4.5,3155,31750,2.0,0,0,3,12,2397,758,2010,0,98138,47.4232,-121.9501,4488,37272
5013,682331,3,2.0,1479,28067,1.0,0,0,3,12,300,1179,1992,2003,98095,47.2864,-121.6639,2002,2117
5014,1027789,1,2.5,5029,3069,2.5,0,0,1,3,4294,735,1958,0,98012,47.2052,-121.5635,4619,37467
5015,806348,2,3.0,3902,44111,3.0,0,0,4,9,2920,982,1908,0,98104,47.4941,-121.6647,5190,23736
5016,1548464,1,3.5,7810,21305,1.5,0,4,3,5,7050,760,2015,0,98035,47.3864,-121.5256,2085,24563
5017,908682,3,2.0,4371,41385,2.5,0,3,3,3,3133,1238,1941,0,98167,47.3984,-121.3633,3511,18866
5018,1260438,2,3.5,7183,42131,1.5,0,0,3,6,7107,76,1917,0,98128,47.7265,-122.377,5562,6350
5019,509403,5,2.0,777,44643,1.0,0,0,4,13,300,477,1945,0,98096,47.493,-121.4123,4463,30151
5020,373741,4,1.0,732,32650,1.5,0,0,3,11,683,49,1981,0,98173,47.3718,-122.1718,5042,15024
5021,587008,5,1.0,2052,21875,1.5,0,0,4,8,1392,660,1947,2003,98028,47.2777,-121.8235,2089,33137
5022,1196798,7,1.5,6190,4432,3.0,0,2,3,8,6084,106,1927,0,98152,47.4,-121.3692,4448,7542
5023,1472073,5,4.0,5709,22337,1.5,1,3,3,9,4254,1455,1936,0,98148,47.7033,-121.7559,2778,30500
5024,748499,4,5.0,3770,47296,2.5,0,0,4,3,3073,697,1973,0,98011,47.7756,-122.399,959,18118
5025,692277,7,2.5,2909,11399,1.5,0,0,4,7,2412,497,1919,1996,98028,47.3641,-121.9009,1322,13178
5026,902538,4,3.0,4012,41456,2.0,0,0,3,6,2982,1030,1937,0,98020,47.2463,-121.4268,3835,2980
5027,212202,6,1.5,525,49229,1.5,0,0,3,6,300,225,1940,0,98197,47.7402,-122.0055,2294,22315
5028,1724924,4,3.0,7692,14503,2.0,1,2,3,9,7401,291,1986,0,98191,47.2011,-121.4825,5530,19122
5029,1077024,2,1.5,6013,28578,1.5,0,0,3,4,5035,978,,0,98116,47.3082,-121.547,5849,36307
5030,1554322,1,3.5,7150,29361,1.5,0,1,4,7,5785,1365,1961,1986,98058,47.2429,-121.4123,4335,2981
5031,1656770,6,4.5,7968,32679,2.5,0,0,3,9,6665,1303,2006,0,98040,47.4961,-122.1843,914,34475
5032,1158377,6,2.0,6910,18762,2.0,0,0,3,5,6375,535,1919,0,98007,47.386,-121.9041,1330,10041
5033,300013,1,4.0,960,13463,2.0,0,0,3,4,649,311,1922,0,98086,47.301,-122.0977,1253,19510
5034,889694,6,1.0,4264,42780,3.0,0,0,3,3,3774,490,1949,0,98165,47.6375,-121.8589,5975,19422
5035,1227932,4,2.5,7099,49287,1.5,0,1,3,7,7023,76,1904,0,98157,47.5649,-122.4771,3667,31400
5036,915625,5,1.5,3931,27037,1.5,0,2,3,7,3808,123,1959,0,98076,47.7969,-122.21,5956,15709
5037,1122155,3,2.5,5687,25936,2.5,0,1,3,6,4722,965,1990,0,98093,47.3184,-121.3312,5920,22749
5038,1128168,4,1.5,5602,10896,3.0,0,0,4,10,5319,283,1972,1983,98164,47.6917,-121.7762,5706,19168
5039,1373947,7,2.5,7506,14122,3.0,0,1,3,4,6662,844,1942,0,98035,47.3118,-122.292,1014,1478
5040,923047,7,2.5,3983,33508,2.5,0,0,3,6,3502,481,2004,0,98107,47.1063,-121.89,4288,16546
5041,558785,5,2.0,2494,45982,2.0,0,0,2,7,1247,1247,1935,0,98150,47.2056,-121.6624,1429,4409
5042,585894,5,3.5,990,14764,1.0,0,0,3,11,300,690,2003,0,98018,47.4559,-121.7755,2472,9655
5043,546926,6,4.5,1572,36336,2.5,0,0,3,5,965,607,2000,0,98185,47.667,-121.8977,5642,11074
5044,1298049,2,2.5,7207,7521,2.0,0,2,5,3,6651,556,1902,0,98086,47.1402,-121.6912,1444,19582
5045,791584,2,2.0,3673,38168,3.0,0,0,4,6,3605,68,1960,0,98083,47.6824,-122.2997,4580,30417
5046,468671,6,2.0,715,22827,2.5,0,0,4,12,300,415,1953,1999,98034,47.6013,-121.9742,4242,30866
5047,674001,6,4.5,2223,17813,1.0,0,0,2,8,2156,67,1935,0,98074,47.1242,-121.5997,5069,29995
5048,542642,1,3.5,2092,44731,1.5,0,0,4,9,2015,77,2011,0,98083,47.1744,-121.8047,1595,1974
5049,643758,1,3.0,3106,21055,2.5,0,0,3,6,1937,1169,1944,0,98102,47.1529,-121.4125,1288,23022
5050,273521,3,1.5,658,17747,1.0,0,0,3,6,584,74,1998,0,98009,47.5753,-121.9675,5803,3904
5051,1402515,3,3.0,7132,33848,1.0,0,1,3,8,6619,513,1999,0,98051,47.4927,-122.3414,4990,10389
5052,870295,3,2.0,5281,35214,2.5,0,0,3,3,4288,993,1928,0,98028,47.3512,-122.4415,2166,31680
5053,945762,3,5.0,3813,10463,2.0,0,2,3,7,2703,1110,1996,0,98025,47.1618,-121.9271,5989,14982
5054,927182,5,4.5,3341,16712,2.5,0,0,3,13,2270,1071,1925,0,98180,47.3751,-121.9749,5431,34357
5055,479983,5,1.5,2276,38319,3.0,0,0,2,5,1511,765,1907,0,98026,47.5775,-122.1922,3242,25971
5056,643548,1,3.0,2552,19068,1.0,0,0,2,10,1487,1065,1972,0,98147,47.1654,-121.7914,1980,11867
5057,1164675,2,2.0,6439,18461,1.0,0,1,3,7,6306,133,1921,0,98100,47.6996,-122.1998,4918,10280
5058,1379913,6,2.5,7004,10853,1.5,0,0,4,9,6178,826,1968,0,98068,47.144,-122.2404,3031,37636
5059,1461664,7,4.5,7102,40817,1.0,0,0,4,10,6510,592,1943,0,98049,47.5257,-121.7533,4068,9132
5060,845881,2,3.0,2795,42472,1.5,0,3,3,10,1753,1042,1940,0,98026,47.2324,-121.3661,522,3258
5061,1011176,4,2.5,6185,3079,1.0,0,0,2,4,5494,691,1935,0,98045,47.1641,-122.2567,4613,25501
5062,622140,5,2.0,2196,35775,1.0,0,3,2,4,1368,828,1995,0,98067,47.3485,-122.2806,1451,22221
5063,833101,3,4.0,3493,35075,2.5,0,0,3,12,2350,1143,1929,0,98117,47.5668,-121.8768,1763,28256
5064,974070,3,3.5,2969,33563,2.5,1,1,4,7,1611,1358,1948,0,98100,47.1847,-122.3567,3397,26964
5065,732672,4,3.0,2446,14691,3.0,0,0,3,5,1916,530,2007,0,98135,47.433,-122.1471,1094,29429
5066,974016,2,2.0,4309,20132,2.0,0,0,4,12,4240,69,2008,0,98010,47.3843,-121.3111,4675,23863
5067,1164976,3,2.5,6658,39360,3.0,0,0,3,3,6225,433,2006,0,98196,47.3992,-121.4907,992,15427
5068,911069,2,5.0,3283,17829,1.0,0,0,3,10,2071,1212,2018,0,98135,47.7604,-121.6527,3528,38440
5069,1010322,6,3.0,4144,8933,3.0,0,1,4,8,2718,1426,1916,0,98150,47.3443,-122.4688,5143,8621
5070,1180993,4,2.5,5741,31848,2.5,0,2,3,5,4331,1410,1929,0,98053,47.7941,-122.1819,4880,37481
5071,1501904,7,3.0,6920,40145,1.0,0,0,3,10,6788,132,2010,0,98029,47.4769,-121.8164,1598,39459
5072,1311001,2,4.0,6177,41067,1.0,0,0,4,13,4932,1245,1972,0,98139,47.6897,-121.6477,5260,20836
5073,534266,6,2.5,3000,20366,3.0,0,0,3,3,2934,66,1903,0,98127,47.3442,-121.6979,3082,39300
5074,1397442,2,1.5,7961,8706,1.5,0,0,3,5,7155,806,1975,0,98191,47.1593,-122.2774,5928,39458
5075,947545,2,3.5,4145,35974,2.0,0,0,3,11,3915,230,1934,0,98189,47.1591,-121.9405,5087,22513
5076,734403,3,3.5,3145,9754,3.0,0,0,4,8,2478,667,1983,0,98056,47.5019,-122.2618,1203,30393
5077,1230639,1,4.0,7089,40018,3.0,0,0,2,3,6940,149,1916,0,98121,47.7509,-121.3917,4543,19555
5078,1472392,5,4.5,6853,20134,2.0,0,0,4,11,5721,1132,1985,0,98057,47.1499,-121.8311,1598,1709
5079,1378801,2,2.5,7357,40376,1.0,0,0,2,9,5905,1452,1906,0,98134,47.5824,-122.0317,4413,26312
5080,545110,2,1.5,2849,35150,1.0,0,0,3,3,2031,818,2002,0,98037,47.4943,-121.3984,648,6800
5081,849844,2,5.0,2432,4462,1.5,1,0,3,3,1818,614,2016,0,98013,47.5566,-121.4152,3925,26593
5082,833538,1,2.5,3794,8930,3.0,0,0,3,7,2690,1104,1961,0,98047,47.2509,-121.8951,3963,7899
5083,722442,6,3.5,2257,13602,2.0,0,2,3,13,1718,539,1957,0,98075,47.1494,-121.6759,5584,37762
5084,1305348,7,3.5,6646,32683,3.0,0,0,4,6,5615,1031,1943,0,98192,47.1523,-122.1174,2759,16871
5085,1199503,7,3.0,5585,15401,2.5,0,0,3,10,5111,474,1957,0,98097,47.2727,-122.1308,1604,34898
5086,1184612,4,2.0,6137,3409,3.0,0,1,4,4,5884,253,1952,0,98172,47.2495,-121.8405,2970,21426
5087,561603,3,4.0,1616,18820,3.0,0,0,3,8,1124,492,2017,0,98176,47.1885,-121.484,4573,23476
5088,825041,1,4.0,3067,46626,2.5,0,0,2,10,2403,664,2005,1994,98091,47.2853,-121.7834,5433,15806
5089,764901,6,3.0,3999,25737,2.5,0,0,2,3,3429,570,1971,0,98103,47.4738,-121.9492,3410,38015
5090,235022,2,3.0,992,15416,2.0,0,0,3,5,300,692,1908,0,98146,47.7647,-121.703,2746,23426
5091,758292,6,1.5,3806,3215,1.0,0,0,3,3,3005,801,2009,0,98118,47.7456,-121.5252,2450,20093
5092,434347,1,1.5,1119,8763,1.5,0,0,3,9,300,819,1905,2019,98173,47.2902,-121.5552,3956,27176
5093,794691,1,2.5,3732,41933,2.5,0,1,4,3,2382,1350,1918,1983,98160,47.1463,-122.0553,3457,19996
5094,929848,1,2.0,4323,24196,1.0,0,0,3,11,3440,883,1985,0,98024,47.7969,-121.3772,5738,32211
5095,1603071,4,5.0,6974,13101,2.0,1,0,3,10,5726,1248,2010,0,98086,47.4335,-122.4811,5003,26127
5096,804462,5,4.0,2880,43877,3.0,0,1,4,13,2451,429,1919,0,98178,47.7848,-121.9591,5447,7426
5097,1177836,3,3.5,6693,39143,2.0,0,0,4,5,5888,805,1963,0,98059,47.4763,-121.411,3132,8123
5098,716534,4,3.0,2046,36283,2.0,0,0,4,6,1938,108,1983,0,98003,47.7205,-121.6648,3093,3348
5099,1251194,4,1.5,5458,31512,2.5,0,0,4,11,4018,1440,1990,0,98067,47.4131,-121.6552,3581,15261
5100,1413252,5,5.0,6287,34286,1.5,0,0,3,12,4891,1396,1926,0,98014,47.5354,-122.3122,1346,20580
5101,939751,4,2.5,4063,18509,2.5,0,1,4,8,3308,755,1906,0,98096,47.475,-121.8015,3172,14755
5102,547169,1,1.5,2105,39819,3.0,0,1,3,7,1828,277,2017,0,98016,47.2539,-121.3397,5945,11864
5103,796413,1,3.0,4252,45101,2.5,0,0,4,7,2818,1434,1923,0,98197,47.6347,-122.2461,1534,9767
5104,1342133,6,4.5,6915,30537,3.0,0,2,2,3,5701,1214,1907,0,98190,47.1384,-122.1074,4566,37131
5105,950261,2,4.5,5175,44904,2.5,0,0,4,3,4509,666,1966,0,98187,47.3537,-122.0337,5594,18277
5106,578459,4,1.0,2390,17861,1.5,0,0,3,5,1346,1044,1910,0,98095,47.7089,-122.0681,2416,5783
5107,393180,2,4.5,1775,41981,1.0,0,0,3,4,827,948,1999,0,98149,47.4519,-121.7475,5474,34607
5108,1400242,3,2.0,7203,29399,1.5,0,0,3,12,6954,249,1965,0,98168,47.1544,-122.2185,2907,33240
5109,600640,7,1.0,3243,30392,2.5,0,0,4,3,2685,558,1900,0,98061,47.2453,-121.8932,3729,7209
5110,1241932,1,4.5,6451,24849,2.0,0,0,3,7,5053,1398,1906,0,98051,47.1767,-122.0197,5877,8996
5111,1566765,6,4.5,7757,41531,1.0,0,0,5,13,7474,283,1923,0,98085,47.2943,-121.7266,5322,21594
5112,745350,3,3.5,2993,48647,2.0,0,4,3,5,2250,743,1911,0,98010,47.2157,-122.2097,1664,9532
5113,1505296,6,3.5,7660,22791,1.5,0,1,3,9,6980,680,1962,1990,98169,47.5984,-121.8363,5965,10402
5114,1404997,7,4.5,5951,27885,1.0,0,0,3,10,4959,992,1971,0,98012,47.5616,-121.6116,1384,37965
5115,1270650,7,4.0,5758,21101,2.5,0,0,3,12,5239,519,1912,0,98192,47.1946,-121.6685,5784,16233
5116,531338,5,4.5,856,14767,2.0,0,0,3,8,300,556,1969,0,98128,47.4115,-121.4989,2696,9591
5117,1355335,1,3.0,6220,19027,2.5,0,3,3,7,4755,1465,2002,0,98167,47.3071,-121.3526,1969,28927
5118,1563529,3,5.0,6917,30066,3.0,0,3,1,12,6173,744,1987,1983,98097,47.3361,-121.4752,1594,35059
5119,1448312,5,5.0,7686,41604,1.0,0,0,3,7,7242,444,2015,0,98192,47.5032,-121.3742,5742,29482
5120,1160304,7,1.5,6602,39816,2.0,0,0,2,3,6186,416,1923,0,98199,47.7291,-122.479,4526,28301
5121,1332094,3,4.5,6954,6504,1.5,0,0,4,8,6424,530,1937,0,98001,47.7281,-121.7453,4418,36899
5122,637784,6,3.0,1369,44354,1.5,0,0,3,8,908,461,2007,1992,98014,47.3891,-122.1787,4151,35259
5123,424062,5,2.5,1385,6063,1.5,0,0,3,5,300,1085,1970,0,98173,47.3752,-121.5292,3082,9540
5124,668619,5,3.5,2501,24884,1.5,0,0,3,6,1698,803,1909,0,98149,47.4626,-121.5172,1187,10929
5125,1070793,1,1.0,6797,48780,2.0,0,0,4,6,5895,902,1929,0,98173,47.4319,-122.4427,1868,17691
5126,1174210,2,3.0,6009,4236,3.0,0,0,2,8,5894,115,2002,0,98113,47.1432,-121.7853,2050,24295
5127,663016,6,4.5,1783,20570,1.5,0,0,3,10,653,1130,1987,0,98081,47.5051,-121.4789,5920,20354
5128,524073,6,2.0,1119,42705,1.5,0,1,3,11,300,819,1926,0,98062,47.5093,-121.7951,3968,9448
5129,507669,5,2.5,1382,9540,1.5,0,0,4,11,1351,31,1929,0,98045,47.4152,-121.9894,4341,28544
5130,624385,5,5.0,1296,31617,3.0,0,2,3,7,999,297,1978,0,98182,47.3898,-122.4079,1964,35966
5131,1024126,1,2.5,4142,36240,1.0,0,0,3,10,2958,1184,2016,0,98127,47.7573,-121.6237,1891,31834
5132,1294071,2,2.5,6768,2881,1.5,0,0,3,10,5987,781,1901,0,98113,47.5206,-122.4104,601,6553
5133,997254,6,3.0,3925,42575,1.5,0,0,4,12,2941,984,1907,1982,98079,47.6714,-121.7825,5372,30203
5134,550517,7,3.0,1796,11299,1.5,0,4,3,6,1385,411,1916,2005,98130,47.7677,-121.3988,2968,35058
5135,1005270,4,3.5,5214,7743,1.0,0,0,3,6,4589,625,1947,0,98141,47.6671,-121.9971,1336,24144
5136,1192578,4,4.0,6430,33780,1.5,0,0,3,5,6008,422,1963,2003,98157,47.7601,-121.5758,966,2350
5137,371904,2,3.0,744,13600,1.0,0,0,4,7,300,444,1960,2012,98156,47.6315,-121.5402,3849,29856
5138,669508,3,4.5,3395,30892,1.0,0,0,3,10,2853,542,1912,0,98008,47.2191,-122.4876,3187,36297
5139,1399905,1,3.0,7093,26024,2.5,0,0,3,10,6942,151,1981,0,98163,47.2589,-121.4021,4965,30690
5140,579404,2,2.5,1429,17609,2.5,0,4,3,11,675,754,1920,0,98024,47.2357,-122.2735,3246,26491
5141,1265319,4,3.5,5866,8798,1.5,0,3,3,3,4381,1485,1999,0,98007,47.3255,-122.1608,4465,21081
5142,491609,5,4.0,1019,25351,2.0,0,1,3,6,300,719,1975,0,98028,47.3485,-121.4551,1624,14260
5143,992668,4,3.0,3712,48888,2.5,0,4,3,8,2875,837,,0,98090,47.6678,-121.6761,5379,26717
5144,520024,5,1.0,2909,38780,2.5,0,0,4,7,2374,535,1901,0,98191,47.3526,-122.0538,532,23533
5145,239509,1,1.5,507,11053,2.0,0,0,3,6,300,207,1983,0,98006,47.6091,-122.3945,5654,32304
5146,764793,5,2.0,3025,30621,3.0,0,0,3,13,1648,1377,1922,0,98122,47.7327,-122.0365,3780,28741
5147,832852,2,2.0,3923,13026,1.5,0,0,4,5,2499,1424,1984,0,98120,47.1802,-121.3404,1424,7077
5148,746660,5,3.5,2519,3446,3.0,0,4,3,4,1396,1123,1994,1985,98011,47.1002,-122.3745,2922,30320
5149,1041714,3,1.0,5090,19507,3.0,0,0,4,11,4670,420,1915,0,98038,47.7221,-121.4846,4158,8717
5150,1342563,2,4.0,6225,42542,1.0,0,2,3,12,4896,1329,1912,0,98194,47.2668,-122.1096,858,31592
5151,1335900,1,2.0,7476,15935,1.0,0,1,4,5,6203,1273,1903,1996,98191,47.2074,-121.7145,1348,14186
5152,1006376,2,2.0,5658,37628,1.5,0,0,4,6,5230,428,1901,0,98032,47.3066,-121.7421,4047,10584
5153,1409101,3,3.0,7236,3952,2.0,0,0,3,3,5937,1299,2013,0,98026,47.2302,-122.1093,2762,17035
5154,892701,1,2.0,4782,47047,1.0,0,0,3,3,4468,314,1964,0,98032,47.6556,-122.4348,3340,4872
5155,939894,4,4.5,4167,43561,2.5,0,0,3,12,3853,314,1925,0,98163,47.5442,-122.3214,5129,25363
5156,825803,3,1.5,4171,6377,1.5,0,0,4,11,4082,89,1929,0,98130,47.2171,-121.821,1704,31223
5157,1007152,1,3.0,3301,41940,3.0,0,0,2,13,1883,1418,,2004,98131,47.5085,-121.3614,1784,35636
5158,1485173,7,4.5,6473,16883,1.5,1,0,4,6,6035,438,1937,0,98161,47.2457,-121.3891,5190,38600
5159,1381554,5,3.5,6736,34652,1.0,0,1,3,12,5462,1274,1919,0,98007,47.2383,-122.3638,4273,14613
5160,143441,2,2.0,585,14562,2.0,0,0,3,6,300,285,1924,0,98176,47.5168,-121.4497,1921,15779
5161,791594,1,2.5,3615,32220,3.0,0,0,3,8,2515,1100,1951,0,98089,47.5653,-122.2194,2639,21988
5162,965026,2,4.0,4732,41398,2.0,0,2,2,4,4163,569,1982,0,98080,47.3423,-121.4082,2838,2205
5163,804852,5,5.0,2968,28314,1.5,0,0,5,8,2869,99,1990,0,98151,47.6344,-121.5898,4995,25456
5164,1360569,1,4.5,6717,34989,2.0,0,0,4,9,5827,890,1909,0,98081,47.6861,-121.3465,5604,21145
5165,789562,4,2.5,4119,14578,2.0,0,1,3,3,3308,811,1940,0,98097,47.7414,-121.9699,2840,9046
5166,767111,7,5.0,2136,47046,1.5,0,3,3,10,1139,997,1980,0,98103,47.5382,-121.6221,3404,29284
5167,1050115,7,1.0,4083,43642,3.0,0,3,3,8,2599,1484,1960,0,98009,47.254,-121.6177,5552,13724
5168,1566791,3,1.0,7823,39762,2.0,0,0,4,11,6402,1421,2010,0,98067,47.6239,-121.9046,4706,36776
5169,889973,1,4.5,4509,18802,2.0,0,0,4,6,4265,244,1901,0,98176,47.1755,-121.3306,1076,28172
5170,984236,5,2.0,3826,2854,1.5,0,0,3,13,2422,1404,1980,0,98163,47.2269,-122.2076,5097,8656
5171,608397,1,1.0,2718,22756,2.5,0,4,3,4,2667,51,1906,2003,98062,47.683,-121.3165,5546,28414
5172,1218132,2,2.0,6347,37290,2.0,0,0,3,11,6186,161,1959,1996,98152,47.7376,-121.5255,1236,22649
5173,801669,6,2.5,2717,36511,1.0,0,0,4,10,1503,1214,1960,0,98070,47.1467,-121.7607,4735,13171
5174,1245710,1,4.0,6383,26002,3.0,0,2,3,4,6262,121,1979,0,98078,47.3185,-122.4093,1330,13909
5175,1420245,7,3.5,5467,41375,2.0,0,4,4,10,4033,1434,2012,0,98003,47.5404,-122.1888,5769,24172
5176,824102,7,2.0,2869,43144,1.5,0,0,4,13,1856,1013,1926,0,98006,47.7571,-121.4905,3687,5883
5177,917866,7,3.0,4138,19459,1.0,0,0,3,10,3845,293,1900,0,98164,47.4995,-121.6262,4727,18089
5178,735579,4,4.5,3003,26190,1.5,0,0,4,7,2758,245,1985,0,98086,47.6747,-121.3448,3408,5551
5179,584269,1,4.5,1443,6235,2.0,0,2,3,9,300,1143,1985,0,98053,47.7459,-122.0239,1801,8013
5180,1153036,3,2.5,6222,19143,1.0,0,0,3,9,4750,1472,1926,0,98132,47.4633,-121.4267,1773,31406
5181,654837,1,5.0,3337,19943,3.0,0,0,4,6,2992,345,1979,0,98010,47.6183,-121.4658,5213,2063
5182,785287,6,4.0,3160,13344,3.0,0,0,3,8,1969,1191,1959,0,98113,47.5637,-121.3406,3374,33747
5183,1593270,7,1.0,7822,48923,3.0,0,2,3,12,6394,1428,1952,0,98049,47.57,-122.1731,4035,21022
5184,683557,2,1.0,3436,17131,2.5,0,0,3,8,1997,1439,1935,0,98171,47.4619,-121.9066,3039,9041
5185,1069419,7,1.5,4944,13514,1.5,0,1,3,8,4344,600,1979,0,98196,47.5362,-122.4028,4950,32912
5186,1090981,1,4.0,4447,48248,2.0,0,0,4,11,3847,600,1923,0,98013,47.4881,-121.7909,746,3826
5187,396454,4,1.5,2176,6410,1.0,0,0,4,4,2141,35,1934,1985,98083,47.5464,-121.6212,800,3503
5188,816403,5,3.0,1696,19660,1.5,0,4,3,12,657,1039,1932,0,98110,47.4536,-122.2144,5934,8880
5189,886631,1,1.5,4605,45607,2.0,0,0,3,10,4400,205,1916,1993,98119,47.2557,-122.2964,3709,35344
5190,868371,1,4.5,3287,1144,2.5,0,0,4,10,2614,673,1968,0,98171,47.5855,-121.7326,5511,12164
5191,1288123,3,2.5,7932,48457,2.0,0,0,3,3,7052,880,1934,0,98102,47.3688,-122.0282,2582,10229
5192,790958,4,4.5,1961,28847,1.5,0,0,3,13,1250,711,1982,0,98176,47.1894,-121.9881,934,23247
5193,887853,6,5.0,3818,41904,2.0,0,1,4,4,2832,986,2006,0,98158,47.6959,-121.9347,3017,21046
5194,494244,5,1.0,1166,8295,1.0,0,2,4,6,744,422,1946,0,98043,47.2269,-121.8862,4414,29591
5195,1423317,7,3.0,7189,5327,2.5,0,0,3,7,6230,959,1997,0,98159,47.4785,-122.2654,957,13590
5196,1127014,2,1.0,6118,48528,1.0,0,0,4,7,5914,204,1995,0,98051,47.6048,-121.8067,833,30002
5197,588851,1,4.5,2676,12123,2.5,0,0,3,8,2520,156,1988,0,98038,47.5534,-122.4171,5380,10060
5198,1124490,6,3.0,4243,49015,2.5,0,3,3,9,2805,1438,1958,0,98147,47.2126,-122.3638,5552,11864
5199,322881,5,1.5,1100,31961,2.0,0,0,3,3,300,800,1960,0,98151,47.2359,-121.6462,5287,30050
5200,735031,2,1.5,3152,49321,1.0,0,2,3,9,2854,298,1921,0,98178,47.2042,-121.6223,1195,1761
5201,963033,6,2.5,4922,29915,2.5,0,0,3,8,4904,18,2002,0,98174,47.1508,-122.1804,5809,3094
5202,1067711,4,5.0,4324,22191,2.5,0,3,4,7,4187,137,2013,0,98041,47.2983,-122.2784,3110,30780
5203,1040928,4,4.0,4406,45629,2.0,0,3,4,8,3707,699,1926,0,98079,47.4669,-122.4352,5403,21165
5204,561396,5,4.5,1479,36705,1.5,0,0,3,13,1437,42,1996,0,98114,47.2211,-121.9973,2832,32115
5205,876950,7,2.5,2951,4255,1.5,0,1,4,10,2648,303,1971,1984,98145,47.7796,-121.8891,5540,15923
5206,344489,2,1.0,1128,30466,3.0,0,0,3,8,833,295,1993,0,98180,47.5892,-121.4206,526,38016
5207,642843,4,5.0,2129,10233,3.0,0,0,3,7,816,1313,2011,0,98013,47.5084,-122.497,2414,15496
5208,816408,5,1.0,4196,40230,2.5,0,0,2,8,2807,1389,1989,0,98152,47.577,-122.013,3497,16814
5209,924298,4,5.0,3930,42039,1.5,0,0,3,11,3306,624,1914,0,98080,47.4052,-121.9969,1695,25330
5210,722618,4,2.5,4174,3930,2.5,0,0,3,3,3806,368,1935,0,98102,47.4289,-121.4361,1192,9197
5211,1000666,6,1.0,4429,32641,1.0,0,0,4,5,3277,1152,2008,0,98158,47.7221,-122.2648,3535,11207
5212,711282,6,4.0,3265,47485,1.5,0,0,3,5,1967,1298,1956,0,98109,47.6054,-122.4206,2289,33088
5213,1560441,4,5.0,7684,41889,1.5,0,0,3,11,6404,1280,1975,0,98122,47.5117,-122.0421,1198,8729
5214,1246078,3,5.0,4869,16104,1.5,1,0,4,5,4494,375,1940,0,98044,47.7651,-121.7652,5065,18604
5215,1103534,6,1.5,5280,40135,3.0,0,0,3,8,4169,1111,1944,0,98119,47.5638,-121.4702,3328,18995
5216,335430,2,1.5,615,35221,2.0,0,0,3,11,300,315,1942,0,98015,47.3791,-122.1772,2335,3798
5217,1077146,5,3.5,5456,1538,2.0,0,0,3,12,5241,215,1911,1990,98004,47.1332,-122.1984,1455,11431
5218,736810,5,3.5,2503,26259,3.0,0,2,3,7,1121,1382,1967,0,98052,47.3735,-122.1088,3511,6063
5219,605132,7,4.0,1192,11144,3.0,0,0,4,12,341,851,2021,0,98104,47.7474,-122.3581,3834,30262
5220,906894,2,1.5,3662,39877,3.0,0,0,2,13,2355,1307,1966,0,98046,47.1313,-121.3273,5441,37536
5221,638635,2,5.0,1605,32741,2.0,0,0,3,11,475,1130,2000,0,98059,47.2292,-121.8513,5624,5880
5222,1531729,2,3.5,6967,13370,2.5,0,0,3,11,6485,482,2001,0,98174,47.6661,-122.1733,2810,13101
5223,852936,7,4.5,3508,6152,3.0,0,0,3,8,2461,1047,1995,0,98032,47.3555,-122.0659,4541,28365
5224,756608,2,3.0,2661,5789,2.5,0,0,3,10,1406,1255,1989,0,98149,47.2301,-121.4609,1206,13333
5225,1409652,1,2.5,6388,31872,2.5,1,0,3,11,5321,1067,1903,0,98029,47.671,-121.6915,4992,25112
5226,1627381,7,5.0,7725,7149,1.0,0,0,3,11,7340,385,1964,0,98158,47.4909,-121.8362,3904,33965
5227,442824,5,3.5,653,33175,2.0,0,0,3,10,300,353,2018,0,98121,47.4839,-121.6302,4772,6529
5228,1106086,1,4.5,6496,48355,2.5,0,0,3,6,6016,480,1904,0,98007,47.3056,-121.593,3215,35238
5229,1213944,7,5.0,6023,46148,2.0,0,0,4,10,5946,77,1901,0,98042,47.5726,-122.2669,1795,21709
5230,873849,4,3.5,4199,37285,2.0,0,0,4,4,3882,317,1945,0,98074,47.7033,-122.3096,4875,25701
5231,1022829,4,3.0,5885,33270,1.0,0,0,3,5,5743,142,1974,0,98178,47.6251,-121.34,3880,25338
5232,1076210,5,1.0,4910,9651,2.0,0,0,3,11,4395,515,1908,0,98086,47.5287,-122.2771,3228,36911
5233,922097,4,1.0,4286,25869,2.5,0,0,3,12,3051,1235,1907,0,98017,47.3454,-121.9423,974,34591
5234,536618,2,2.0,1564,6518,1.5,0,4,3,6,1240,324,1957,0,98146,47.6984,-121.3207,2437,18115
5235,1271893,7,1.5,4700,41049,2.5,1,1,3,4,3455,1245,2002,0,98133,47.4963,-121.9993,1019,16650
5236,1178207,1,2.0,6520,16040,2.5,0,0,3,5,6035,485,1962,0,98189,47.7227,-121.8822,4078,25411
5237,670600,2,2.0,2413,47483,2.0,0,0,3,9,935,1478,1960,0,98167,47.2779,-121.542,1699,36795
5238,560022,4,2.5,1716,27012,2.5,0,0,3,11,585,1131,1914,0,98098,47.558,-122.0915,845,35295
5239,1167128,6,2.5,6020,21463,1.5,0,0,4,9,5534,486,1972,0,98196,47.7546,-121.9828,4540,30042
5240,1479230,1,1.5,7945,22322,2.0,0,0,3,10,7576,369,1941,0,98169,47.3619,-122.1014,1767,30533
5241,610286,2,1.0,2901,40933,3.0,0,0,3,5,2272,629,1949,0,98072,47.7659,-122.1551,1779,38013
5242,1537917,7,3.5,7659,40368,2.5,0,0,4,9,6748,911,1993,0,98026,47.3747,-121.9338,4624,22042
5243,638375,5,3.0,2272,11934,2.5,1,0,3,3,1880,392,1992,0,98089,47.4064,-121.6049,2134,29788
5244,599315,2,3.0,2460,43258,1.0,0,0,4,8,2342,118,1950,1994,98039,47.6645,-121.4593,791,16775
5245,654511,6,3.5,3280,38425,3.0,0,0,3,5,2927,353,1924,0,98067,47.2825,-121.9359,3675,17384
5246,1116826,4,4.5,6199,47625,3.0,0,2,4,4,5434,765,1921,2004,98044,47.5941,-122.1148,4073,6290
5247,1055950,1,2.5,5304,6823,1.5,0,0,4,6,4348,956,1997,0,98104,47.3089,-121.4061,3749,9214
5248,1559160,5,3.5,7923,29016,3.0,0,0,3,13,6587,1336,1921,0,98064,47.5156,-122.0969,653,28824
5249,1211153,1,5.0,5246,37838,1.0,0,0,4,11,4159,1087,2009,0,98167,47.6432,-121.57,4706,23409
5250,807312,5,4.5,3371,31594,1.5,0,0,3,8,3114,257,1993,0,98184,47.1183,-121.6017,2533,14144
5251,1230013,7,2.5,5542,7109,3.0,0,0,3,11,4513,1029,2016,0,98086,47.1619,-122.4403,3170,3335
5252,419236,1,3.5,1160,25059,1.5,0,0,3,10,300,860,1973,0,98141,47.7541,-122.2868,1787,34490
5253,1382627,4,1.5,6742,48371,3.0,0,0,3,7,5301,1441,1968,0,98132,47.6711,-121.8126,1768,38110
5254,908509,7,3.0,3135,26573,3.0,0,2,3,10,3119,16,1968,0,98028,47.7139,-121.4588,1257,38293
5255,606088,7,5.0,2829,12799,3.0,0,0,3,4,2548,281,1965,0,98083,47.4073,-121.7872,5535,24696
5256,1080071,5,3.0,4454,13567,2.5,0,0,4,10,3027,1427,1993,0,98003,47.6014,-121.6087,2150,26968
5257,725722,3,4.5,2950,31429,3.0,0,3,3,3,2398,552,1963,2002,98027,47.7988,-121.6187,912,5905
5258,802317,1,2.5,1632,32715,2.5,1,0,4,13,1191,441,1921,0,98189,47.4028,-121.9068,1704,4185
5259,371263,1,5.0,1199,35993,2.0,0,1,2,5,834,365,1912,0,98075,47.6927,-121.827,5996,9215
5260,1454069,2,3.5,6842,11839,1.0,0,2,2,9,5464,1378,2002,0,98134,47.1555,-122.4145,1481,30752
5261,1495200,5,1.0,7970,42311,1.5,0,0,3,6,7616,354,1988,0,98048,47.4807,-121.3867,2038,4154
5262,770802,6,3.5,2538,41919,1.5,0,0,4,13,1205,1333,2016,0,98056,47.3333,-121.6908,5080,33338
5263,1371299,3,2.0,6970,32228,2.0,0,1,4,9,5534,1436,1926,0,98029,47.4662,-122.3146,3850,3674
5264,1281337,4,1.0,6797,38235,3.0,0,1,3,3,5982,815,1946,0,98075,47.1799,-122.2072,1791,13363
5265,1060668,2,4.5,5147,9876,1.0,0,0,3,9,4150,997,1990,1997,98120,47.3574,-122.4944,3604,9351
5266,894231,3,2.0,5000,16296,2.0,0,0,2,5,4769,231,1920,0,98031,47.1536,-122.1832,4124,25639
5267,909204,5,4.0,5057,10235,2.0,0,0,3,4,3573,1484,1930,0,98065,47.4172,-122.1201,2084,1735
5268,811574,3,2.0,2679,24828,1.5,0,2,3,11,1566,1113,1978,0,98071,47.4093,-121.6802,3019,9707
5269,686219,7,2.0,3338,8563,2.5,0,0,3,4,2165,1173,2020,0,98074,47.3308,-121.928,3365,32910
5270,462070,1,5.0,1373,14047,2.5,0,3,3,5,300,1073,1937,0,98137,47.7638,-121.4887,4365,18814
5271,572887,7,2.5,583,3147,3.0,1,4,4,5,300,283,1938,0,98063,47.1581,-122.3959,701,16046
5272,576948,1,3.5,1922,45626,3.0,0,1,3,6,591,1331,1935,0,98077,47.6774,-121.6516,2847,28731
5273,1534045,2,3.5,7397,3450,2.0,0,0,3,13,6117,1280,1999,1999,98027,47.3484,-121.4501,2150,4508
5274,783239,5,3.0,3175,2380,3.0,0,0,3,9,2802,373,1964,2010,98018,47.2395,-121.9944,650,17400
5275,807838,5,4.5,3680,38121,2.5,0,0,3,9,3489,191,1910,0,98144,47.2908,-122.1535,2437,37678
5276,1197932,3,3.5,4816,14088,1.0,0,0,3,11,3411,1405,1968,2018,98132,47.7313,-121.9653,2875,14142
5277,960195,2,2.5,4475,47345,1.5,0,0,4,12,3016,1459,1933,0,98166,47.6774,-121.5534,5170,23857
5278,1353646,5,4.5,7196,49415,2.5,0,0,3,10,7062,134,2000,0,98148,47.111,-121.3972,4729,14760
5279,468456,6,1.5,1891,28485,3.0,0,0,4,8,1713,178,1904,0,98169,47.2031,-122.4213,4768,29408
5280,939526,6,3.0,3718,26468,1.5,0,0,3,8,2474,1244,1919,0,98186,47.5725,-121.8658,3439,39203
5281,997142,7,5.0,4707,6375,1.5,0,1,4,7,4486,221,1962,0,98076,47.3222,-121.7323,2358,19285
5282,367185,1,3.5,1114,44421,2.0,0,0,3,4,564,550,1944,0,98028,47.7434,-122.479,5760,4536
5283,1279350,3,4.5,6177,45301,3.0,0,0,4,8,5622,555,2007,1985,98044,47.6506,-122.2825,1613,1295
5284,851118,4,3.5,3471,5100,2.0,0,0,3,8,2135,1336,1941,0,98065,47.7125,-122.4249,1636,14517
5285,1013002,1,4.5,4065,43787,1.5,0,3,3,7,3257,808,1912,0,98137,47.235,-122.1516,3262,12600
5286,987420,2,5.0,4076,18036,2.0,0,2,3,8,2758,1318,1908,0,98106,47.2055,-122.2535,598,37617
5287,1038343,5,2.0,5070,49634,3.0,0,0,3,7,4914,156,1904,0,98113,47.7524,-121.9158,2617,30905
5288,1610405,1,1.5,7479,11071,2.5,0,0,3,13,6004,1475,1937,0,98161,47.3829,-121.7136,5978,29834
5289,1325023,4,,6509,13390,1.0,0,3,4,6,6507,2,1995,0,98193,47.391,-121.4893,4263,10609
5290,333819,4,4.0,770,3951,2.5,0,0,3,5,570,200,1993,0,98106,47.5792,-122.1348,3407,5906
5291,938676,6,2.0,4566,28076,1.5,0,0,3,3,3154,1412,1948,0,98009,47.3782,-122.4395,2966,21499
5292,796486,2,1.0,2968,43159,2.5,0,0,4,13,1622,1346,1991,0,98062,47.7126,-122.4954,5511,9911
5293,1206938,1,2.5,6516,49717,2.0,0,0,3,6,6172,344,2000,0,98069,47.7714,-121.4865,5638,3097
5294,1513134,3,5.0,7350,29229,3.0,0,0,3,11,6935,415,1927,2009,98118,47.3328,-121.4462,4511,38979
5295,710623,1,4.0,1890,18516,2.5,0,0,5,9,1794,96,2020,1992,98130,47.2456,-122.3788,4285,37680
5296,1574938,6,2.5,7947,40038,2.5,0,0,3,9,7327,620,1942,2020,98029,47.1527,-122.4878,1885,15536
5297,901092,7,2.0,3854,13048,3.0,0,0,3,9,3115,739,1969,0,98048,47.2501,-121.5397,3306,38039
5298,957338,4,2.5,4635,36384,2.0,0,0,4,6,4095,540,1940,0,98073,47.1976,-121.7311,2218,5512
5299,1224077,2,1.5,6578,20497,1.0,0,0,1,9,5196,1382,1943,1996,98051,47.1204,-121.8326,3570,36618
5300,1408628,2,1.5,6832,13316,2.5,0,0,3,13,5954,878,1928,0,98032,47.1327,-121.8602,4664,39549
5301,1361363,3,4.5,7831,39997,1.5,0,0,3,4,6699,1132,1967,2004,98117,47.4566,-121.5715,682,8062
5302,1569777,2,5.0,5589,21840,2.0,1,0,3,10,4116,1473,1981,0,98152,47.5955,-122.148,2719,8213
5303,1448832,6,1.5,6608,23725,2.0,0,0,3,12,6086,522,1978,2016,98117,47.7883,-122.0331,3243,10304
5304,946952,6,1.0,4107,39570,2.5,0,0,4,10,3153,954,1924,0,98186,47.209,-122.4066,1874,38091
5305,786315,6,2.5,3083,8995,3.0,0,0,4,11,2989,94,1967,0,98148,47.5888,-121.8206,4946,15086
5306,942448,2,3.0,4573,35472,2.5,0,0,3,7,4442,131,1913,0,98084,47.4878,-121.347,5533,7158
5307,786288,2,2.0,3575,24258,2.5,0,0,3,12,2971,604,1958,0,98117,47.4347,-122.1594,620,22447
5308,922836,6,2.0,4406,1333,3.0,0,0,3,10,3841,565,1961,2001,98171,47.6053,-121.3849,3677,12428
5309,243516,2,2.0,789,46139,1.5,0,0,3,4,300,489,2013,0,98116,47.2671,-121.625,5593,3363
5310,930440,2,4.0,2980,5176,3.0,0,0,4,12,1580,1400,1916,0,98133,47.3179,-122.2193,5803,27545
5311,1459976,4,4.0,7114,35252,2.5,0,0,4,12,5896,1218,1997,0,98147,47.3692,-121.7046,4546,3668
5312,876336,1,3.5,3752,8040,1.0,0,1,4,10,3495,257,2016,0,98076,47.2277,-122.0605,3865,5364
5313,1667936,5,2.5,7915,4886,3.0,0,1,3,12,7070,845,1918,1996,98081,47.435,-122.3532,3719,27770
5314,1426044,2,4.5,7271,25920,1.5,0,2,3,11,6968,303,1928,0,98098,47.1923,-122.3887,3808,32215
5315,421207,5,5.0,778,43345,3.0,0,0,3,8,300,478,1985,0,98155,47.3227,-122.4793,3057,28926
5316,860016,7,1.5,3424,25171,3.0,0,0,3,8,2845,579,1977,0,98041,47.1792,-121.5426,1936,33654
5317,392590,5,2.0,1080,43042,2.0,0,2,3,6,891,189,1999,0,98124,47.1251,-121.4382,5234,26783
5318,1198526,4,3.0,5458,21749,2.0,0,0,4,10,5120,338,1965,0,98034,47.3486,-121.921,5255,31055
5319,313690,2,1.5,753,47305,2.5,0,0,3,9,735,18,1944,0,98021,47.5323,-121.8761,3603,8725
5320,920672,6,2.5,4776,10597,2.5,0,0,2,11,4362,414,1970,0,98170,47.2063,-121.6701,2779,12168
5321,1007401,5,3.5,5276,24079,3.0,0,3,3,3,5215,61,1927,0,98105,47.7954,-121.6589,4127,26143
5322,666900,2,3.0,1324,8618,1.0,0,0,4,12,414,910,1958,0,98067,47.292,-122.111,2109,35412
5323,861757,3,2.5,4332,12241,2.5,0,0,4,10,4266,66,1953,0,98100,47.1159,-122.309,1728,23801
5324,581744,7,3.0,1199,41712,3.0,0,0,2,10,477,722,1907,0,98083,47.1196,-121.9835,3461,29227
5325,1540241,6,5.0,7209,1836,3.0,0,0,4,11,6356,853,1992,0,98021,47.5666,-121.6636,3469,32034
5326,1167507,3,2.0,5945,9600,3.0,0,3,3,9,5771,174,1909,0,98175,47.5689,-121.535,939,18539
5327,809565,3,3.5,1880,36519,3.0,1,0,3,11,476,1404,1920,0,98156,47.7319,-122.393,1968,29814
5328,1092589,5,1.0,4396,25891,3.0,0,0,3,12,3878,518,1934,2007,98191,47.1636,-121.794,1431,14057
5329,511785,3,1.5,2173,43528,2.0,0,0,3,10,1210,963,1903,0,98192,47.3635,-122.4351,2687,33317
5330,896355,4,3.0,3227,38124,1.5,0,2,3,11,2331,896,1952,0,98055,47.7225,-121.5103,5692,35976
5331,1639530,4,1.5,7034,31411,1.5,1,2,3,11,6802,232,1984,0,98012,47.6584,-121.6998,4918,39317
5332,1173385,5,1.0,6234,29467,3.0,0,1,3,3,5524,710,2001,0,98130,47.2634,-121.664,3462,16611
5333,1219951,2,1.5,6553,36942,2.5,0,2,3,5,6020,533,1924,0,98187,47.723,-121.5859,4378,27033
5334,769219,1,3.5,3656,25394,1.0,0,0,3,8,2916,740,1919,0,98030,47.5766,-121.9052,1643,36265
5335,1100644,2,4.0,3888,7816,3.0,0,3,4,13,3064,824,1970,2012,98012,47.285,-122.1413,3698,32718
5336,1019350,2,2.0,4807,29943,1.0,0,0,3,9,3434,1373,1970,0,98167,47.1314,-121.5572,3801,14632
5337,1200673,2,3.5,6134,13034,2.0,0,2,3,6,6010,124,1995,0,98018,47.4482,-121.5672,2989,5947
5338,480777,2,1.5,883,28396,1.5,0,0,3,12,300,583,1995,0,98122,47.5992,-122.3381,715,1535
5339,1137928,6,3.5,6310,5327,2.0,0,0,1,4,5249,1061,1921,0,98126,47.2881,-121.4167,5470,11381
5340,283962,1,2.5,841,29605,2.5,0,0,3,6,594,247,1948,0,98024,47.2181,-122.2345,1661,37400
5341,1309239,6,3.5,6434,13407,2.5,0,0,2,8,6294,140,1988,0,98140,47.1527,-122.1322,3007,11152
5342,607914,3,5.0,2487,45562,3.0,0,0,3,6,2391,96,1905,0,98082,47.6894,-122.2409,2397,32900
5343,1195645,7,5.0,4559,10610,2.5,0,0,4,12,3280,1279,1950,0,98134,47.1383,-121.3413,3416,29287
5344,922882,2,1.0,5439,10672,2.5,0,0,3,4,4062,1377,1926,0,98008,47.5266,-122.1406,1887,3646
5345,1034631,7,4.5,3609,47698,2.0,0,4,4,11,2598,1011,1917,1997,98057,47.6343,-121.3343,4965,1732
5346,780313,4,1.5,4582,4723,1.0,0,3,3,3,4108,474,1911,0,98049,47.6463,-121.7345,2928,20142
5347,1352519,5,5.0,6130,36558,1.5,0,2,3,12,5315,815,1927,0,98143,47.5576,-122.2881,4258,14392
5348,1041730,5,2.0,5015,41022,2.5,0,1,3,9,4208,807,1918,0,98007,47.557,-121.8354,2330,20844
5349,846243,6,2.5,3298,38681,2.5,0,0,3,11,2501,797,1942,0,98058,47.4319,-121.4413,1332,3284
5350,835904,6,1.5,3740,14797,2.0,0,0,3,5,2349,1391,1980,0,98053,47.3917,-121.826,4631,3759
5351,739620,4,1.5,2488,9359,1.5,0,0,3,13,1954,534,1998,1994,98153,47.1961,-122.3409,3530,15843
5352,1287032,2,4.0,6528,36276,2.0,0,3,3,8,6264,264,1914,0,98189,47.4747,-122.1557,1208,10517
5353,1010400,7,5.0,3914,27651,1.0,0,2,3,11,3243,671,1968,0,98140,47.1497,-122.2302,5105,31342
5354,630422,7,3.5,2349,35914,2.0,0,1,2,11,2045,304,1935,0,98112,47.4277,-122.349,4799,7767
5355,479184,1,4.0,805,41022,1.5,0,3,3,6,377,428,2021,0,98025,47.6116,-122.1073,3779,8302
5356,1028295,3,4.0,4113,17910,1.5,0,0,3,10,3330,783,1996,2009,98147,47.41,-121.7067,1947,21908
5357,772652,5,2.0,3249,40047,2.5,0,0,3,10,1938,1311,1984,0,98042,47.4558,-122.041,4134,17263
5358,1281494,3,1.0,5464,45046,1.0,0,4,4,13,4672,792,1998,0,98080,47.6895,-121.9674,1898,11371
5359,1333238,1,1.0,7180,48394,3.0,0,0,3,9,5864,1316,1941,2011,98012,47.5526,-122.1152,4356,20867
5360,508351,6,2.5,1635,46113,2.5,0,0,3,8,1599,36,1990,0,98188,47.1893,-121.3066,766,3093
5361,1109373,7,2.0,6030,28211,2.0,0,0,3,5,5730,300,1944,0,98036,47.4801,-121.7966,1569,26276
5362,534491,5,1.0,705,33648,2.0,1,0,3,6,570,135,1929,0,98152,47.3552,-121.4993,4146,5975
5363,1462791,3,1.5,7852,20878,1.5,0,1,3,11,7365,487,1938,0,98033,47.2448,-121.9704,3598,24247
5364,1219332,6,1.5,5091,2376,1.5,0,0,3,12,3827,1264,1945,0,98164,47.5536,-122.2976,2385,13839
5365,796911,1,4.5,3950,43772,1.5,0,0,4,9,3776,174,1957,2005,98132,47.3706,-121.4838,5680,4873
5366,1510703,3,1.5,7714,25926,3.0,0,0,3,13,6911,803,1929,0,98178,47.6371,-121.5839,1558,27521
5367,1367483,7,3.0,6505,13219,3.0,0,0,3,10,5876,629,2008,0,98056,47.5106,-122.1042,774,9586
5368,1092724,2,3.5,4311,47250,2.5,0,3,3,8,3327,984,1955,2007,98118,47.173,-121.7723,2350,24040
5369,782091,6,3.0,4122,30758,3.0,0,0,3,3,3785,337,1984,0,98114,47.3452,-122.3878,1733,29820
5370,959920,1,1.5,4099,12474,1.5,0,0,3,13,3741,358,1989,0,98008,47.2889,-122.4684,5080,23742
5371,867284,3,2.5,3051,15497,2.5,0,0,2,11,2795,256,1987,0,98189,47.205,-121.5211,2120,35371
5372,1370903,7,1.0,5641,45012,2.5,0,3,3,13,4624,1017,1953,0,98008,47.6602,-121.3697,1473,20795
5373,940444,2,2.5,4808,28105,1.0,0,0,3,5,3333,1475,1985,0,98135,47.365,-122.0871,1302,29635
5374,419502,2,2.0,809,26920,3.0,0,3,3,5,300,509,1936,0,98104,47.5293,-121.7829,5482,39709
5375,788862,1,3.0,3208,32605,2.0,0,0,3,11,3006,202,2006,0,98153,47.7174,-121.6393,4453,13778
5376,586435,4,4.0,2491,23424,2.0,0,0,3,6,1837,654,1989,0,98176,47.4801,-121.6047,3116,11312
5377,1526523,7,3.0,7396,49994,1.0,0,1,4,10,7142,254,1921,0,98035,47.2807,-121.9227,2845,16362
5378,499875,7,2.5,771,6305,1.5,0,0,3,13,300,471,2009,0,98079,47.6535,-121.7641,1993,35590
5379,890970,5,2.5,4142,30577,1.0,0,0,3,6,2771,1371,1996,0,98146,47.405,-121.7115,3676,5742
5380,875867,1,4.5,4586,46005,1.5,0,0,3,4,4456,130,1923,2012,98011,47.4947,-122.3761,5443,33527
5381,653569,2,2.0,2322,4829,3.0,0,0,5,7,1696,626,1968,0,98157,47.7315,-121.7259,2641,3417
5382,1491081,2,4.0,7581,16877,3.0,0,0,3,13,7294,287,1987,0,98087,47.4425,-121.887,943,38132
5383,858478,1,4.0,3773,40729,2.5,0,0,3,5,3114,659,1998,0,98098,47.3343,-122.0458,5259,39611
5384,1228803,4,2.5,6675,41211,2.5,0,0,3,6,6620,55,2021,0,98016,47.6092,-122.1859,4340,24747
5385,1107263,5,2.0,5038,7141,2.5,1,0,3,5,4705,333,1985,2000,98006,47.1935,-121.7345,1701,13511
5386,1204625,3,3.0,6805,44900,2.5,0,1,3,3,5996,809,1932,0,98015,47.7396,-122.2999,2109,36925
5387,1259359,1,1.5,7410,33685,2.0,0,0,3,6,6570,840,1916,0,98073,47.7409,-121.527,4059,8867
5388,1141418,5,1.0,4849,32691,2.5,0,0,3,11,3642,1207,2015,0,98029,47.5056,-122.2938,4938,30956
5389,499135,7,1.5,1020,26946,2.5,0,0,4,9,334,686,1961,0,98192,47.208,-121.5741,4873,14944
5390,449240,5,1.5,1476,16259,2.5,0,0,4,8,813,663,1911,0,98066,47.4165,-121.5191,2910,13135
5391,973449,6,3.0,4222,43612,1.5,0,0,4,12,3414,808,1929,0,98111,47.3963,-121.3724,948,17120
5392,1028592,2,4.5,4051,23629,2.5,0,2,3,11,4048,3,1989,0,98097,47.3088,-121.9441,2317,4428
5393,892001,3,2.0,4605,45277,1.0,0,2,4,6,4171,434,1912,0,98120,47.2226,-122.4236,5552,10863
5394,775893,1,4.5,3273,23463,2.5,0,0,4,8,2290,983,1905,0,98141,47.2846,-121.6868,4804,21910
5395,774079,2,5.0,3052,4652,2.5,0,0,4,5,2271,781,1966,0,98071,47.4889,-122.1609,1139,8377
5396,776644,6,5.0,3332,20657,2.0,0,0,3,5,1915,1417,1910,0,98057,47.58,-122.3887,5544,38696
5397,1187798,6,4.5,4407,32569,2.5,0,4,3,12,3220,1187,2006,0,98179,47.7857,-121.4731,5503,7057
5398,1366069,2,2.5,6179,35809,1.5,0,0,3,12,5185,994,1959,0,98028,47.251,-122.3323,3287,36603
5399,1357724,4,1.5,7079,41161,3.0,0,0,4,10,5678,1401,2016,0,98094,47.2428,-121.8924,5619,3546
5400,989699,5,3.5,5730,23043,2.5,0,0,2,7,5683,47,1909,0,98151,47.1819,-121.5538,5366,8931
5401,374438,1,3.0,652,8518,2.5,0,0,3,10,300,352,1974,0,98125,47.7573,-122.2611,4093,8818
5402,1298266,1,4.5,6254,48264,2.5,0,0,3,11,4899,1355,1915,0,98085,47.3673,-121.424,2253,24809
5403,794891,1,5.0,3464,12107,2.0,0,2,2,4,2637,827,1983,0,98113,47.7468,-122.1021,2361,18161
5404,900812,2,3.0,3416,3547,3.0,0,0,4,9,2237,1179,1941,0,98001,47.7226,-122.0243,4832,4413
5405,1371223,7,2.5,7769,23075,2.0,0,0,3,4,7077,692,1943,1991,98096,47.1308,-122.3422,2681,12728
5406,747371,4,1.5,3300,19676,2.0,0,0,2,9,2268,1032,1918,2018,98088,47.2958,-121.7266,5944,30242
5407,1289478,3,1.0,6452,45772,2.0,0,0,5,13,6301,151,1972,0,98199,47.3118,-121.9056,5025,36178
5408,1183128,6,3.0,5810,12222,1.5,0,0,3,5,5151,659,1999,1999,98163,47.2941,-121.331,847,38093
5409,685255,2,3.0,2252,49276,3.0,0,1,4,10,755,1497,2021,1993,98036,47.3977,-121.662,582,16985
5410,574817,7,4.5,3110,39168,1.5,0,0,3,6,2146,964,1914,0,98014,47.4495,-121.5892,3736,34926
5411,992102,3,3.0,4375,3354,1.5,0,0,3,11,4349,26,1986,0,98184,47.6307,-122.2611,706,5388
5412,622982,6,4.5,1604,39542,3.0,0,2,3,6,617,987,1984,0,98062,47.2874,-121.6447,2524,3933
5413,730415,6,3.5,3036,11252,1.5,0,0,3,4,2424,612,1938,0,98140,47.3091,-121.8311,3203,12266
5414,1042599,4,4.5,5490,28889,3.0,0,0,3,6,4268,1222,1904,0,98103,47.519,-122.0154,5543,12046
5415,1199766,5,1.5,5707,9958,2.5,0,0,4,7,5625,82,2014,0,98087,47.2255,-121.5608,1106,34673
5416,1563200,1,4.5,7861,36260,2.0,0,1,2,10,6784,1077,1985,0,98142,47.4312,-121.3257,5735,21388
5417,1051826,3,3.5,4699,26620,1.5,0,0,3,5,3533,1166,2020,0,98190,47.2757,-122.3863,865,13054
5418,983991,2,1.5,4354,49874,3.0,0,0,4,11,3078,1276,1930,0,98118,47.2386,-121.5533,5541,18155
5419,1568177,3,2.0,7763,26660,1.0,0,0,3,11,7667,96,1978,0,98022,47.657,-121.3966,784,11143
5420,1075689,5,4.5,3994,38399,1.5,0,0,3,13,3124,870,1927,0,98113,47.595,-122.1218,4326,33364
5421,915537,1,1.0,2414,1216,1.5,1,1,3,12,956,1458,1937,0,98101,47.2749,-122.0644,1578,28817
5422,1589929,3,3.0,7865,24586,3.0,0,0,3,5,6389,1476,1951,0,98029,47.3906,-121.5463,1993,5497
5423,915857,5,2.5,3572,5374,1.0,0,2,2,10,3344,228,1914,0,98075,47.208,-121.3556,3882,29800
5424,525912,2,3.5,1506,11223,1.0,0,0,4,8,488,1018,2012,0,98094,47.1372,-121.3733,5018,5182
5425,457452,4,4.5,906,10411,2.5,0,0,3,13,300,606,1918,0,98187,47.5097,-122.4332,5638,25427
5426,1252074,7,2.5,5997,9175,1.5,0,1,3,8,4803,1194,1934,0,98086,47.3545,-121.4543,1145,19892
5427,484170,6,2.5,666,24606,2.0,1,0,3,4,300,366,1981,0,98015,47.2451,-121.7963,4261,34667
5428,486576,2,5.0,1008,29773,1.5,0,0,3,10,495,513,1973,0,98149,47.1802,-121.9946,2070,38093
5429,594383,1,4.0,2161,40063,2.0,0,0,4,9,852,1309,1914,0,98111,47.576,-121.4854,4201,38832
5430,1302258,6,4.5,6956,35521,2.0,0,0,3,4,6460,496,2013,0,98089,47.29,-121.5395,1011,33740
5431,913253,7,3.0,4164,3364,3.0,0,0,4,6,3706,458,1987,0,98077,47.7352,-121.8888,3314,11925
5432,953267,2,2.0,3989,13921,1.5,0,3,3,7,2933,1056,1946,0,98071,47.235,-122.0071,5911,5456
5433,1180239,2,2.5,5358,36544,3.0,0,2,3,11,4582,776,1955,0,98113,47.2706,-121.933,2050,19685
5434,715790,2,4.0,1180,16367,2.5,0,3,4,12,300,880,2014,0,98140,47.6962,-122.118,2244,33148
5435,632206,2,1.5,3024,37421,2.0,0,4,3,4,2013,1011,1919,0,98061,47.5007,-121.6834,3184,15199
5436,745216,6,2.0,2620,18275,1.0,0,0,3,9,2567,53,2000,0,98047,47.1759,-121.4296,507,30844
5437,1058498,1,1.0,5760,49372,2.0,0,0,4,7,5430,330,1974,0,98026,47.4846,-122.1994,4547,16667
5438,939572,7,2.5,5177,47078,2.5,0,0,3,4,5081,96,1908,0,98069,47.3157,-121.5094,1848,37678
5439,1073807,5,4.5,4857,5707,2.0,0,2,3,12,4353,504,1904,0,98164,47.6159,-122.0671,3507,28748
5440,301819,3,1.0,1863,19657,3.0,0,0,3,5,1716,147,1910,2011,98183,47.1545,-122.3418,3238,3376
5441,578013,4,3.5,1831,19279,1.5,0,0,4,7,1315,516,2017,0,98069,47.7425,-122.4514,3211,31735
5442,738523,7,4.5,2792,27370,1.0,0,0,3,12,2513,279,2002,0,98086,47.4347,-121.9248,5190,27605
5443,472882,3,2.0,2038,26615,3.0,0,0,4,3,1623,415,1990,0,98072,47.614,-121.818,5686,8895
5444,993379,3,4.0,3908,49773,1.5,0,0,3,9,2598,1310,1901,0,98147,47.5933,-122.4928,3067,8049
5445,462307,4,5.0,1060,42968,1.0,0,0,4,3,300,760,1951,0,98162,47.2248,-121.7168,5645,8206
5446,624661,7,5.0,1599,36458,2.5,0,2,3,8,1044,555,2017,0,98198,47.7161,-121.8778,1057,36311
5447,575821,6,2.0,2403,8789,2.0,0,0,3,8,2198,205,1919,0,98191,47.2629,-121.3031,1232,23557
5448,555598,1,1.5,674,30120,1.0,1,4,3,3,300,374,1920,2012,98126,47.2334,-122.3746,5702,25743
5449,705921,4,1.5,2656,29998,2.5,0,0,3,9,2539,117,1950,0,98178,47.4644,-121.654,674,9096
5450,834708,1,4.0,2730,32511,1.5,0,3,3,10,2251,479,2013,1999,98017,47.7892,-122.2396,647,9070
5451,1161113,6,4.0,4787,1632,1.0,1,0,3,5,3935,852,1929,1994,98121,47.3194,-122.2524,5664,12754
5452,1127969,3,3.5,4660,27003,2.5,0,1,4,12,3266,1394,1947,0,98081,47.7751,-122.4775,1481,24987
5453,738422,1,2.5,4420,3465,1.5,0,0,3,3,4193,227,1900,0,98079,47.4046,-122.4921,1936,12184
5454,1353471,6,1.5,7606,38037,3.0,0,0,4,4,6302,1304,1934,0,98039,47.6843,-122.2761,1184,4092
5455,542476,6,3.5,1997,29376,2.0,0,2,1,3,539,1458,1925,1988,98101,47.471,-122.2894,2036,18262
5456,969092,5,3.0,4354,19547,2.5,0,0,3,11,3214,1140,1995,1999,98159,47.2437,-122.4995,3269,25922
5457,719840,4,4.0,3671,12173,3.0,0,0,4,6,3018,653,1908,0,98150,47.716,-121.6394,5876,5386
5458,657446,5,3.0,2067,42115,1.5,0,0,4,9,1527,540,2012,0,98058,47.1504,-121.8956,1578,35427
5459,1492981,3,2.5,7507,34060,1.0,0,0,3,7,6459,1048,1939,0,98025,47.5779,-122.0246,2018,20855
5460,533351,4,2.0,1651,24356,2.0,0,0,3,11,1565,86,1920,0,98019,47.6815,-122.3754,1471,35334
5461,1365983,3,2.0,6533,34944,1.5,0,0,3,11,5323,1210,1979,0,98054,47.6824,-122.0993,1035,21197
5462,402381,5,2.0,868,29586,2.5,0,0,3,8,300,568,1911,0,98199,47.5587,-121.9353,3691,23033
5463,1160557,7,1.5,5446,37755,2.0,0,0,4,7,4494,952,1999,2009,98002,47.2757,-121.3023,1809,32012
5464,432070,6,2.5,542,9182,3.0,0,2,3,12,300,242,1936,0,98079,47.4722,-121.8873,2758,30488
5465,567460,3,1.0,2407,32441,2.0,0,0,3,3,1129,1278,1990,0,98022,47.5407,-122.4766,1690,15614
5466,892676,4,1.5,3990,10632,3.0,0,0,3,6,2571,1419,1970,0,98166,47.7228,-122.2507,539,6650
5467,718391,4,4.0,3035,42254,1.5,0,0,2,7,2858,177,1993,2020,98117,47.2118,-122.0746,2787,31064
5468,1045663,3,2.5,4673,19827,1.0,0,0,3,11,4534,139,1923,0,98007,47.4254,-121.9529,808,28126
5469,1047531,4,3.5,3373,28108,2.0,1,0,4,4,2268,1105,1949,0,98105,47.3332,-121.6909,4680,3857
5470,529562,6,4.0,2324,21685,1.0,0,0,2,4,1893,431,1953,2004,98087,47.3994,-121.7913,5349,31598
5471,612292,7,3.5,1793,16251,1.0,0,3,3,5,848,945,1993,2006,98066,47.2281,-121.8889,3318,20165
5472,1130316,6,5.0,5269,36837,2.0,0,1,4,5,4739,530,1983,1984,98116,47.2522,-121.4945,2748,36025
5473,1190049,4,1.0,5296,24793,2.0,0,0,3,9,4929,367,2009,0,98033,47.6389,-122.2645,2689,16813
5474,1016447,3,4.0,5354,7033,1.0,0,0,4,3,4588,766,2003,0,98082,47.4349,-122.4065,1017,9970
5475,1225117,5,5.0,6519,39089,2.5,0,0,3,4,6467,52,2008,0,98121,47.4599,-121.4942,4468,3689
5476,1612352,4,4.5,7371,38648,2.5,0,4,3,13,6825,546,1927,0,98108,47.7282,-121.9454,4030,37955
5477,851264,4,1.5,3886,47980,2.0,0,4,3,3,2494,1392,1903,0,98135,47.268,-121.836,2783,7988
5478,829001,4,2.5,3472,19495,1.0,0,0,4,11,2806,666,1911,0,98059,47.3305,-121.4951,2153,8019
5479,1101693,4,1.5,4422,42444,1.0,0,0,4,12,3681,741,1966,0,98011,47.316,-121.365,773,6143
5480,1212139,3,3.5,5497,31117,1.5,0,0,3,11,4423,1074,1936,0,98140,47.5615,-121.8376,5963,32642
5481,1373383,5,4.0,7532,39612,1.0,0,0,3,5,6148,1384,1903,0,98146,47.4937,-121.5253,3693,12406
5482,350550,5,2.5,1492,20562,2.5,0,0,3,5,578,914,1914,0,98129,47.4301,-121.8463,4921,19644
5483,959627,1,3.0,5787,30950,1.5,0,0,3,3,5745,42,1927,1983,98189,47.5676,-122.46,3298,36329
5484,708654,4,4.0,2886,47939,2.5,0,0,4,7,2360,526,1936,0,98121,47.4387,-121.353,3771,24249
5485,574387,4,2.5,2740,34088,3.0,0,0,3,5,2085,655,1908,0,98001,47.6712,-121.5187,3204,33228
5486,443577,1,4.5,1976,46058,2.0,0,0,3,4,1110,866,1913,0,98027,47.3872,-121.5959,1810,38451
5487,1395071,5,4.0,6926,17332,3.0,0,1,3,5,5834,1092,1995,0,98073,47.7234,-121.9698,1105,36831
5488,894544,2,1.5,3907,6359,2.0,0,0,2,10,3823,84,2011,0,98193,47.1837,-121.3689,4975,28409
5489,368331,6,3.5,889,10157,2.5,0,0,4,10,300,589,1966,0,98076,47.1658,-121.9122,2257,3164
5490,521373,2,2.0,1499,16857,2.5,0,1,3,3,515,984,2010,0,98064,47.559,-121.6351,5877,25940
5491,935285,5,3.0,5120,48576,3.0,0,0,3,4,5091,29,1981,0,98049,47.3728,-122.3793,2192,1706
5492,1439742,7,5.0,7907,36618,2.0,0,0,3,3,6737,1170,1949,0,98113,47.419,-122.2374,5251,31995
5493,921999,4,4.5,2355,14074,2.0,1,0,3,10,2268,87,1977,2006,98199,47.5872,-121.991,1336,28938
5494,1129275,2,2.5,6102,41625,1.5,0,0,2,3,4777,1325,1924,0,98163,47.2502,-121.8024,5817,12074
5495,439960,3,2.0,1158,39244,1.0,0,0,4,8,331,827,1938,0,98185,47.1307,-121.5333,4677,10361
5496,732029,3,2.0,3263,19594,1.5,0,1,3,12,2673,590,1925,2012,98169,47.4072,-122.211,3478,9674
5497,1274833,1,3.0,4163,11069,2.5,1,0,3,13,3116,1047,1959,0,98151,47.7263,-121.5708,941,8483
5498,1216283,5,1.5,5486,11724,3.0,0,0,4,10,4043,1443,1951,0,98035,47.4155,-121.432,5883,26609
5499,767130,5,3.0,1981,35569,2.0,0,2,3,10,1805,176,1969,0,98080,47.5004,-121.5179,5033,17426
5500,1447957,2,1.0,7756,22933,1.5,0,0,3,9,6546,1210,1925,0,98048,47.2459,-121.7531,3596,3663
5501,956684,4,2.5,4231,47235,3.0,0,0,3,10,3450,781,1947,0,98170,47.4249,-121.528,4998,30511
5502,1553901,5,2.0,7762,49978,3.0,0,0,1,10,6525,1237,1953,0,98080,47.4365,-121.447,1453,39697
5503,596671,2,5.0,951,9338,1.0,0,0,3,12,300,651,2014,0,98006,47.2646,-121.8339,5302,35676
5504,617188,2,4.0,2975,10972,2.0,0,0,3,5,2288,687,1940,1993,98100,47.2147,-121.5278,5469,30467
5505,767971,6,2.5,3722,18257,3.0,0,2,3,4,3131,591,2015,0,98120,47.3452,-121.9946,5015,33908
5506,536592,6,1.5,2037,34911,2.0,0,0,3,6,1288,749,1900,0,98095,47.1272,-121.873,3764,16378
5507,855715,5,3.0,3593,42233,1.5,0,0,3,7,2373,1220,2013,0,98111,47.2165,-122.4369,4698,1365
5508,713172,2,2.0,1382,13185,3.0,1,4,3,4,574,808,1920,0,98092,47.6119,-121.4398,3118,8206
5509,1125940,1,3.0,4908,35608,3.0,0,0,3,13,4106,802,1977,0,98035,47.5544,-122.3316,982,21916
5510,1102017,1,4.5,4568,41196,1.5,0,0,4,10,4121,447,2009,2012,98017,47.3189,-122.1686,4328,2102
5511,1196087,6,3.5,5435,12549,2.0,0,1,4,10,4231,1204,1971,0,98175,47.4858,-122.119,5118,7074
5512,856919,5,3.5,3066,33007,2.0,0,2,3,6,3013,53,2018,0,98030,47.6806,-122.3609,801,14408
5513,896072,4,3.0,3777,29835,3.0,0,0,4,7,3613,164,1924,0,98009,47.6874,-121.3939,3663,25975
5514,656871,7,4.5,874,32817,1.5,0,2,3,13,439,435,2012,0,98023,47.5581,-121.336,5690,10088
5515,996261,1,4.5,5046,5732,2.5,0,0,4,7,3767,1279,1917,0,98045,47.1868,-121.4618,2007,13693
5516,888229,1,3.0,4197,1360,2.0,0,2,3,7,2876,1321,1914,0,98065,47.214,-122.0844,3375,24760
5517,958267,6,2.0,3562,11449,2.5,0,3,3,11,2403,1159,1941,0,98140,47.3042,-122.4337,2661,19066
5518,1083620,6,3.0,5190,23822,3.0,0,0,4,11,4714,476,1919,0,98081,47.5695,-122.2805,2766,29790
5519,869444,5,1.5,3750,43357,2.5,0,0,4,13,3027,723,1915,0,98174,47.2806,-121.5735,3228,4391
5520,1117197,6,3.5,5829,33203,2.5,0,0,3,6,5077,752,1906,0,98161,47.4251,-122.1568,4941,34345
5521,1251145,3,3.0,5095,2005,2.0,1,1,4,3,3958,1137,1992,1999,98128,47.6779,-121.4289,1559,6030
5522,1138212,7,,5059,11538,3.0,0,2,3,10,4703,356,1994,0,98022,47.7242,-121.4978,3756,15124
5523,1519752,2,2.0,7791,43352,2.5,0,0,3,13,7369,422,1992,2008,98010,47.687,-122.2157,549,24232
5524,246568,1,3.0,612,29753,2.0,0,1,3,3,300,312,1980,0,98090,47.1815,-121.6679,5474,31742
5525,1153569,3,4.5,5631,48778,2.5,0,1,3,9,4421,1210,1904,2010,98142,47.7375,-121.9692,2793,19345
5526,722130,4,3.5,3697,9997,2.0,0,1,4,6,2408,1289,1917,0,98139,47.5789,-122.2421,2247,19472
5527,706558,3,3.5,2878,19522,3.0,0,1,5,3,2176,702,1977,0,98147,47.5332,-121.7919,669,3615
5528,573487,5,2.5,2424,29743,1.5,0,0,3,6,1459,965,1994,0,98051,47.2733,-121.4952,2705,9397
5529,1594170,4,3.5,7950,7562,2.0,0,0,3,9,7404,546,2013,0,98028,47.7498,-121.3878,3312,31085
5530,462668,4,3.0,639,49819,2.0,0,2,4,10,300,339,1917,0,98027,47.1122,-122.4295,5661,37558
5531,476743,6,3.5,1924,41031,2.5,0,3,3,4,1883,41,1963,0,98139,47.1575,-121.9975,1549,16106
5532,1009980,3,1.0,3449,34451,3.0,0,0,3,11,2338,1111,2010,0,98150,47.2076,-121.7747,5369,4586
5533,703252,5,3.0,3668,43567,1.0,0,0,3,7,2360,1308,1924,0,98153,47.5859,-122.0944,2426,12285
5534,568490,1,2.0,1016,30824,1.0,0,2,3,13,300,716,1974,0,98019,47.536,-122.1188,5490,28192
5535,916470,7,2.5,3116,35840,1.5,0,1,4,10,2823,293,1925,0,98192,47.7613,-121.5737,4688,10900
5536,1199844,6,5.0,6543,46894,3.0,0,0,3,4,5774,769,1968,0,98167,47.3443,-121.561,3039,27783
5537,1388619,3,1.5,7489,9095,2.0,0,0,3,4,6172,1317,1915,0,98007,47.3433,-121.6253,903,15467
5538,1430893,1,2.0,7736,37361,1.0,0,1,4,6,7678,58,1962,0,98134,47.5687,-121.4218,958,22253
5539,1327858,3,3.0,6761,20311,1.5,0,1,3,6,5272,1489,1971,0,98137,47.2219,-121.9064,633,18784
5540,462906,6,4.5,1387,17099,3.0,0,1,3,5,869,518,1976,2017,98118,47.4248,-121.5546,5319,6988
5541,1469102,1,2.5,7726,40404,1.5,0,1,3,7,7531,195,1957,0,98146,47.1108,-122.4865,5285,25613
5542,835661,6,4.0,3604,41405,1.0,0,0,3,4,2729,875,1995,0,98159,47.5144,-121.3151,3086,2555
5543,1263340,3,4.5,5937,39910,2.5,0,4,4,3,4617,1320,2017,0,98198,47.6488,-121.3969,4675,13807
5544,444818,4,2.0,549,29560,2.5,1,1,3,6,300,249,1926,0,98062,47.2426,-121.4904,3491,26178
5545,864193,7,2.5,4451,22372,3.0,0,0,4,8,4017,434,1948,0,98061,47.315,-121.7947,2754,30267
5546,1057732,2,2.5,4060,41842,1.5,0,3,3,8,3199,861,1989,0,98174,47.1923,-121.847,2888,37969
5547,314946,7,4.5,518,14742,2.0,0,3,3,4,300,218,1972,0,98086,47.531,-122.3198,5590,26289
5548,1302009,4,1.0,5321,34519,1.0,1,2,3,8,4474,847,1946,0,98009,47.4948,-122.4352,4521,12252
5549,1254408,6,2.0,6840,10512,2.5,0,0,4,6,6360,480,1970,0,98022,47.6785,-122.1929,3725,25403
5550,630190,7,3.5,1973,35191,2.5,0,0,2,12,966,1007,1949,0,98053,47.7792,-122.3188,5735,23218
5551,820793,6,3.5,4561,37381,1.5,0,0,3,3,4279,282,1945,0,98021,47.7886,-121.827,2116,26152
5552,687740,6,2.5,3106,23475,2.5,0,0,3,3,2510,596,1907,0,98163,47.175,-122.1009,947,33241
5553,156571,1,3.0,951,24278,1.5,0,0,3,4,733,218,1901,0,98157,47.4872,-122.0346,5257,4147
5554,1492110,5,2.0,6932,21924,1.0,1,0,3,6,5941,991,1917,0,98085,47.6528,-122.4683,2317,3441
5555,1260824,6,2.5,5760,30145,1.5,0,0,3,10,4860,900,1935,0,98053,47.5613,-121.8417,4628,3640
5556,1563416,7,3.0,5703,4403,2.5,1,3,4,5,4877,826,1987,0,98062,47.7279,-121.7126,3119,38317
5557,1058069,7,4.5,4265,36113,1.5,0,0,4,13,3976,289,2018,0,98186,47.4092,-122.0987,4094,29045
5558,680317,7,2.0,2938,5158,2.5,0,0,2,7,2375,563,1997,1982,98061,47.399,-122.3425,5510,5305
5559,836934,4,4.5,4810,16897,3.0,0,0,3,5,4309,501,1941,0,98163,47.1183,-121.6555,5789,14894
5560,596955,2,3.5,2049,6541,2.5,0,0,3,10,1660,389,2001,0,98087,47.111,-122.3452,1269,32209
5561,1310071,6,1.0,6858,5251,2.5,0,2,3,6,6205,653,1910,0,98168,47.5849,-121.5198,510,32883
5562,1210808,6,4.0,3974,21992,2.5,1,0,1,13,2892,1082,1958,0,98082,47.43,-121.8448,4262,7796
5563,665206,6,1.0,627,13865,3.0,1,0,2,10,300,327,1951,0,98059,47.5622,-122.2151,4325,28479
5564,1401616,1,5.0,6441,26257,2.0,0,0,4,10,5381,1060,1973,0,98087,47.2668,-121.4215,3250,8070
5565,1191087,6,4.5,5355,12783,2.5,0,0,3,11,4889,466,1992,0,98001,47.7042,-122.3299,764,12533
5566,1179699,4,2.0,7047,44953,2.0,0,0,3,4,6248,799,1948,0,98172,47.732,-121.7786,2267,14558
5567,1754063,3,2.0,7696,45809,1.0,1,0,4,13,7571,125,1955,0,98058,47.5636,-121.759,2717,1383
5568,1429128,5,2.5,6411,28146,1.5,0,0,5,12,4925,1486,2003,0,98182,47.2945,-122.4552,3741,22826
5569,1465715,7,2.5,6981,21995,2.0,0,0,3,9,5621,1360,1969,0,98137,47.2513,-121.7683,1652,39820
5570,1604344,6,2.5,7474,19077,1.0,0,1,3,12,6266,1208,2011,0,98025,47.5378,-121.6669,4707,26536
5571,679173,1,2.5,3261,10599,1.5,0,0,3,3,2186,1075,1973,0,98166,47.7585,-121.4078,5717,4806
5572,997581,4,3.5,4956,43020,2.5,0,0,3,6,3589,1367,1929,0,98153,47.5047,-121.6493,5077,21060
5573,1069881,6,1.5,5164,43330,2.5,0,0,4,6,4312,852,1954,0,98007,47.6875,-121.9187,2134,27622
5574,591370,1,4.5,1915,12664,2.5,0,0,4,6,1303,612,1927,0,98174,47.4958,-121.476,857,15726
5575,1551051,3,4.0,6861,1264,3.0,1,0,4,9,6448,413,1992,0,98080,47.5722,-122.0755,1686,37537
5576,1178281,2,3.0,6193,44630,3.0,0,0,3,7,5878,315,1950,2014,98118,47.4974,-121.4734,3673,17950
5577,1173374,6,4.5,6288,13805,3.0,0,0,3,7,6143,145,1988,0,98035,47.5028,-121.4872,2406,9789
5578,363756,4,2.0,701,39620,3.0,0,0,3,5,300,401,1999,0,98095,47.6175,-121.7756,4275,26207
5579,1258568,1,1.0,6660,31660,1.0,0,0,3,12,6456,204,1926,0,98189,47.3774,-122.0865,5730,13298
5580,765992,1,3.5,2869,34516,1.0,0,0,3,7,2412,457,1997,0,98001,47.7328,-121.7906,3533,24048
5581,474062,6,3.0,1017,46044,2.5,0,3,3,7,331,686,1951,0,98148,47.7044,-121.4129,5221,3423
5582,1263129,1,3.5,5944,30952,1.5,0,0,3,10,4690,1254,1933,0,98186,47.6077,-121.7362,2965,6163
5583,1317008,2,4.5,6031,16094,3.0,0,0,3,13,4740,1291,1931,2002,98193,47.6204,-121.492,871,14510
5584,445272,1,5.0,1841,49835,1.5,0,3,3,4,896,945,1943,0,98037,47.3893,-122.0864,881,1159
5585,1101571,7,3.5,5276,40237,1.0,0,0,3,10,3895,1381,1903,0,98152,47.6828,-122.1492,1188,9028
5586,605661,5,4.0,2488,28091,3.0,0,0,3,6,2000,488,1947,2016,98113,47.7528,-122.193,5561,35985
5587,1530418,7,1.5,7749,4966,1.0,0,0,3,11,7126,623,1997,0,98133,47.6566,-121.9105,5631,31999
5588,935213,5,1.5,4045,3896,1.0,0,0,3,10,4006,39,1915,0,98139,47.1931,-121.9816,3329,32608
5589,1287509,1,4.0,6087,41768,2.0,0,0,4,7,5358,729,1959,0,98120,47.6506,-121.4749,1789,4738
5590,1084831,6,2.5,5020,17038,1.0,0,3,3,7,4273,747,1946,0,98163,47.4252,-122.3649,5009,32238
5591,1435636,5,3.0,6564,33357,2.5,0,0,4,11,5349,1215,2009,0,98029,47.5261,-121.8351,1855,17090
5592,818251,4,2.0,4302,22488,1.0,0,0,4,7,4028,274,1974,0,98118,47.7938,-122.0159,4507,6257
5593,1284296,5,3.5,6308,25438,3.0,0,0,3,11,5557,751,1914,0,98151,47.3515,-121.3749,3982,25168
5594,949895,7,1.5,3775,35864,2.5,0,0,3,8,3420,355,2019,0,98152,47.344,-121.5539,2484,28513
5595,977504,1,3.5,4154,45929,1.0,0,0,3,13,4000,154,2001,0,98078,47.2842,-121.98,1200,34226
5596,1566213,6,1.5,7662,2004,2.5,0,0,3,13,6971,691,1993,0,98115,47.189,-121.7313,4175,28678
5597,436748,3,1.5,2934,8215,1.0,0,0,1,3,2172,762,1955,0,98125,47.2177,-121.6053,5544,9195
5598,1243434,6,2.5,5373,23956,2.5,0,0,4,13,4159,1214,1990,0,98075,47.46,-122.4146,4743,26921
5599,1264842,6,2.0,6741,40478,1.5,0,2,3,10,5641,1100,1915,0,98065,47.7369,-121.6915,4235,32316
5600,1051310,6,4.5,6422,4168,2.0,0,0,5,3,6368,54,1900,1998,98172,47.6669,-122.3326,526,29462
5601,336789,4,1.0,707,30068,2.5,0,0,4,4,300,407,1924,0,98154,47.2277,-122.2733,4797,11419
5602,1147915,2,1.5,6133,32677,3.0,0,0,3,8,5463,670,1963,0,98184,47.4932,-121.9465,5013,18111
5603,1341498,7,3.0,6255,36339,2.0,0,0,3,7,5093,1162,1991,0,98020,47.6928,-121.3247,2909,9834
5604,586676,1,3.0,3133,13260,2.0,0,0,3,4,2733,400,1942,0,98066,47.4776,-121.3574,5635,22686
5605,1213415,2,1.0,6809,35434,1.0,0,1,3,8,6580,229,1913,0,98033,47.738,-121.4173,1701,38933
5606,1059477,3,1.0,4617,42731,2.5,0,0,3,9,3272,1345,1997,0,98175,47.7355,-122.4588,3083,35889
5607,371340,2,5.0,653,22774,2.0,0,0,4,5,587,66,2019,1982,98045,47.3438,-121.4766,4594,17841
5608,1407029,1,3.5,6558,41155,3.0,0,3,3,13,5437,1121,1947,0,98173,47.7118,-121.5686,1843,4532
5609,856599,7,2.5,3866,21520,3.0,0,0,3,10,3753,113,1967,0,98198,47.5096,-121.9015,718,9250
5610,926209,7,3.0,4814,2989,3.0,0,1,4,6,4399,415,1913,0,98012,47.4359,-122.1095,5400,37670
5611,1216345,1,2.0,5264,33458,1.0,0,0,3,12,4228,1036,1979,0,98056,47.642,-121.5933,4671,6986
5612,688176,3,2.5,2018,33988,1.5,0,0,3,11,773,1245,1914,0,98067,47.6527,-122.3716,1109,25602
5613,1524868,1,3.5,6873,35191,2.5,0,3,3,9,5427,1446,1997,0,98150,47.5728,-121.7195,4268,25825
5614,1304730,3,4.5,6663,26825,2.0,0,1,3,5,5619,1044,1976,0,98166,47.6676,-121.6937,5973,32678
5615,634352,3,1.5,3100,26169,2.5,0,0,4,7,2886,214,1916,1986,98085,47.766,-121.8356,4350,15786
5616,1264270,1,4.5,5545,30240,2.0,0,0,4,11,4378,1167,1991,0,98108,47.7112,-121.4467,5844,13758
5617,743020,5,1.5,2695,3600,1.0,0,0,3,11,2206,489,1951,0,98043,47.152,-122.1042,3518,10708
5618,1461839,7,2.0,7775,41777,2.5,0,0,3,10,6873,902,1909,2021,98091,47.695,-121.9262,1242,38460
5619,1126189,3,1.0,4998,33998,1.0,0,3,3,10,4659,339,2010,0,98134,47.6471,-121.5896,4690,2131
5620,1052451,1,1.5,5191,46245,1.0,0,0,4,11,5080,111,1916,0,98139,47.7487,-121.64,2769,33502
5621,907861,5,4.5,4054,26507,2.5,0,0,3,7,3053,1001,1907,0,98017,47.6177,-121.825,994,20271
5622,766469,7,3.0,2914,11397,2.5,0,1,3,13,2533,381,1901,0,98107,47.7145,-122.1734,3830,35837
5623,1339566,3,1.5,6033,27126,2.0,0,2,2,11,4932,1101,1955,0,98141,47.1072,-122.1469,2265,26710
5624,1583327,7,5.0,7976,46073,3.0,0,0,4,8,7891,85,2021,0,98176,47.7845,-121.6106,1206,21167
5625,807761,5,4.5,3349,24452,1.0,0,1,3,8,2989,360,1964,2021,98166,47.2336,-122.4931,4361,12230
5626,1598517,7,4.0,7561,24865,1.5,0,0,3,13,7078,483,1954,0,98084,47.705,-121.7167,5888,30622
5627,1352515,4,4.5,5753,19197,2.0,0,1,4,12,5280,473,2018,0,98038,47.7507,-122.2021,5250,20153
5628,529944,6,2.0,2242,5406,2.0,0,0,3,8,1143,1099,1968,0,98049,47.1016,-121.6924,4199,33889
5629,791254,4,4.5,1806,13380,3.0,0,3,3,9,926,880,1998,0,98099,47.7396,-122.2757,766,3662
5630,1041156,5,4.0,4349,39469,3.0,0,0,3,11,3295,1054,1985,0,98065,47.6804,-122.0483,2325,28038
5631,1018497,3,4.5,4668,8909,1.0,0,0,4,5,3285,1383,2006,0,98108,47.7457,-121.5954,3921,8741
5632,1097869,1,4.0,5076,46163,2.0,0,0,2,8,3729,1347,1979,0,98050,47.2238,-121.5938,3126,29135
5633,1171839,2,2.5,5155,11868,2.0,0,1,3,12,4988,167,2016,0,98013,47.6442,-122.2484,2851,10644
5634,1479559,1,4.0,7993,35431,1.5,0,1,3,7,6687,1306,1972,0,98091,47.4412,-122.0485,3054,14073
5635,1090826,7,2.0,5340,30015,1.0,0,0,4,6,4436,904,1935,0,98131,47.2804,-121.897,2292,26628
5636,1197624,2,2.5,6062,36332,1.0,0,0,3,10,5091,971,1908,0,98028,47.6293,-121.7952,2441,10417
5637,1154884,2,1.5,4695,13630,3.0,1,0,3,5,3452,1243,1913,0,98070,47.4313,-121.6091,5485,33836
5638,1070245,7,4.5,5678,49127,1.0,0,0,3,4,4383,1295,1973,2004,98174,47.7299,-122.4716,4648,38223
5639,657664,7,2.0,3055,30985,1.5,0,0,3,6,2689,366,1921,0,98046,47.5975,-122.3616,1693,32712
5640,605482,3,3.0,2805,20083,1.0,0,0,4,5,1669,1136,1915,0,98137,47.1974,-122.3107,1555,17942
5641,1154590,5,2.5,5008,4530,2.5,0,0,1,9,4437,571,1940,0,98190,47.2755,-122.2712,2521,9895
5642,651797,1,5.0,1588,28202,2.5,1,0,4,6,742,846,1966,1988,98045,47.2852,-122.4637,5598,14657
5643,908735,5,2.5,3142,20159,1.5,0,3,4,12,2238,904,,2014,98161,47.3408,-121.3954,3689,37527
5644,663929,4,4.0,1677,31172,3.0,0,0,4,11,729,948,1993,2006,98004,47.5665,-122.3054,2785,12583
5645,1633083,3,4.5,6604,5392,2.0,1,0,3,13,5717,887,1928,0,98141,47.726,-122.4116,2171,19681
5646,1187061,3,2.5,6909,2287,1.0,0,0,3,7,6546,363,1964,0,98052,47.5156,-121.9339,962,24875
5647,1033625,4,2.5,5416,5700,3.0,0,0,3,5,4105,1311,1927,0,98166,47.6263,-121.3706,1665,31590
5648,1410832,1,4.0,7746,20385,3.0,0,0,4,4,6668,1078,1985,0,98065,47.3217,-121.3427,5657,20457
5649,1549165,6,4.5,7982,21516,1.0,0,0,4,8,6716,1266,1931,0,98046,47.4657,-121.6883,865,29118
5650,1345991,4,4.0,5257,32547,2.0,1,0,3,8,5105,152,1951,0,98129,47.4529,-122.286,1713,26826
5651,584890,1,2.0,3494,28079,1.0,0,0,4,3,3326,168,1910,0,98160,47.5907,-122.4954,2960,4432
5652,455965,2,4.5,1059,10251,2.0,0,0,4,9,300,759,1925,0,98106,47.4626,-122.098,4871,26226
5653,975270,7,2.5,3464,20661,1.5,1,0,4,7,2540,924,1930,0,98177,47.334,-122.3495,800,36657
5654,1423661,3,3.5,7534,5698,2.0,0,0,3,9,6639,895,1919,0,98019,47.2707,-121.5939,2141,2832
5655,555369,1,4.5,1771,3834,3.0,0,0,4,6,410,1361,1983,0,98081,47.2783,-121.3371,4147,20642
5656,643647,5,2.0,2313,32474,1.5,0,0,4,7,2278,35,1996,0,98180,47.7866,-122.3995,4738,7797
5657,770045,7,4.0,3415,17693,2.5,0,0,3,9,2692,723,1968,0,98167,47.3502,-122.0237,725,33049
5658,775469,5,3.5,1109,38196,1.5,1,0,4,8,300,809,1940,0,98190,47.6646,-121.417,3602,16334
5659,698081,7,4.5,2961,27488,2.0,0,1,3,3,1807,1154,1966,0,98041,47.15,-121.6261,2384,27924
5660,770273,3,1.5,4620,41946,1.5,0,3,3,3,4562,58,1943,0,98076,47.1628,-121.4563,3051,28430
5661,1375703,4,2.5,6624,46319,1.5,0,0,4,4,5441,1183,2013,0,98148,47.5803,-121.3924,1214,2213
5662,532764,6,4.5,783,5284,2.5,0,0,3,13,300,483,1959,0,98022,47.42,-122.0049,1052,21361
5663,1328461,4,1.0,6068,18079,2.0,0,0,4,13,5740,328,1997,2021,98159,47.7163,-121.6676,3387,18317
5664,640359,1,1.5,3428,31147,3.0,0,0,3,5,2871,557,1994,0,98098,47.7036,-121.6488,2677,31204
5665,902547,4,5.0,4896,4988,1.5,0,0,3,3,3505,1391,2005,0,98087,47.629,-121.743,5209,26280
5666,594148,3,2.0,1591,32276,1.0,0,0,2,12,605,986,1906,0,98108,47.6707,-122.1091,2728,3777
5667,1130162,1,5.0,5626,7795,3.0,0,1,3,4,5283,343,1993,0,98056,47.7094,-121.5014,4283,6795
5668,383666,2,1.5,1316,34502,1.5,0,0,4,4,300,1016,1953,0,98019,47.6485,-121.5773,3092,38388
5669,1537996,4,2.5,7804,37230,3.0,0,4,3,9,7170,634,1962,0,98113,47.4688,-121.9657,5067,30495
5670,1605734,4,4.0,7831,39316,1.0,0,0,3,13,6594,1237,1981,0,98066,47.2853,-121.9948,2665,35970
5671,488640,6,3.5,582,35722,3.0,0,0,3,8,300,282,1979,0,98066,47.6512,-122.4871,4364,15418
5672,779414,1,3.5,2420,11151,3.0,1,0,4,11,2257,163,1912,0,98038,47.3224,-121.4879,2521,16924
5673,847186,5,3.0,3991,49010,1.0,0,0,2,12,3710,281,1932,0,98039,47.2714,-122.1592,884,27507
5674,900556,4,4.5,3644,31436,1.0,0,3,3,7,2571,1073,1906,1988,98028,47.2202,-121.935,1613,21823
5675,1371023,3,2.0,7904,40465,1.0,0,0,3,5,7775,129,1929,0,98011,47.539,-122.0064,2952,11598
5676,732400,4,3.0,2593,29673,2.5,1,0,2,3,1208,1385,1910,2019,98113,47.2697,-121.6862,4298,12069
5677,984062,6,1.5,5213,39689,1.0,0,0,4,3,4338,875,1969,0,98093,47.3624,-122.0319,2391,23293
5678,1245117,2,3.5,7571,35741,3.0,0,0,3,4,7309,262,1920,0,98021,47.5963,-122.2843,2083,22406
5679,1313936,6,2.0,6905,44362,1.0,0,0,3,13,5727,1178,1931,0,98157,47.6557,-121.4577,4088,24378
5680,398280,4,2.5,675,4151,1.5,0,0,4,13,300,375,1904,0,98093,47.3203,-122.2797,5968,12503
5681,1116176,5,3.0,5785,17050,1.0,0,0,3,5,4457,1328,2005,0,98042,47.69,-122.4659,526,8921
5682,1082211,7,1.0,3204,7431,1.0,0,4,4,13,3159,45,1992,0,98140,47.1406,-122.2645,4111,8841
5683,1235512,4,1.5,5437,30939,2.0,0,0,4,12,4166,1271,1934,0,98002,47.7901,-121.9538,1409,23758
5684,452667,1,3.5,869,11953,3.0,0,0,3,12,300,569,1946,1980,98040,47.3918,-121.9921,3585,21122
5685,500244,4,2.5,2318,17395,3.0,0,0,3,7,1082,1236,1911,0,98102,47.3274,-121.5444,1798,33608
5686,671496,5,4.5,2601,10228,1.5,0,2,3,9,1168,1433,1936,0,98063,47.7466,-122.2661,3956,4011
5687,1068920,1,4.0,5285,49669,2.5,0,0,4,6,5284,1,2009,1986,98161,47.1927,-121.5693,5867,3523
5688,1028820,3,1.0,3990,5462,2.0,0,3,4,12,3273,717,1943,0,98109,47.3505,-122.3844,528,28225
5689,674272,1,3.5,2279,14525,1.5,0,0,3,13,1538,741,1921,0,98174,47.3512,-121.9316,4842,15105
5690,608696,6,1.5,1864,40375,1.5,0,0,3,8,521,1343,1910,0,98010,47.3971,-121.4616,4858,21401
5691,1439323,2,4.0,7794,21780,3.0,0,0,3,8,6927,867,1986,0,98139,47.6938,-122.0045,3655,14688
5692,1491168,6,5.0,6028,44488,2.0,0,4,3,13,5776,252,1954,0,98016,47.6946,-121.3441,2207,19708
5693,1037081,7,3.0,4962,8800,3.0,0,0,3,4,3467,1495,2008,0,98008,47.5141,-121.7428,3901,39544
5694,796642,1,3.5,3842,41406,2.5,0,0,4,8,3015,827,1909,1988,98047,47.7942,-121.592,4153,6419
5695,991392,3,2.0,5239,21584,3.0,0,0,4,7,5151,88,1941,0,98117,47.6909,-121.8882,4480,14163
5696,1073261,4,3.0,4176,25544,1.0,0,0,4,13,3138,1038,1987,2013,98174,47.5767,-121.9843,5307,12504
5697,756929,1,4.5,2926,37421,3.0,0,0,1,8,1738,1188,2016,0,98004,47.2396,-122.3984,5970,3265
5698,329974,6,1.5,572,27911,1.0,0,1,4,6,300,272,2009,0,98172,47.4848,-122.3561,5189,24003
5699,887285,1,2.0,3462,31627,1.5,0,3,4,3,1964,1498,2015,0,98092,47.2497,-121.814,3012,18876
5700,1386690,1,3.0,5867,19461,2.5,0,3,3,11,5176,691,1979,2002,98017,47.3112,-121.7636,5544,33423
5701,395499,1,4.0,1359,6762,1.0,0,0,3,5,388,971,1975,0,98082,47.5801,-121.3183,568,13006
5702,794387,3,2.5,4356,20053,2.5,0,0,3,3,3739,617,1954,2018,98005,47.2291,-121.4707,1938,10945
5703,941107,5,4.5,4638,29241,3.0,0,0,4,6,3196,1442,1949,0,98072,47.1636,-121.4866,1374,6369
5704,848312,5,1.5,2924,15582,3.0,0,0,3,9,1491,1433,1931,0,98126,47.4721,-122.1561,5281,18925
5705,578064,1,2.5,1564,31031,1.5,0,2,3,6,580,984,1987,0,98181,47.1007,-122.0059,1797,9641
5706,759399,3,4.0,2717,47339,3.0,0,0,3,13,2249,468,1967,0,98005,47.5262,-122.3774,5034,31347
5707,1093621,3,2.0,4517,38884,1.0,0,2,4,6,3877,640,2005,0,98035,47.7309,-121.8022,2402,14965
5708,799375,7,3.5,2759,15250,1.5,0,2,4,11,2323,436,1996,0,98023,47.2332,-122.4166,3761,29417
5709,1207110,1,1.5,6112,9454,2.5,0,0,3,13,5908,204,1917,0,98150,47.3679,-121.9638,2817,26238
5710,956517,6,1.0,4251,11863,1.5,0,0,3,8,3198,1053,2010,0,98112,47.7415,-121.8206,5360,27036
5711,742740,6,1.5,2586,37945,2.5,0,0,4,11,1631,955,1980,0,98117,47.5927,-122.2262,4934,30841
5712,283475,2,4.5,868,15500,2.0,0,0,4,4,347,521,1984,0,98187,47.1947,-121.5695,3205,1179
5713,804668,1,3.0,3304,39721,1.0,0,0,4,9,3020,284,1964,1988,98066,47.3674,-121.6902,944,35668
5714,592592,2,4.0,650,9237,1.0,0,3,4,9,300,350,2009,0,98164,47.6292,-122.3226,3127,31422
5715,607399,6,2.5,1634,24108,2.5,0,0,3,10,300,1334,2007,0,98067,47.5653,-121.3196,1307,28877
5716,1167100,6,3.5,6099,1930,3.0,0,0,4,12,5663,436,1924,2021,98028,47.209,-121.8495,5975,33431
5717,1233266,1,3.0,6055,14815,3.0,0,1,2,13,4893,1162,1930,0,98151,47.1437,-122.4683,2797,32411
5718,1312357,2,5.0,5666,32118,2.0,0,1,4,11,5001,665,2006,0,98141,47.5772,-122.0799,2029,7025
5719,1170541,2,4.0,5619,22874,2.5,0,1,3,10,4961,658,1983,0,98069,47.5263,-121.3248,3504,13303
5720,1117621,1,4.0,6194,43742,2.0,0,0,4,4,5280,914,1989,0,98030,47.1415,-121.4172,4761,27035
5721,706796,7,1.0,3284,1247,2.5,0,0,4,5,1847,1437,1918,0,98184,47.7824,-122.3186,4726,36057
5722,1200465,2,3.0,6636,46903,2.0,0,0,2,4,5860,776,1993,0,98060,47.2767,-121.474,5121,8147
5723,1044462,7,3.0,5985,45186,2.5,0,0,3,3,5339,646,1988,0,98087,47.3702,-121.7579,5895,24230
5724,1072411,4,4.5,4664,26931,1.0,0,0,3,9,4135,529,1999,0,98097,47.2243,-122.4739,1090,14327
5725,762405,6,2.0,2846,11180,2.0,0,0,4,10,2710,136,2012,0,98149,47.68,-121.5911,3599,21666
5726,1147578,5,2.0,5539,13340,2.0,0,3,4,7,5150,389,1917,0,98112,47.7738,-122.0046,5695,37206
5727,1225119,7,2.5,5397,13582,2.5,0,0,4,12,5200,197,1967,0,98077,47.2493,-122.0246,4522,4543
5728,1414718,7,2.0,6939,43629,1.5,0,0,3,13,6383,556,1990,0,98042,47.2982,-122.0406,3863,5760
5729,847167,7,1.5,2750,35555,1.5,1,0,3,11,2345,405,1932,0,98105,47.5946,-121.7841,1241,27280
5730,331024,3,4.5,560,36981,1.0,0,0,2,6,300,260,1969,0,98048,47.4695,-121.6429,3126,18930
5731,925012,2,3.0,5541,35287,3.0,0,0,3,3,4064,1477,1906,0,98105,47.1735,-121.7228,1431,21902
5732,760031,2,4.5,3510,25022,3.0,0,0,3,6,2400,1110,1900,0,98150,47.75,-122.2099,1306,1133
5733,1056229,3,4.5,4401,25809,1.0,0,3,4,7,3169,1232,2001,0,98196,47.5278,-121.6518,1792,6507
5734,680396,2,2.0,1837,25946,3.0,0,0,3,13,1614,223,1998,0,98073,47.3109,-122.3374,5051,9501
5735,653424,3,3.0,1684,41326,2.5,0,0,4,10,408,1276,1986,0,98095,47.4429,-121.3344,2347,20788
5736,1040806,7,1.5,4926,6658,1.5,0,0,3,7,3743,1183,1979,1982,98050,47.4502,-121.9317,5660,5929
5737,981789,1,4.5,2051,9834,1.0,1,0,3,12,799,1252,1958,0,98191,47.4678,-122.3904,2471,39048
5738,1197041,4,2.5,4933,17415,2.5,0,3,3,11,3715,1218,1933,2016,98176,47.4481,-121.8081,934,14037
5739,631734,7,2.5,2129,37271,1.0,0,0,3,8,729,1400,1997,0,98066,47.4933,-121.8076,1856,35615
5740,671631,4,2.0,1827,27090,1.5,0,0,4,10,1684,143,1994,0,98110,47.3753,-122.4534,1796,21986
5741,526621,6,3.0,2026,19825,3.0,0,0,3,5,1897,129,2006,0,98183,47.2023,-122.487,3313,33430
5742,591833,7,2.0,2173,11880,2.5,0,1,3,5,699,1474,1994,0,98036,47.5652,-121.3047,3646,33040
5743,634589,5,2.5,1861,42726,1.5,0,0,4,11,797,1064,1951,0,98029,47.6547,-122.0319,1072,18237
5744,554534,2,4.0,2073,30149,1.0,0,0,5,8,1036,1037,1910,0,98098,47.6887,-122.2055,4835,31486
5745,623105,5,4.5,3186,28122,2.0,0,0,3,6,2213,973,1907,0,98175,47.1154,-121.8427,2581,31967
5746,1194067,1,2.0,4870,47107,2.5,0,3,3,10,3881,989,2014,0,98121,47.3832,-122.49,2028,32168
5747,1262550,4,3.0,5783,8549,1.0,0,2,3,6,4327,1456,1987,0,98050,47.7849,-122.4845,3488,28351
5748,904700,7,4.5,2866,13970,1.0,0,0,2,13,1410,1456,1986,0,98009,47.1438,-122.3647,4624,22777
5749,1409414,1,1.0,7232,49591,1.5,0,2,3,6,6694,538,1995,0,98076,47.6499,-121.537,4351,13455
5750,1431474,1,4.5,7147,9725,1.0,0,0,4,9,6725,422,1952,0,98085,47.1883,-122.2021,3611,23083
5751,956945,2,2.0,4257,7591,2.5,0,0,3,9,2905,1352,1914,2007,98190,47.6772,-121.8959,1052,22203
5752,693171,1,3.5,2934,39813,2.5,0,0,3,10,2003,931,1927,0,98005,47.5706,-122.2317,5742,1365
5753,840971,7,3.5,2493,2448,1.0,0,1,3,12,1594,899,1983,0,98007,47.6075,-121.8462,1962,6883
5754,440175,7,3.0,1369,15488,1.5,0,0,4,9,1285,84,1913,0,98172,47.7841,-121.8894,5439,3214
5755,1472942,4,4.5,7476,12146,2.5,0,1,3,10,6608,868,1989,0,98037,47.7576,-122.0191,2194,38869
5756,404006,7,1.5,1514,10083,2.0,0,0,3,10,1513,1,1957,0,98125,47.3131,-121.9802,4039,28562
5757,798436,5,2.5,2411,26302,3.0,0,1,3,9,2205,206,2013,0,98003,47.3627,-121.7159,5058,13795
5758,307165,4,3.0,1102,30077,1.5,0,0,3,3,691,411,1956,2002,98143,47.385,-121.4894,813,26112
5759,815838,2,4.0,4321,30843,1.5,0,0,3,6,3721,600,1951,0,98083,47.2264,-122.1167,4164,9018
5760,1067956,4,2.0,6395,12262,3.0,0,0,3,5,6275,120,1936,0,98113,47.3668,-121.8614,3313,9619
5761,373520,3,4.0,1190,28285,3.0,0,0,2,11,300,890,1901,0,98003,47.7853,-121.475,1478,20815
5762,466416,5,2.5,993,6072,2.5,0,0,3,12,985,8,1933,0,98084,47.4427,-122.2985,5066,21094
5763,511085,3,2.0,989,36165,1.0,0,0,3,10,678,311,1933,0,98079,47.7668,-121.3245,5983,6116
5764,1567861,3,4.0,7364,29363,1.0,0,4,4,11,6541,823,1957,0,98102,47.15,-121.5992,786,25828
5765,1451641,6,1.5,7740,33998,2.0,0,0,3,7,6513,1227,1997,0,98142,47.1275,-122.0607,670,24152
5766,685620,7,3.0,3056,2410,1.0,0,0,4,7,2228,828,1972,2007,98004,47.5027,-122.0498,3334,2895
5767,1111697,2,1.5,4985,16659,2.0,0,0,3,12,4486,499,1960,0,98163,47.6154,-122.2536,3919,20481
5768,387646,1,2.5,794,31029,2.0,0,0,4,7,300,494,2007,0,98136,47.2522,-122.1785,4019,26216
5769,1138262,3,3.5,5988,35851,1.5,0,0,3,4,5339,649,2016,0,98163,47.4524,-121.7956,1868,25842
5770,1010525,4,3.0,4527,34784,1.5,0,1,3,9,4383,144,1953,0,98068,47.7111,-122.4955,2818,24040
5771,755597,1,2.5,3343,48524,2.5,0,0,4,10,2943,400,2015,2017,98036,47.6332,-122.4722,737,20284
5772,746593,4,2.5,3412,46042,3.0,0,1,4,7,2486,926,2013,0,98078,47.2623,-121.3162,5064,19112
5773,593006,4,2.0,2217,39989,3.0,0,0,5,10,1532,685,1966,2004,98172,47.3341,-122.2174,5656,32369
5774,761700,1,3.0,3096,47486,2.0,0,4,4,8,2342,754,1929,1997,98064,47.3141,-121.5045,4805,26561
5775,1050536,1,5.0,5244,18844,3.0,0,0,3,6,4762,482,1982,0,98195,47.6037,-121.7651,2473,33866
5776,660209,7,4.5,2373,27045,2.0,0,0,3,9,2274,99,1994,0,98020,47.7777,-121.9648,3235,12380
5777,1203176,4,1.5,5163,44334,3.0,0,0,3,10,3937,1226,1979,0,98072,47.2961,-121.6214,4319,6459
5778,1096472,2,1.0,3758,25312,2.5,0,3,3,11,2527,1231,2006,0,98185,47.5118,-122.44,2937,27200
5779,1425789,7,4.5,7496,27681,1.5,0,0,4,7,6892,604,1958,0,98055,47.792,-121.5927,2430,2815
5780,843252,5,3.0,3317,45576,1.5,0,0,3,11,2569,748,1957,0,98014,47.2103,-121.4716,5080,18779
5781,475633,6,3.0,944,39389,2.0,0,0,4,10,300,644,2019,0,98129,47.5614,-122.1637,760,32713
5782,871163,5,4.0,4141,32288,3.0,0,3,3,3,3875,266,1923,0,98057,47.3324,-122.1381,612,34506
5783,1056258,2,2.5,4958,13464,1.0,0,0,3,10,4453,505,1914,0,98084,47.7942,-122.3764,3813,17196
5784,1376965,7,3.0,6766,27533,2.5,0,0,3,10,6517,249,1921,1994,98014,47.1761,-121.4729,5851,25807
5785,1235886,6,5.0,5807,7475,3.0,0,2,3,9,5369,438,1931,0,98051,47.4159,-121.5305,4103,18441
5786,414350,7,3.5,1241,9249,1.0,0,2,4,3,855,386,1974,0,98092,47.2785,-121.9897,5172,28687
5787,686305,1,1.5,2541,32895,2.5,0,1,5,8,1056,1485,1992,0,98103,47.1222,-122.0467,2480,24717
5788,526747,6,1.5,1179,49717,2.5,0,4,3,4,684,495,1941,0,98058,47.7745,-121.987,2579,15954
5789,687545,4,2.0,2967,12049,1.5,0,0,4,8,2352,615,1958,0,98121,47.4977,-121.9956,4995,35004
5790,1126881,5,4.0,4197,41851,2.0,0,0,3,13,3213,984,1987,0,98119,47.5906,-121.9845,4571,33835
5791,1415304,6,2.0,7919,38084,3.0,0,0,4,4,7264,655,1982,0,98123,47.5342,-122.3251,3812,6652
5792,1015186,4,1.0,6238,2143,2.5,0,1,3,4,6102,136,1954,0,98009,47.2039,-122.4838,1007,18694
5793,1267363,7,5.0,6168,38035,3.0,0,1,3,9,5589,579,1904,1996,98087,47.2194,-121.5851,662,14749
5794,645474,2,1.5,1858,14621,2.5,0,3,3,13,1686,172,2009,0,98048,47.5385,-122.0875,3028,33217
5795,1309067,6,1.0,6735,21398,1.5,0,0,3,12,6734,1,1940,0,98155,47.6459,-121.9109,5605,30575
5796,158618,4,2.0,562,44270,2.0,0,0,3,3,300,262,1956,0,98104,47.5277,-122.1311,1064,23097
5797,729760,7,2.0,3059,3308,1.0,0,0,3,7,2203,856,1952,0,98156,47.4993,-122.042,3493,39545
5798,1007382,7,2.5,5758,36555,1.0,0,0,3,3,5261,497,1937,0,98184,47.6222,-122.4102,2224,10338
5799,959043,7,4.5,4269,46686,1.5,0,0,3,11,3126,1143,1900,0,98162,47.2705,-122.0557,1497,31399
5800,1571091,2,4.5,7852,3380,2.5,0,2,4,7,7063,789,1959,0,98002,47.6122,-121.9443,5327,21839
5801,1147024,1,3.0,5824,32391,1.5,0,0,3,7,4424,1400,1993,0,98024,47.3879,-121.5006,5471,20834
5802,1388355,2,2.5,7415,2508,2.0,0,0,4,6,6451,964,1975,0,98074,47.5718,-122.1134,3982,17322
5803,1374785,2,3.0,7881,28748,1.0,0,0,3,5,7733,148,1945,1998,98049,47.2923,-122.3937,2080,12342
5804,984332,5,2.0,4851,37634,3.0,0,1,2,10,4010,841,1903,0,98040,47.1962,-121.589,4941,31380
5805,325524,7,1.0,634,19097,1.0,0,0,3,9,300,334,1914,0,98008,47.1204,-122.0492,3581,26825
5806,987273,4,5.0,4144,34729,2.0,0,1,3,11,3926,218,1980,0,98069,47.6624,-121.4016,2214,12427
5807,1120321,6,1.5,5470,10080,2.5,0,0,3,8,5288,182,2015,0,98067,47.2379,-121.3492,4579,30350
5808,899908,5,2.0,5417,19030,1.5,0,0,2,3,4902,515,1911,0,98158,47.3544,-121.4538,4589,30563
5809,640269,7,3.0,2635,3981,1.0,0,0,3,7,2066,569,1900,0,98052,47.6382,-122.228,721,12254
5810,1466751,3,3.0,7631,19103,1.0,0,1,3,7,7434,197,1976,0,98039,47.4151,-122.1954,3127,30982
5811,708899,2,1.0,3778,36262,3.0,0,0,1,9,2381,1397,1929,0,98071,47.2523,-121.5471,1118,32256
5812,1822135,3,1.5,7796,16517,1.5,1,3,4,12,6330,1466,1973,0,98085,47.2363,-121.9647,3821,24023
5813,603534,7,2.5,1322,32277,3.0,1,0,5,3,300,1022,1999,0,98013,47.3856,-122.1426,2872,36600
5814,650966,5,3.5,3574,1453,3.0,0,0,3,3,3117,457,1905,0,98089,47.4956,-122.1473,2615,10510
5815,1177198,4,2.0,5569,39210,2.5,0,0,3,8,5457,112,1972,0,98119,47.3746,-121.807,5360,19303
5816,711574,5,2.5,3481,4634,1.0,0,0,4,8,2773,708,1949,0,98130,47.7332,-121.426,4595,19059
5817,1330182,4,3.0,6373,11973,1.5,0,0,4,11,5121,1252,1901,0,98194,47.1027,-121.7573,1350,5917
5818,316121,4,4.5,620,36130,2.5,0,0,4,5,300,320,1905,1996,98194,47.3814,-121.7557,4239,9979
5819,625694,7,2.5,2137,32476,2.5,0,1,3,7,729,1408,1974,0,98015,47.62,-121.6037,4938,18193
5820,1455782,1,1.5,7705,16826,2.5,0,0,3,7,6241,1464,1989,0,98187,47.7236,-121.5876,1771,37703
5821,1175726,7,3.0,5960,41250,2.0,0,0,3,3,4839,1121,1991,0,98018,47.3509,-121.4087,2869,29027
5822,1144768,2,4.0,5603,28471,2.0,0,0,4,8,4276,1327,1976,0,98069,47.5715,-122.3055,3279,6412
5823,367547,5,1.5,1424,24747,2.5,0,0,4,6,713,711,1937,0,98090,47.5062,-121.3184,1501,8578
5824,566494,4,2.5,1144,23267,2.0,0,0,3,8,300,844,1975,0,98030,47.2411,-122.1054,1634,12535
5825,789469,7,1.0,2532,9694,1.5,0,4,3,10,1606,926,1982,0,98078,47.5767,-122.1621,5457,39158
5826,758761,7,1.0,3261,38511,1.0,0,0,3,10,3087,174,1917,0,98133,47.2747,-121.8883,1097,30756
5827,1300682,5,3.0,7503,43416,1.5,0,1,4,5,7225,278,1918,0,98168,47.6487,-122.1828,4720,37369
5828,739081,5,2.0,2568,28481,1.0,0,0,4,11,2361,207,1927,0,98149,47.7061,-122.2205,964,17338
5829,350521,4,4.5,741,44144,2.0,0,0,3,13,300,441,1911,0,98192,47.4349,-121.3398,4875,30111
5830,1390146,6,3.5,7098,49376,1.5,0,0,3,6,5691,1407,1995,0,98107,47.1379,-122.3752,855,23464
5831,1489334,3,3.0,7606,9459,3.0,1,0,3,3,7302,304,1951,0,98008,47.6161,-121.3121,3529,23751
5832,815083,2,2.5,3168,17475,2.5,0,0,4,11,2441,727,1976,0,98006,47.4271,-121.753,1984,21703
5833,1463870,2,3.0,6946,2732,1.0,0,0,4,7,5955,991,2015,0,98090,47.1662,-121.3497,589,4465
5834,1370722,6,1.0,6215,35672,1.0,0,2,3,10,4837,1378,1986,0,98196,47.3318,-121.4231,1960,2310
5835,706888,1,4.5,1302,8119,3.0,1,4,3,9,1272,30,1999,1980,98058,47.3034,-121.7219,2008,23103
5836,1090660,6,5.0,5559,36189,3.0,0,0,3,7,5435,124,1957,0,98180,47.6085,-121.7922,4678,26212
5837,999990,1,1.5,4664,42234,2.5,0,1,3,10,4234,430,1993,0,98158,47.3968,-121.3088,5324,36616
5838,1058227,1,1.5,5748,15934,2.0,0,0,3,3,4888,860,1921,0,98185,47.5109,-121.8817,2630,9281
5839,477050,6,1.5,695,10829,1.5,0,0,3,13,300,395,2001,0,98027,47.4508,-122.2855,1128,25317
5840,712339,2,3.5,2687,32257,1.5,0,3,4,6,1373,1314,1944,0,98091,47.607,-121.3085,589,31354
5841,902541,3,3.5,4015,36882,1.5,0,0,4,7,3557,458,1961,0,98172,47.6026,-122.1118,986,2937
5842,858793,2,4.5,2830,1409,2.0,0,1,3,6,1773,1057,1941,0,98107,47.4142,-122.3951,2155,23061
5843,630892,7,4.0,2859,16848,2.5,0,0,3,8,2117,742,1966,0,98069,47.1945,-121.6397,4835,8805
5844,1052078,2,3.0,5341,35766,1.5,0,0,3,11,5001,340,1908,0,98104,47.3855,-121.9647,2464,27237
5845,746178,2,3.5,4106,2037,1.0,0,0,4,3,3268,838,1963,0,98139,47.2121,-122.0344,4081,2463
5846,1382844,6,4.0,6284,35684,1.0,0,2,4,12,4924,1360,1914,0,98043,47.7714,-121.7421,5683,3194
5847,478807,6,3.0,776,49262,1.0,0,0,3,13,300,476,1929,0,98126,47.7651,-122.4366,2541,16202
5848,352204,7,3.0,560,22848,3.0,0,0,3,4,300,260,1925,0,98035,47.4197,-121.6621,1407,32394
5849,869098,7,3.5,3890,2793,3.0,0,0,3,3,3571,319,1993,0,98139,47.1193,-121.8959,868,37140
5850,664118,6,3.0,2413,5293,2.0,0,0,3,9,1361,1052,1968,0,98054,47.3623,-121.9117,4845,26042
5851,1313417,2,3.5,6695,10577,1.5,0,0,3,4,6322,373,2021,0,98050,47.7266,-121.42,2061,3865
5852,1095177,3,3.5,4427,14076,3.0,0,1,3,11,4057,370,1994,0,98189,47.3016,-121.5025,5123,34459
5853,1539712,1,4.0,6796,43698,1.0,0,2,3,10,5763,1033,2020,0,98133,47.5354,-121.8621,2147,37594
5854,1501427,5,3.5,6368,37721,3.0,0,1,3,12,5953,415,2021,0,98115,47.2288,-121.806,3631,34432
5855,1036191,1,3.0,5930,22510,1.0,0,3,4,3,4974,956,1921,0,98101,47.6776,-121.5316,2077,4274
5856,1440832,7,3.5,6433,2247,1.5,1,1,3,5,5295,1138,1953,0,98154,47.7243,-122.0065,5140,12919
5857,892031,7,3.0,3091,7631,2.0,0,3,4,8,3008,83,2004,0,98097,47.5306,-121.6945,1412,14173
5858,470364,1,2.0,1066,2946,2.5,0,0,2,13,484,582,1957,0,98161,47.5366,-121.8511,824,12590
5859,1130960,5,1.0,4435,23476,2.5,1,0,3,5,3553,882,1978,0,98151,47.365,-121.9004,1399,34412
5860,743051,2,3.0,2071,38633,1.0,0,4,3,11,992,1079,2008,2002,98186,47.595,-121.3183,2612,18408
5861,1182180,3,3.5,5217,21620,3.0,0,0,3,12,4347,870,1952,0,98199,47.4349,-122.479,5051,17636
5862,1438388,3,5.0,6621,19819,3.0,0,2,2,12,6322,299,1998,0,98137,47.6218,-122.0024,2822,28623
5863,359761,1,2.5,1700,32095,1.0,0,0,3,4,1479,221,1918,0,98016,47.778,-121.3838,653,32724
5864,1175217,5,2.5,4909,24107,1.5,0,2,3,8,3976,933,1933,0,98172,47.6757,-121.3862,1047,35650
5865,715064,7,2.0,3354,18689,1.0,0,0,4,4,3122,232,1981,0,98028,47.4621,-121.6027,807,33997
5866,676211,4,1.5,3395,44094,1.5,0,0,3,5,3218,177,1913,2012,98151,47.7852,-121.7897,4724,34422
5867,1319849,2,4.0,6740,27387,2.0,0,0,3,12,6667,73,1921,0,98140,47.525,-121.671,1348,13846
5868,1407482,1,2.0,7524,33728,2.0,0,0,4,11,6213,1311,1987,0,98042,47.1454,-122.1965,599,22669
5869,662486,3,,1736,29856,1.0,0,3,4,11,848,888,1912,2005,98009,47.6113,-121.9139,3407,4398
5870,1434204,7,4.0,7472,46759,2.0,0,0,3,4,6103,1369,1963,0,98058,47.674,-121.8567,3315,13768
5871,515123,6,3.0,636,39095,3.0,0,3,3,10,584,52,1955,0,98109,47.1944,-122.4235,4993,31602
5872,474687,6,4.5,1529,47595,1.5,0,0,3,5,300,1229,1971,0,98076,47.5755,-121.4605,3232,11156
5873,1390023,5,3.0,7654,42160,2.5,0,3,3,4,7190,464,1941,0,98147,47.7446,-121.952,3721,25076
5874,927858,5,2.0,2656,38550,2.5,0,0,3,13,1888,768,2018,0,98164,47.276,-121.4213,1815,30615
5875,930533,1,4.5,3094,23803,2.0,0,0,3,12,2977,117,1965,2008,98077,47.5095,-122.032,4293,25559
5876,1425830,4,4.5,7706,11792,1.5,0,0,4,10,7489,217,1962,0,98066,47.2922,-122.0094,611,38277
5877,451389,3,1.5,1161,32336,3.0,0,4,3,5,542,619,1941,1998,98104,47.6421,-122.2069,4983,15895
5878,773629,1,1.0,2972,1956,2.5,0,0,3,10,2172,800,1990,0,98057,47.5065,-121.7268,679,11210
5879,721648,4,1.5,3177,26695,3.0,0,0,3,8,2896,281,1933,2010,98057,47.3997,-121.8418,3281,25770
5880,642132,7,2.0,2808,35120,3.0,0,0,3,3,1487,1321,1928,0,98108,47.1203,-121.4044,3841,36141
5881,280803,5,5.0,586,26298,2.5,0,0,3,4,300,286,1925,0,98025,47.7614,-121.9849,2082,26015
5882,628362,6,3.0,3012,3215,2.5,0,2,3,4,1691,1321,1922,0,98141,47.4484,-121.7223,5192,32974
5883,1275345,2,2.5,6719,20683,2.0,0,0,3,9,6112,607,1935,0,98187,47.6629,-121.6509,3908,3662
5884,1499988,7,4.5,7114,18889,1.5,0,0,4,8,6052,1062,2017,0,98013,47.3743,-122.1162,4198,35690
5885,1279962,6,3.0,7057,20862,1.0,0,3,3,4,5717,1340,1908,0,98155,47.6944,-121.443,4022,6898
5886,1490314,3,2.5,7468,34116,1.5,1,0,3,3,6142,1326,1984,2012,98168,47.212,-122.043,775,1455
5887,791159,3,5.0,3442,9406,1.0,0,2,4,7,2505,937,1941,0,98083,47.262,-121.7352,5590,3649
5888,866309,6,4.5,3273,6462,2.5,0,0,4,13,2458,815,1999,0,98086,47.3334,-121.761,5649,36762
5889,802562,7,4.5,3004,11138,3.0,0,4,3,4,2825,179,1966,0,98180,47.162,-121.9943,1065,10568
5890,1214358,6,3.0,5904,34114,1.5,0,0,4,12,4720,1184,1906,1989,98145,47.4107,-122.28,2709,7130
5891,1194631,4,4.0,3810,40526,3.0,1,1,3,12,2632,1178,1922,0,98179,47.4401,-121.789,2520,28256
5892,518210,1,1.5,2200,32574,1.5,0,0,3,8,1020,1180,1931,0,98002,47.1804,-122.0494,3449,25284
5893,884566,5,3.5,4170,46652,1.5,0,0,3,4,3787,383,1922,0,98140,47.399,-122.0451,2671,31232
5894,1056691,4,5.0,3200,13614,3.0,1,0,3,13,2334,866,1915,0,98156,47.2381,-121.9085,5820,39800
5895,1411369,2,2.0,7315,14652,2.0,0,0,3,11,7032,283,1968,0,98153,47.7126,-121.6873,989,18408
5896,849394,6,4.0,4129,22932,2.5,0,0,3,7,3679,450,1912,0,98159,47.4565,-121.6245,5972,27366
5897,985640,2,3.0,5090,10590,2.0,0,0,4,9,4729,361,1909,0,98155,47.7664,-121.9875,4534,8046
5898,583828,2,1.0,2147,21179,2.0,0,4,3,6,1671,476,2019,2006,98108,47.339,-122.3561,3406,15376
5899,1247643,4,4.0,6538,20831,1.5,0,0,3,4,5371,1167,1958,0,98187,47.339,-121.5499,618,22586
5900,996718,5,1.5,5664,9223,2.5,0,0,1,5,5565,99,1901,0,98001,47.3371,-121.6967,2131,38428
5901,1154657,7,3.5,6020,48659,1.5,0,0,4,7,5764,256,1979,0,98035,47.2878,-121.5392,1579,14776
5902,742652,3,1.5,3818,19495,1.0,0,0,4,3,2457,1361,1951,0,98097,47.649,-122.1209,984,13678
5903,894726,1,5.0,4187,30381,1.5,0,0,3,6,3800,387,1900,0,98001,47.2979,-121.4091,2428,22741
5904,517827,3,2.0,1096,21212,3.0,0,4,4,6,965,131,1969,0,98009,47.3016,-122.1847,3053,16007
5905,1038071,5,2.0,5045,23917,1.5,0,2,4,4,4419,626,1953,0,98161,47.1328,-122.1523,5107,34830
5906,374940,3,1.5,984,48879,1.0,0,0,4,11,581,403,1918,0,98044,47.7758,-121.8563,5963,33984
5907,519367,6,5.0,1145,26585,1.5,0,0,3,8,827,318,1996,0,98053,47.7204,-121.3032,4020,12380
5908,1405604,6,4.0,7263,1885,1.0,0,0,3,11,6797,466,1927,1990,98175,47.3048,-122.2574,4443,10020
5909,858406,4,4.0,3589,17961,2.5,0,0,3,8,2787,802,1904,0,98113,47.4645,-121.4938,2913,1488
5910,1122437,2,3.0,6225,32015,1.5,0,0,4,4,6110,115,1975,0,98085,47.4379,-122.4972,1468,35923
5911,1081975,5,3.0,5257,36693,1.0,0,1,5,3,4445,812,1929,0,98046,47.1614,-122.215,3468,14692
5912,1083939,5,1.5,5353,37798,2.5,0,0,4,6,4273,1080,1980,0,98018,47.4718,-122.0846,3619,1428
5913,912713,3,3.0,4884,44987,3.0,0,3,3,3,3484,1400,1918,0,98144,47.1793,-121.7217,4483,25090
5914,492567,4,2.0,1220,28259,2.0,0,0,3,10,557,663,2003,0,98187,47.4039,-122.3635,2318,32810
5915,1091847,3,5.0,5233,18577,1.0,0,0,3,13,4958,275,1941,0,98124,47.1615,-122.3456,1273,32369
5916,1201339,3,4.0,6878,28511,3.0,0,3,3,3,6381,497,1924,0,98079,47.5122,-122.3244,5752,35677
5917,1252906,5,2.5,7059,24756,2.5,0,0,3,7,6555,504,1934,0,98052,47.1343,-121.7049,3351,18462
5918,1400174,3,1.5,7581,6989,3.0,0,0,2,11,6392,1189,1908,0,98181,47.5399,-122.3624,1995,22637
5919,355746,2,4.0,998,10671,1.5,0,0,5,3,847,151,1995,2005,98188,47.5951,-122.0221,1510,38271
5920,1581357,3,1.5,7617,20033,2.0,1,0,3,6,6382,1235,1938,2017,98111,47.4996,-122.312,1818,22733
5921,1017365,2,2.0,5229,5285,1.0,0,0,4,10,4950,279,1955,0,98009,47.4286,-122.0415,1305,26583
5922,657329,5,2.0,2173,21937,2.5,0,0,4,10,824,1349,1937,1996,98028,47.1426,-121.6431,4893,31722
5923,1123829,4,3.0,6626,38320,2.0,0,0,3,3,5501,1125,1914,0,98066,47.1079,-122.1667,2885,14358
5924,904881,6,4.0,3567,39875,2.5,0,2,3,10,3185,382,2008,0,98075,47.3397,-121.7588,4535,14842
5925,475978,2,2.5,614,37486,3.0,0,0,5,13,300,314,1945,0,98096,47.6399,-122.2018,2313,12549
5926,669668,4,1.5,3479,44050,2.5,0,0,4,5,2715,764,1936,0,98022,47.5531,-121.6149,3158,27785
5927,1440716,4,3.0,5269,10072,2.5,1,0,3,13,4989,280,1989,0,98035,47.1877,-121.5675,3681,8101
5928,689251,2,4.0,2236,28660,3.0,0,0,2,9,1757,479,2019,0,98106,47.5816,-122.1275,3360,24124
5929,1242140,5,2.0,5853,45001,3.0,0,0,3,12,5389,464,1959,0,98169,47.5024,-122.4715,1145,33066
5930,1153969,1,2.0,4111,20594,2.0,0,0,3,13,2635,1476,1961,0,98159,47.2167,-122.3451,2103,2910
5931,1326867,4,5.0,7678,30166,1.0,0,0,3,3,7406,272,1930,0,98191,47.6287,-121.9109,5098,15191
5932,700382,4,5.0,2753,36055,3.0,0,0,4,7,1273,1480,1929,0,98059,47.6812,-122.0415,1876,17182
5933,887570,5,5.0,2794,13764,2.0,1,2,3,6,2281,513,1965,0,98138,47.2628,-122.0853,2534,7241
5934,997762,5,4.0,4130,22999,2.5,0,2,3,6,2768,1362,1906,0,98104,47.5451,-121.8048,2392,27834
5935,1387720,3,2.0,7401,26850,2.5,0,0,4,7,6881,520,1929,0,98036,47.3647,-122.3062,2720,23651
5936,1432089,5,2.0,7794,23638,1.5,0,0,3,5,6648,1146,1932,0,98072,47.1409,-121.952,725,24680
5937,359478,4,2.5,646,7142,3.0,0,0,4,9,543,103,2011,0,98047,47.7029,-122.2559,4668,22830
5938,1277411,2,2.5,6761,35778,2.0,0,0,3,4,5655,1106,2002,0,98186,47.6745,-121.3227,5469,5565
5939,899508,1,5.0,4482,40714,2.0,0,0,3,3,3350,1132,2010,0,98047,47.3226,-122.4417,3778,21128
5940,1053818,7,4.0,3953,48653,1.0,0,4,3,8,2810,1143,1937,2008,98097,47.4721,-122.4811,804,24089
5941,985550,3,4.0,5007,11456,2.0,0,0,3,3,3532,1475,1983,0,98022,47.4587,-121.823,4263,27626
5942,1422782,7,1.5,6283,43606,3.0,0,3,4,13,5382,901,1918,0,98158,47.2242,-122.4248,3399,1497
5943,707359,2,4.5,2910,27727,2.0,0,0,4,9,1659,1251,1908,2007,98151,47.202,-121.5268,4773,6282
5944,1266716,1,4.5,6128,7670,1.5,0,0,4,10,4838,1290,1985,0,98116,47.691,-121.5165,3757,8311
5945,160563,1,1.5,636,14889,2.5,0,0,3,4,300,336,1931,1987,98047,47.7072,-121.9813,2532,2326
5946,1491809,1,4.5,7842,45429,2.5,0,1,4,6,7347,495,1929,0,98124,47.6076,-121.494,3517,3265
5947,912731,6,2.0,3860,36853,2.0,0,0,3,9,3644,216,1905,1997,98182,47.1509,-121.6114,3896,12810
5948,884778,2,1.5,3505,10965,2.0,0,0,1,13,3220,285,1960,0,98144,47.7364,-122.3375,3741,8103
5949,976746,3,3.5,4052,3934,2.0,0,0,3,8,3068,984,1980,0,98010,47.7865,-121.4685,2688,24143
5950,204031,3,3.5,518,33680,2.0,0,2,3,4,300,218,1936,0,98164,47.6429,-121.4509,5217,7440
5951,662576,1,1.5,2742,18787,1.5,0,1,3,6,2082,660,1978,0,98028,47.3474,-122.1127,1335,6482
5952,1206315,2,2.5,6973,22793,3.0,0,0,3,5,6304,669,1970,0,98170,47.384,-121.57,3943,29804
5953,1410879,6,5.0,6555,47187,1.5,0,0,3,11,5358,1197,1977,0,98095,47.7087,-121.4232,4359,15523
5954,1370626,1,3.5,6818,25223,1.5,0,4,3,8,6545,273,1919,0,98145,47.2961,-121.6052,3222,34205
5955,1082249,5,4.0,5597,29717,1.5,0,2,3,4,4913,684,,0,98048,47.1993,-122.3872,2898,3224
5956,363288,7,2.0,948,29244,2.5,0,0,4,4,890,58,1917,0,98052,47.676,-122.3864,3650,24566
5957,730829,3,1.5,2448,30717,1.5,1,2,3,5,2030,418,1962,0,98096,47.2353,-121.3211,2690,37561
5958,367989,7,2.0,1445,21694,2.0,0,0,3,7,300,1145,1960,0,98188,47.7351,-121.8504,3599,25207
5959,1149246,4,2.0,5973,24327,1.5,0,0,4,8,4580,1393,1956,0,98167,47.517,-121.7267,1487,11897
5960,1112129,1,2.0,6118,36275,2.0,0,0,3,7,5199,919,1921,0,98051,47.4888,-121.4053,4863,39912
5961,960499,5,2.0,4736,17552,3.0,0,0,3,3,3498,1238,1988,0,98051,47.643,-122.4911,2399,18865
5962,1428589,3,3.5,7401,22300,2.5,0,2,4,3,6071,1330,1987,0,98133,47.1115,-121.988,1228,9328
5963,743364,7,2.5,2420,49022,3.0,0,0,3,9,2356,64,1994,0,98106,47.5995,-121.8203,1649,33422
5964,847678,6,4.5,3477,48010,3.0,0,0,4,12,2055,1422,1948,0,98119,47.5189,-122.4974,5907,19658
5965,1025235,2,1.5,4688,48192,2.5,0,2,3,9,4277,411,1917,0,98064,47.4666,-121.7507,1880,27786
5966,1169829,3,3.0,4515,20188,2.0,0,2,3,12,3240,1275,1997,0,98164,47.2521,-121.4789,3474,2011
5967,561405,7,1.0,738,46294,2.0,1,0,3,8,441,297,1960,0,98167,47.6806,-122.4341,1243,31880
5968,421413,2,3.0,704,8082,2.0,0,0,3,11,300,404,1981,0,98114,47.2755,-121.5349,5391,22582
5969,966110,7,1.0,3107,2853,2.5,1,1,3,4,1856,1251,1977,0,98011,47.4428,-121.327,5915,32028
5970,1194193,2,5.0,6052,44052,1.5,0,1,3,3,5242,810,1967,0,98054,47.2107,-121.3957,808,1703
5971,1124639,6,4.0,4840,5860,1.0,0,1,3,13,4121,719,1906,0,98004,47.7816,-121.8556,2319,28930
5972,1141656,6,3.0,5427,5829,1.5,0,0,4,8,4207,1220,1906,2017,98048,47.2362,-121.4674,5952,8782
5973,759726,1,1.5,3888,17578,1.5,0,0,4,8,3646,242,1964,0,98055,47.6623,-121.5752,4710,34449
5974,981335,1,3.5,3472,30431,3.0,0,2,4,11,2770,702,1939,0,98033,47.2842,-121.5188,5997,1607
5975,1236369,3,4.0,4890,30183,1.0,0,2,3,13,4720,170,2015,0,98129,47.2792,-122.0223,3991,9807
5976,796547,6,2.0,3187,1670,2.0,0,0,3,12,2434,753,1923,2000,98162,47.3952,-121.9293,617,37672
5977,1103094,5,3.5,5451,49355,1.5,0,0,3,3,3965,1486,1931,0,98029,47.6921,-122.2131,5062,19317
5978,1698582,7,4.5,7949,33249,2.5,0,2,3,13,7692,257,1909,0,98195,47.5813,-122.4381,964,17158
5979,1210128,7,4.0,6660,27037,1.5,0,0,4,3,6189,471,1908,2009,98113,47.7101,-121.7833,5148,13420
5980,1005833,7,4.0,4666,6794,2.0,0,0,2,12,4516,150,1938,0,98152,47.133,-122.1285,1832,24550
5981,1116237,3,4.5,5888,4221,1.5,0,0,5,8,4981,907,1902,0,98066,47.769,-121.8968,5934,4867
5982,614752,7,5.0,1848,21878,3.0,0,0,4,7,395,1453,2007,2020,98095,47.154,-121.3448,2482,39019
5983,1192117,4,2.5,4900,24879,3.0,0,0,4,13,3495,1405,1998,0,98127,47.6047,-122.4242,577,15108
5984,1165124,2,3.5,5626,10968,1.5,0,0,3,8,4186,1440,1968,0,98071,47.245,-121.4518,5028,37203
5985,1284074,7,4.0,5933,35217,3.0,0,0,4,8,4610,1323,1906,0,98093,47.6886,-122.3959,4242,2951
5986,374807,2,4.0,1316,16399,2.5,0,4,5,6,1080,236,1911,0,98061,47.7037,-121.7157,3527,15070
5987,1301681,1,5.0,5722,21343,1.0,0,3,4,12,4546,1176,1922,0,98171,47.4859,-122.0881,2550,6162
5988,659978,7,1.0,1320,48077,1.5,0,3,3,10,300,1020,1988,0,98117,47.382,-122.3798,4890,13350
5989,383932,5,2.5,692,24267,2.5,0,2,3,7,300,392,1962,0,98089,47.6554,-121.5917,3739,12010
5990,603975,6,2.0,2276,11097,2.5,0,0,3,8,1700,576,1916,0,98075,47.7118,-121.6617,2449,4014
5991,1016810,6,2.0,4145,22631,2.5,1,0,4,4,2695,1450,1977,1996,98045,47.6168,-121.7317,3515,25283
5992,991998,1,2.0,5124,16933,2.0,0,0,4,3,3649,1475,1998,0,98035,47.7348,-121.3421,5643,24021
5993,1325142,4,4.0,6814,17147,1.5,0,0,3,10,6053,761,1963,0,98033,47.5386,-122.4716,3464,34489
5994,377621,3,1.5,750,26234,1.5,0,0,4,8,300,450,1964,0,98069,47.5693,-121.9784,2867,38852
5995,700412,3,4.0,2288,40135,1.5,0,0,4,11,2130,158,1985,2011,98195,47.5003,-121.8248,3494,29244
5996,1496523,5,4.0,7874,3929,1.0,0,4,3,7,7843,31,1927,0,98140,47.4417,-122.0708,2575,32649
5997,1315402,1,2.0,7184,27358,2.5,0,0,3,10,6863,321,1957,0,98068,47.5584,-121.6966,5287,2502
5998,926694,1,2.0,4200,25025,1.5,0,0,3,9,4141,59,1986,0,98160,47.4928,-121.421,3440,20115
5999,1390415,4,3.5,6622,23280,3.0,0,0,4,13,5601,1021,1917,0,98114,47.6119,-121.6636,3146,28637
6000,968894,7,4.0,2963,13131,2.0,0,0,3,12,1761,1202,2009,0,98024,47.754,-121.8168,2939,19905
6001,1425096,3,4.5,7437,44068,1.0,0,3,3,3,7233,204,2020,0,98051,47.3611,-121.6146,2108,2176
6002,1340760,7,4.5,5999,11529,2.0,0,0,3,9,4575,1424,2008,0,98194,47.3878,-122.3684,1176,11881
6003,470876,1,5.0,1667,20563,2.5,0,0,3,6,1553,114,1943,1993,98197,47.1105,-121.744,1217,5128
6004,1492568,7,3.5,6668,8365,3.0,0,3,3,8,5903,765,1963,0,98012,47.4689,-122.0113,1319,8978
6005,1069513,6,4.5,4393,4158,2.5,0,0,3,11,3302,1091,1936,0,98153,47.192,-122.1174,3293,1442
6006,1682162,5,4.0,7311,27170,1.5,1,0,2,11,6065,1246,1902,0,98105,47.6012,-121.8915,4487,34919
6007,524235,3,4.5,1596,37493,2.0,0,0,3,11,1175,421,1913,0,98152,47.6457,-121.5343,3031,31631
6008,825502,4,1.0,3179,44445,3.0,0,1,3,7,1769,1410,2002,0,98121,47.6059,-122.0049,5195,1340
6009,587483,5,5.0,2347,2279,2.0,0,0,3,6,1345,1002,1906,0,98128,47.4827,-121.6571,4475,26527
6010,1037577,2,3.0,4404,3643,1.0,0,2,3,8,3071,1333,1916,0,98172,47.474,-121.7933,1743,36381
6011,1699952,6,4.0,7760,47433,3.0,0,3,3,12,6917,843,1969,1987,98045,47.5526,-121.4006,1927,39969
6012,422274,4,1.5,1004,45893,1.0,0,0,3,7,321,683,2010,0,98185,47.4883,-121.9662,1550,18761
6013,665748,5,2.5,2121,28947,3.0,0,0,3,12,1912,209,1982,0,98045,47.6252,-121.5161,1513,32460
6014,1390185,1,2.0,6979,42884,1.5,0,2,4,7,6310,669,1978,1985,98122,47.7262,-121.4896,4453,18010
6015,757975,2,2.0,2972,38098,2.0,0,0,2,10,2095,877,1938,0,98018,47.4753,-121.943,1477,22764
6016,896097,4,1.5,3046,25413,2.0,0,4,3,12,2447,599,1904,0,98051,47.1772,-121.9137,1197,32989
6017,497866,1,4.0,1887,29717,2.5,0,0,5,7,1519,368,1978,0,98148,47.1917,-122.0999,984,37014
6018,685071,6,1.0,3494,17985,3.0,0,0,4,3,2692,802,1951,0,98097,47.3631,-121.9053,726,21729
6019,1472948,2,2.5,7273,33374,3.0,0,0,3,7,5922,1351,2008,1988,98093,47.4474,-122.2009,3745,29546
6020,821784,3,1.5,4316,22085,1.0,0,0,3,7,3205,1111,1925,0,98029,47.2575,-121.4701,4870,28982
6021,1176295,1,3.5,5818,19593,3.0,0,0,4,7,5712,106,1938,0,98086,47.4169,-122.2001,5708,26374
6022,414863,5,2.0,1217,28949,2.0,0,1,4,5,981,236,1944,0,98076,47.195,-122.1909,1276,35710
6023,1189360,7,2.0,3984,33240,3.0,1,0,3,11,2649,1335,1976,2006,98191,47.2686,-121.4252,2484,6326
6024,1239482,4,3.0,4934,4602,2.5,1,1,3,7,4731,203,1930,0,98162,47.6138,-121.8614,5241,12754
6025,320776,2,3.5,1158,11730,2.5,0,0,3,4,578,580,1976,0,98068,47.7899,-122.3738,4165,4248
6026,1039881,1,1.5,5557,13317,2.0,0,0,3,7,4966,591,1922,0,98005,47.2303,-122.0851,4079,7948
6027,1017153,3,1.5,4508,41199,2.0,0,1,4,11,3645,863,1939,0,98116,47.3374,-121.6535,1688,9540
6028,1412102,7,2.0,5024,30781,2.0,1,4,3,10,4032,992,1931,0,98122,47.3455,-122.013,3822,6650
6029,1220292,4,5.0,5494,3013,3.0,0,2,3,8,4622,872,2000,2000,98074,47.2563,-121.9922,2624,34864
6030,1001713,4,2.5,4734,47353,3.0,0,2,4,11,3761,973,1903,0,98150,47.2428,-121.9016,4126,20901
6031,1151770,1,3.5,4264,10174,1.5,1,0,3,9,3438,826,1980,0,98121,47.1922,-122.233,4178,36603
6032,760454,3,2.0,3489,30499,1.0,0,2,2,4,2953,536,1983,0,98153,47.7353,-121.9911,3605,29987
6033,983726,6,3.0,5137,29759,3.0,0,0,3,3,4170,967,1945,0,98190,47.5546,-122.2416,3935,27250
6034,669057,7,1.5,2604,5907,1.5,0,0,3,5,2578,26,1974,0,98129,47.3033,-122.0791,2913,27800
6035,774363,6,1.0,1755,38939,1.5,0,0,4,13,377,1378,1941,0,98079,47.2807,-121.8612,2094,30504
6036,1367183,2,3.0,7301,3567,2.5,0,2,2,6,6768,533,1996,0,98168,47.5128,-121.6675,1777,2446
6037,740181,1,2.5,2982,3985,3.0,0,0,3,11,2016,966,1938,0,98031,47.5881,-121.7393,3295,12359
6038,404567,7,1.5,883,43829,1.5,0,0,3,7,300,583,1969,0,98117,47.2771,-121.8094,1734,15403
6039,849613,2,4.0,3107,43146,2.5,0,0,4,4,1880,1227,2002,0,98005,47.343,-121.7854,3755,11134
6040,597186,6,5.0,693,14127,1.0,0,0,3,12,383,310,1955,0,98176,47.3034,-121.8869,4650,15077
6041,1182465,7,2.5,4307,4905,2.5,1,2,3,7,4043,264,1946,0,98115,47.1614,-121.7625,2627,15270
6042,794717,4,3.5,4219,38859,1.0,0,0,4,4,3142,1077,1937,0,98073,47.3706,-122.0494,4801,6048
6043,725880,2,5.0,3081,7960,2.0,0,0,4,11,2200,881,1917,0,98051,47.4735,-121.4207,1821,27876
6044,629718,3,4.5,3065,21673,2.0,0,0,4,8,2692,373,1901,1997,98081,47.5588,-121.7913,3255,28608
6045,829003,5,3.0,3263,14659,2.5,0,0,3,7,2653,610,2004,2009,98157,47.3917,-121.3761,651,3211
6046,1012326,6,4.0,3298,2732,2.0,1,0,3,4,1852,1446,2001,1986,98179,47.7884,-122.0145,3613,35867
6047,1364391,6,1.5,6828,34240,3.0,0,0,3,9,6609,219,1953,0,98055,47.5381,-122.0266,2117,28086
6048,1368216,3,3.0,6491,8552,2.5,0,0,4,9,5972,519,1980,0,98170,47.7206,-121.342,3916,35975
6049,688786,7,2.0,2839,40090,1.5,0,0,4,4,2477,362,1987,1982,98081,47.7412,-121.6251,1619,22307
6050,1044094,7,1.5,3906,39229,3.0,0,2,4,12,2984,922,1929,0,98110,47.675,-121.8775,5081,28617
6051,685021,7,2.5,1231,24750,2.5,0,4,4,8,300,931,2006,0,98078,47.289,-121.6378,4832,34408
6052,1320508,2,1.5,6759,13853,1.0,0,0,3,12,6136,623,1987,0,98148,47.4019,-122.0239,1884,3292
6053,920362,1,4.0,3372,18403,2.0,0,0,4,12,2096,1276,1903,0,98111,47.1003,-121.5894,3436,35154
6054,734742,4,3.0,3620,23486,2.0,0,1,4,5,3408,212,1906,0,98091,47.416,-122.2485,2165,39758
6055,1216453,5,3.0,5280,44735,2.0,0,0,4,10,4407,873,1978,0,98188,47.3056,-121.3589,3701,33568
6056,973156,1,1.5,4677,12289,2.5,0,0,4,7,3510,1167,1956,0,98115,47.1783,-121.947,2857,8019
6057,1433647,1,1.5,7477,12085,3.0,0,0,3,10,7467,10,1929,0,98039,47.687,-122.3885,3072,16360
6058,1530996,3,3.5,6976,35142,1.0,0,3,3,9,6446,530,1992,0,98189,47.5714,-121.486,509,2173
6059,1116494,2,5.0,3104,7320,2.0,1,0,1,13,2657,447,2012,0,98192,47.7994,-121.4268,4069,39425
6060,759915,6,1.5,2882,9812,3.0,0,0,3,10,2831,51,1943,0,98151,47.4489,-121.6241,3984,12013
6061,465774,6,2.0,1031,23672,1.5,0,0,3,3,300,731,2008,0,98009,47.3315,-121.7444,5377,13731
6062,1381270,3,4.5,6579,34643,1.5,0,0,4,8,5925,654,2016,0,98122,47.2847,-121.3859,5272,26014
6063,1054079,2,1.5,4816,3653,1.0,0,0,4,13,3437,1379,1976,0,98181,47.4048,-121.7535,5202,29353
6064,462292,3,4.5,1134,6563,2.0,0,0,4,5,796,338,2003,0,98179,47.3169,-121.5503,5535,15510
6065,882496,6,3.0,2269,15804,1.5,1,2,2,7,1423,846,2002,0,98083,47.7935,-121.9345,4495,32591
6066,856375,1,2.5,4304,35439,3.0,0,0,3,4,3409,895,1928,0,98160,47.228,-121.6274,1114,15306
6067,875346,4,2.0,2870,46244,3.0,0,0,3,13,1514,1356,1989,0,98052,47.1134,-121.3012,5968,26009
6068,1154494,7,2.0,6470,12324,1.5,0,0,2,6,6272,198,1935,0,98140,47.191,-122.041,2318,9140
6069,359912,2,2.0,502,31465,2.0,0,0,3,8,300,202,1998,0,98066,47.7241,-121.6359,3762,19969
6070,1360876,5,4.5,6313,42007,1.0,0,3,4,3,6164,149,2012,0,98100,47.5857,-122.3213,500,13024
6071,259896,5,4.0,705,20188,2.0,0,0,3,4,656,49,1947,0,98021,47.6488,-121.7379,1128,11594
6072,1068295,1,3.5,6451,36629,2.5,0,0,2,4,5088,1363,1918,1994,98168,47.3243,-122.1125,4826,32084
6073,1080241,3,4.0,4635,20260,1.5,0,0,3,11,4000,635,1962,0,98011,47.5359,-121.4601,1014,21660
6074,1364306,3,2.0,6702,6509,2.5,0,0,4,13,5844,858,1901,0,98061,47.5955,-122.0684,3249,29700
6075,1567507,6,3.5,7594,33268,1.5,0,3,4,7,6425,1169,2016,0,98028,47.3285,-121.9658,3597,23390
6076,614232,1,3.0,3121,3110,1.0,0,0,4,7,2344,777,1913,2018,98005,47.6072,-121.3236,1264,31999
6077,1042325,6,4.0,5239,16202,2.0,0,0,4,8,5190,49,1979,0,98114,47.5408,-122.2416,5099,31396
6078,1582104,6,2.0,6126,5829,2.0,1,0,3,12,5566,560,2012,0,98191,47.3074,-121.8223,2133,3756
6079,1289267,5,3.5,6503,25109,1.5,0,1,4,5,5567,936,1999,0,98015,47.137,-121.4635,1161,12795
6080,844381,6,4.5,3390,42377,3.0,0,0,3,11,2992,398,2003,0,98160,47.2665,-122.1222,5528,13282
6081,917722,7,2.5,3693,45137,2.5,0,0,3,5,3318,375,2004,0,98081,47.5337,-122.4817,5594,37261
6082,718136,6,1.5,3166,39798,2.0,0,0,3,6,3144,22,1994,0,98041,47.5193,-121.4244,4368,38987
6083,1564425,5,3.0,6739,9057,2.0,0,3,4,11,5640,1099,2011,1985,98164,47.4554,-121.7564,783,13643
6084,1029355,7,2.5,3806,27953,1.5,0,0,4,12,3182,624,2011,0,98078,47.276,-122.2235,4581,26835
6085,551797,3,3.5,1397,6356,3.0,0,0,3,10,1115,282,2012,0,98105,47.4112,-122.1684,2088,12919
6086,397421,2,5.0,1585,17663,2.5,0,0,3,8,556,1029,1934,0,98137,47.2008,-121.5405,1967,30877
6087,593118,4,3.0,1779,36665,3.0,0,0,4,10,1500,279,1985,0,98081,47.5637,-121.7295,1206,22882
6088,1300245,6,3.0,7204,46442,3.0,0,0,2,3,6607,597,1920,0,98172,47.7084,-121.6209,2795,3111
6089,1435094,7,3.5,7548,30723,1.5,0,0,4,6,7156,392,1991,0,98135,47.4246,-121.8073,842,1092
6090,1334478,2,1.5,6991,16281,3.0,0,0,3,12,5522,1469,1916,0,98096,47.2491,-121.552,2252,10273
6091,589268,5,2.0,1170,49715,2.5,0,0,3,13,300,870,2013,0,98044,47.6795,-121.5147,3309,35345
6092,1567071,2,4.5,7791,11976,1.0,0,0,3,6,6294,1497,1981,0,98172,47.3192,-122.0357,4065,36264
6093,507718,4,3.5,2005,16280,1.0,0,0,3,4,648,1357,1931,0,98006,47.5158,-121.4188,3017,15136
6094,1078256,2,1.0,6960,35473,2.5,0,0,4,4,6477,483,1922,0,98144,47.1528,-121.8938,4120,30775
6095,987946,7,2.0,4075,26346,1.5,0,2,4,13,3266,809,1905,0,98194,47.6026,-122.3078,2722,32962
6096,1256748,2,3.5,5314,22207,2.0,1,0,3,12,4487,827,1928,0,98004,47.4225,-122.2378,4224,3811
6097,1183456,2,4.0,5667,38120,1.5,0,0,4,11,5492,175,1962,0,98064,47.3963,-121.6194,1438,3828
6098,827823,2,4.5,2455,13082,2.5,0,2,4,8,2225,230,1969,0,98005,47.7544,-122.0472,5065,24008
6099,1145804,1,2.0,5755,21860,3.0,0,0,3,9,5669,86,1996,0,98165,47.444,-122.1851,1375,26440
6100,1606715,6,4.5,7868,13777,1.0,0,0,3,13,7480,388,2011,0,98103,47.1117,-121.7743,1866,28759
6101,567646,5,3.0,749,44981,3.0,0,0,3,13,300,449,1995,1998,98154,47.7719,-121.5613,3093,17596
6102,1239268,4,4.0,6957,22730,1.5,0,0,2,6,6221,736,1980,0,98158,47.1085,-122.3689,3515,38237
6103,535566,5,3.5,2392,41463,2.5,0,0,3,5,2211,181,1903,0,98130,47.4751,-121.961,945,24814
6104,748599,1,1.5,3939,22704,1.0,0,0,5,5,3518,421,2011,0,98115,47.5435,-121.5742,1468,11859
6105,681551,1,5.0,2353,44723,2.5,0,0,3,7,1695,658,1957,1994,98146,47.7261,-121.4156,1548,12609
6106,879264,7,1.5,3354,15750,1.0,0,1,3,13,2902,452,1930,0,98007,47.5754,-122.4837,3876,33719
6107,446375,1,2.0,2003,12568,1.0,0,0,3,8,1803,200,1921,0,98110,47.6678,-121.7127,4351,32829
6108,795843,6,4.5,3885,1773,1.0,0,1,3,4,3303,582,1926,0,98111,47.6389,-121.7832,536,18168
6109,1025386,1,3.5,4071,30542,1.5,0,4,3,9,4048,23,2017,0,98087,47.2495,-121.8787,526,22023
6110,936424,2,4.5,4292,15451,2.5,0,0,3,9,3420,872,1984,0,98148,47.5903,-122.3078,3078,35200
6111,681572,5,3.0,3926,41733,2.0,0,1,3,3,3425,501,1983,0,98015,47.5463,-121.6099,3609,33868
6112,1409500,3,2.5,7128,26450,2.0,0,0,3,9,6793,335,1997,0,98180,47.2708,-122.0286,3238,10893
6113,1232657,4,4.5,5830,23627,2.0,0,0,3,6,4338,1492,1986,0,98118,47.1898,-122.2184,4845,20128
6114,416990,1,1.0,543,10048,2.5,0,3,3,6,300,243,2007,0,98156,47.6261,-121.48,2104,5803
6115,939348,5,4.5,4112,25755,3.0,0,0,2,5,3106,1006,1915,2000,98192,47.7798,-122.1316,2834,30422
6116,1020243,7,2.0,3118,12548,2.5,1,0,2,11,2978,140,1905,0,98067,47.6169,-122.2619,738,7015
6117,1046615,1,4.5,5178,37982,1.0,0,0,3,5,4425,753,1979,0,98131,47.6246,-122.1255,4350,31661
6118,839158,6,1.5,3663,14269,3.0,0,0,3,6,2393,1270,1906,0,98185,47.2167,-122.2827,1981,31940
6119,410891,1,3.5,1788,14415,1.0,0,0,3,5,694,1094,1913,0,98055,47.2729,-121.5673,2431,5104
6120,703909,1,4.5,3442,12464,1.0,0,0,3,10,3051,391,1902,0,98140,47.51,-122.2815,5818,36649
6121,433020,1,3.0,719,19516,2.5,0,0,3,10,472,247,1996,2002,98192,47.122,-121.64,3162,2392
6122,711427,7,4.0,2425,24278,2.0,0,0,4,12,1297,1128,1948,0,98057,47.5675,-122.305,2283,1708
6123,881963,1,4.0,3472,1487,3.0,0,0,3,10,2539,933,2015,1989,98036,47.2014,-122.2284,5077,32517
6124,854020,4,4.0,4013,47346,1.5,0,0,3,7,2938,1075,1935,0,98136,47.3894,-122.089,5519,13655
6125,796283,5,4.5,2948,15924,2.0,0,0,3,9,2691,257,2002,0,98009,47.3241,-121.3599,515,18674
6126,815331,6,3.0,3971,17531,1.5,0,0,4,5,3566,405,1928,0,98163,47.1745,-121.4034,1032,11385
6127,830745,1,1.5,3274,29745,2.5,0,0,4,10,2389,885,2002,1989,98126,47.5051,-122.3979,5151,37897
6128,478644,1,1.0,1490,49312,3.0,0,1,3,12,463,1027,1903,0,98088,47.3529,-122.097,3781,5357
6129,638607,1,2.0,3446,47294,2.5,0,0,3,4,3080,366,2002,0,98163,47.1308,-122.0844,2137,4067
6130,559988,1,1.5,2312,29255,1.5,0,0,3,10,2306,6,,0,98139,47.4111,-122.2461,2776,14080
6131,1090611,2,3.0,5453,48831,1.0,0,1,3,8,5453,0,1940,0,98120,47.5132,-121.9773,5284,22959
6132,306867,2,1.5,1303,6547,2.5,0,0,3,4,965,338,1921,0,98134,47.1913,-121.6024,4255,18145
6133,306031,3,1.0,989,46706,3.0,0,0,3,8,640,349,1978,0,98153,47.5095,-122.3808,4827,23771
6134,903601,1,1.0,4056,28621,2.5,0,0,3,13,3431,625,1903,0,98001,47.3114,-121.694,5011,15738
6135,1351771,3,4.5,6376,13159,2.0,0,0,3,12,6322,54,2021,0,98009,47.2818,-122.1871,1693,23126
6136,501953,4,3.5,1993,39816,2.5,0,0,3,4,1365,628,1981,0,98125,47.6568,-121.7291,5808,36181
6137,1033136,3,2.5,4145,31531,1.5,0,4,4,5,3350,795,2020,0,98120,47.4274,-121.6817,1268,39140
6138,1655583,5,4.5,7581,4308,2.5,0,0,3,13,6288,1293,2007,0,98077,47.3645,-121.6262,548,37773
6139,700426,2,1.5,3391,11486,3.0,0,0,3,7,2493,898,1922,0,98029,47.6691,-121.4659,4659,24861
6140,567420,2,5.0,2205,38936,2.5,0,2,3,3,1934,271,2001,0,98046,47.7372,-121.4205,3828,24921
6141,788452,1,3.5,4016,10742,2.5,0,0,3,11,3160,856,1903,0,98032,47.3206,-121.589,5143,5446
6142,971507,1,1.5,3840,38762,3.0,0,0,4,12,2387,1453,1967,0,98159,47.1353,-121.9227,2570,32887
6143,1255046,4,3.5,6910,8618,2.5,0,0,3,5,6032,878,1917,2008,98104,47.4785,-122.447,1195,33818
6144,133558,6,4.0,553,12224,3.0,0,0,3,3,300,253,1900,2019,98106,47.6006,-121.3755,5505,16339
6145,790031,4,2.5,3075,4413,1.5,0,2,3,8,2689,386,1931,0,98119,47.5115,-121.7784,4316,8612
6146,774189,5,4.5,4091,33906,3.0,0,0,3,3,3705,386,1920,0,98006,47.5816,-121.8585,5179,34442
6147,385523,1,1.5,1115,28210,1.5,0,2,3,5,300,815,1937,0,98157,47.5527,-122.2126,2227,38187
6148,1202665,1,2.0,5678,34718,1.5,0,0,3,9,4498,1180,1925,0,98159,47.7692,-121.6789,4194,1263
6149,1265213,4,1.5,6444,6639,3.0,0,2,3,6,6021,423,1940,0,98144,47.7061,-121.3063,5616,35629
6150,1530797,4,2.0,7707,23564,2.5,0,0,3,11,6921,786,1948,0,98120,47.1923,-122.104,4602,24439
6151,1504871,4,2.0,7904,48635,2.0,0,2,1,9,7245,659,1984,0,98104,47.4168,-121.5405,2281,27731
6152,472936,2,4.5,1454,20711,3.0,0,0,3,7,1178,276,2006,0,98132,47.4183,-122.1507,1325,35381
6153,1022333,3,1.5,2933,28250,2.5,1,1,4,11,1762,1171,1992,2012,98093,47.4194,-121.9147,976,37741
6154,580905,3,2.5,2129,48727,1.5,0,0,2,5,1270,859,2016,0,98128,47.7515,-122.2441,2180,5412
6155,903881,1,3.0,3281,3762,1.0,0,0,3,13,2167,1114,1940,0,98136,47.329,-121.8847,3464,2873
6156,1478567,2,4.5,7359,31230,2.0,0,0,4,10,6804,555,2006,0,98104,47.53,-121.9488,3903,25245
6157,513532,4,5.0,1149,29257,2.5,0,0,3,10,300,849,1995,0,98065,47.7274,-122.4533,4007,21458
6158,677044,1,4.0,2847,19465,2.0,0,0,3,6,1822,1025,1958,2004,98107,47.1354,-122.0418,877,13843
6159,838724,2,5.0,4990,32977,1.0,0,0,3,3,4820,170,1903,0,98037,47.715,-122.4247,4558,22664
6160,794589,5,4.0,3778,20633,1.0,0,0,3,6,2314,1464,1912,0,98087,47.6355,-121.9592,2548,6535
6161,1415730,6,5.0,5955,2070,1.0,0,1,3,11,4707,1248,1960,0,98158,47.2455,-121.3238,896,24246
6162,743855,2,4.0,3140,4543,3.0,0,0,3,12,2994,146,1950,0,98152,47.3279,-122.1484,5934,15850
6163,831755,7,1.5,4301,8042,2.0,0,0,3,3,2830,1471,1934,0,98171,47.3174,-121.8812,1138,27855
6164,808851,1,2.5,3061,42885,3.0,0,0,3,5,1608,1453,2017,0,98139,47.2549,-122.3438,1445,20065
6165,838401,3,3.5,3749,27176,1.0,0,0,4,10,2403,1346,1990,0,98079,47.547,-122.3152,4909,13006
6166,1384729,7,2.5,7039,43769,2.5,0,3,3,5,5925,1114,1964,0,98189,47.788,-122.0734,3227,4097
6167,285208,4,2.0,870,8603,1.0,0,0,4,4,857,13,1948,2002,98108,47.2166,-121.9123,4540,22702
6168,507887,6,3.5,1357,38826,3.0,0,0,4,3,300,1057,1948,0,98110,47.2625,-121.6583,4897,28073
6169,1184823,5,4.5,5386,47586,1.0,0,0,2,11,3892,1494,2002,0,98038,47.3033,-121.952,4344,25348
6170,1114162,6,1.0,5253,2495,1.0,0,0,3,13,4845,408,1913,0,98176,47.7563,-122.4707,5975,19548
6171,1548956,6,4.0,7985,3072,3.0,0,0,3,12,7602,383,1936,0,98154,47.5381,-122.1748,2904,38524
6172,1448102,2,4.0,7379,14057,3.0,0,0,3,5,5968,1411,1929,0,98128,47.2489,-122.4703,5697,29515
6173,1150907,1,5.0,5988,38077,2.5,0,0,4,9,5932,56,1913,2003,98109,47.6628,-121.3985,651,32117
6174,436987,1,4.5,883,43056,3.0,0,0,2,12,370,513,1974,0,98024,47.746,-122.4652,1221,12461
6175,1279129,6,4.0,6705,11102,2.5,0,0,3,5,6361,344,1994,0,98082,47.3824,-122.4405,2343,9018
6176,1083688,4,3.0,4377,40989,1.5,0,0,3,10,3267,1110,2020,0,98073,47.221,-122.1421,3751,31342
6177,862342,1,2.0,3052,9847,1.5,0,0,3,11,2648,404,1991,0,98096,47.3169,-121.7412,2112,22309
6178,1054734,6,3.0,4834,15890,3.0,0,3,3,10,4590,244,1926,0,98140,47.252,-122.0705,4776,14050
6179,1359431,1,4.0,4790,6736,1.0,1,4,3,7,3932,858,1961,2009,98105,47.241,-122.4261,4223,25025
6180,896680,4,4.5,3225,29687,2.0,0,2,3,13,3174,51,1902,0,98145,47.2196,-121.4965,5384,16148
6181,1364757,5,4.0,4534,32438,1.0,1,2,3,12,4326,208,1969,0,98181,47.7132,-121.6597,4827,5511
6182,665919,7,2.0,3793,34946,3.0,0,0,3,4,3651,142,1938,0,98014,47.1601,-122.0244,5906,35036
6183,1246575,6,3.5,6704,49913,2.5,0,0,3,8,6159,545,1918,0,98153,47.3893,-121.6877,994,16539
6184,1177028,3,2.5,5748,11374,1.0,0,0,3,10,4945,803,2004,1999,98013,47.1103,-122.1705,4352,38455
6185,1315480,3,1.0,7633,14653,1.5,0,0,3,4,7001,632,1997,0,98037,47.3054,-121.8666,2320,26496
6186,1548416,6,2.0,7328,31525,3.0,0,2,3,8,6201,1127,1991,0,98010,47.5949,-121.4434,5354,2960
6187,1328130,2,1.5,6611,15653,1.0,0,0,3,9,5544,1067,1975,0,98118,47.242,-122.3708,1630,35433
6188,1022130,5,4.5,4751,15650,1.0,0,0,2,11,4419,332,1938,0,98073,47.7991,-121.4837,2114,20459
6189,871106,2,2.0,4488,5306,2.5,0,0,3,13,4242,246,1909,0,98135,47.1338,-121.5537,830,5569
6190,562625,7,2.0,1422,13185,2.5,0,0,2,11,893,529,2015,0,98142,47.1955,-121.3611,3343,9672
6191,650942,3,5.0,3415,8184,2.5,0,0,3,4,2951,464,1946,0,98124,47.6508,-121.8835,5913,24011
6192,773928,4,2.5,3450,48864,2.0,0,0,3,3,3150,300,1988,0,98100,47.7832,-122.1701,3607,35964
6193,1266926,6,1.0,6205,44448,3.0,0,4,3,9,5586,619,1922,1982,98118,47.7678,-122.0763,5181,25964
6194,920066,7,2.0,3546,6117,3.0,0,0,3,8,2559,987,2019,0,98005,47.6588,-121.7322,4177,18583
6195,584180,1,1.5,1474,27849,1.5,0,0,3,12,937,537,1958,2006,98013,47.7811,-122.331,1885,23021
6196,623662,3,1.5,1730,26618,1.5,0,0,4,12,1363,367,1989,2018,98020,47.6886,-122.078,2690,5377
6197,791521,5,1.5,2935,23108,3.0,0,0,3,12,1706,1229,1982,2012,98028,47.1406,-121.6283,2804,26746
6198,552584,3,3.5,2314,27586,1.0,0,0,2,6,1958,356,2001,0,98115,47.6919,-121.8115,1471,16537
6199,918522,5,2.0,3434,16435,3.0,0,0,2,13,3104,330,1919,0,98180,47.4386,-122.4247,3240,20882
6200,1272477,5,2.5,5433,2781,2.0,0,0,3,13,4130,1303,1944,0,98167,47.4197,-121.9038,815,36606
6201,1563409,6,4.5,6603,25695,1.5,0,0,3,11,5719,884,2015,0,98123,47.1018,-121.8709,5578,32096
6202,352737,5,2.5,1863,29152,1.5,0,0,2,3,1422,441,1943,0,98021,47.5342,-121.659,4754,24806
6203,965424,2,4.5,4440,19997,1.5,0,0,3,9,3940,500,1917,0,98192,47.5701,-122.4872,1312,21946
6204,1440545,7,3.0,6983,42412,3.0,0,2,4,7,6240,743,1947,0,98017,47.6535,-121.9859,910,18131
6205,347194,4,2.5,703,18373,1.5,0,0,3,7,300,403,1974,0,98198,47.3282,-121.4361,5126,12149
6206,456999,3,4.0,660,2948,1.5,0,0,4,8,300,360,2021,0,98110,47.1897,-122.4698,3800,22777
6207,1025197,4,1.5,4987,30626,3.0,0,2,4,4,4788,199,1988,1990,98025,47.4079,-121.6931,4607,24543
6208,644787,7,1.5,1268,28670,1.0,0,0,4,13,718,550,2006,0,98074,47.3536,-122.2322,5962,34172
6209,926756,1,3.5,4248,17316,1.5,0,0,4,13,4049,199,1900,0,98019,47.6272,-122.035,5413,6464
6210,1283393,7,3.0,7218,42081,1.5,0,0,3,5,5828,1390,1931,0,98116,47.2606,-121.4391,1093,27704
6211,825962,3,4.0,3081,20188,1.5,0,2,3,13,2743,338,1996,0,98011,47.1967,-122.065,3592,21474
6212,620567,4,4.5,1593,47319,2.0,0,2,3,11,300,1293,1963,0,98032,47.4081,-121.8455,3372,9205
6213,1671269,4,2.5,7536,48210,3.0,1,0,3,6,6858,678,1906,0,98010,47.5396,-122.3924,3693,11978
6214,1272751,6,3.5,5000,46636,1.5,1,0,3,8,4265,735,1994,0,98115,47.2967,-122.1104,2566,29835
6215,481339,6,3.0,1107,13525,2.0,0,0,4,5,831,276,1989,0,98044,47.1801,-122.33,516,31606
6216,1275228,7,5.0,6210,43755,1.0,0,3,3,5,6157,53,1970,0,98093,47.4074,-121.8261,2478,16344
6217,680868,7,4.5,2040,19186,1.0,0,0,3,11,1877,163,1999,0,98093,47.7733,-121.9483,4506,25396
6218,950631,1,4.5,3375,12178,2.0,0,2,3,11,2721,654,1945,0,98114,47.7771,-122.1825,4463,28663
6219,759154,5,2.0,3691,1269,1.0,0,0,3,5,2282,1409,1923,0,98078,47.5961,-121.3005,5161,6072
6220,533684,3,4.0,2337,31239,2.5,0,0,3,5,2262,75,1968,0,98187,47.644,-122.3161,1713,34669
6221,683147,6,2.0,1189,34891,1.0,1,0,3,8,448,741,1985,0,98002,47.2425,-121.5094,2169,17283
6222,855102,3,2.0,4259,40095,2.5,0,1,4,3,3254,1005,2007,0,98012,47.3623,-122.4571,3205,6575
6223,825681,1,5.0,3449,7220,2.0,0,0,3,7,3028,421,1935,0,98086,47.5233,-121.4838,2159,29159
6224,1188372,6,1.0,5836,7879,2.5,0,0,3,11,5260,576,1966,0,98065,47.6253,-121.9276,4397,16987
6225,820918,6,5.0,2603,5273,1.0,0,0,3,11,1350,1253,1949,0,98076,47.2166,-121.5062,2218,11277
6226,571667,5,1.5,865,42149,1.5,0,0,4,10,300,565,2019,0,98076,47.4203,-121.6034,3848,30497
6227,1325568,3,4.5,6318,35056,2.5,0,1,3,8,5333,985,1958,0,98068,47.2139,-121.8128,5895,4287
6228,1005385,3,2.0,4075,43910,1.0,0,0,3,11,2935,1140,2000,0,98017,47.5434,-122.0541,5812,24574
6229,953090,3,2.5,5050,3994,1.5,0,0,4,5,3787,1263,1957,0,98181,47.6405,-121.7014,5769,22267
6230,1047270,5,2.0,4699,36701,2.0,0,0,3,11,4194,505,2001,0,98147,47.6833,-121.5009,1832,39978
6231,1100424,6,3.5,4672,45209,2.0,0,0,3,10,3904,768,1945,0,98122,47.6127,-121.896,2535,37178
6232,834707,1,2.5,4825,29776,3.0,0,1,3,3,3745,1080,1969,0,98129,47.2114,-122.0022,3152,3019
6233,1497030,3,3.5,6533,22456,2.0,0,0,3,11,5875,658,2015,0,98052,47.6799,-122.3285,2373,29797
6234,1573833,4,1.0,7925,39142,3.0,0,1,4,10,6873,1052,1988,0,98017,47.3341,-121.4245,5851,36220
6235,1593926,5,1.5,7931,6836,2.0,0,0,3,10,7498,433,1922,0,98186,47.685,-122.1792,3388,18969
6236,587331,2,1.5,2878,24671,2.0,0,0,4,8,2661,217,1911,0,98199,47.2756,-122.3518,4857,34289
6237,523631,1,2.5,1705,23941,2.0,0,0,3,11,1160,545,1927,0,98062,47.433,-122.4205,2841,38148
6238,1221152,4,4.5,5488,46677,3.0,0,3,3,10,4640,848,1957,0,98161,47.5036,-121.5991,5080,20458
6239,1026019,3,4.5,4339,42610,3.0,1,0,3,4,3874,465,2007,0,98070,47.1243,-121.69,2682,18643
6240,1236923,2,2.0,6169,5994,2.5,0,0,3,8,5604,565,1960,0,98052,47.7326,-122.3554,3667,18348
6241,909228,1,3.5,3235,7837,1.0,0,1,3,13,2732,503,2003,0,98006,47.4581,-121.8638,3490,3091
6242,1545570,5,4.0,6670,48084,1.0,0,3,3,10,6283,387,1995,0,98096,47.2344,-122.3168,5179,8756
6243,875986,2,2.0,3847,46010,1.0,0,0,3,8,2473,1374,1954,0,98101,47.2126,-122.0397,5010,21881
6244,743224,6,2.5,2175,14461,2.0,0,0,4,13,827,1348,2015,0,98064,47.5806,-121.5606,1256,20366
6245,487180,7,3.0,798,23192,1.0,0,0,3,11,300,498,1988,0,98093,47.1572,-122.2266,3224,38628
6246,370931,2,1.5,1456,22558,3.0,0,0,3,7,300,1156,1933,0,98059,47.4079,-122.4667,3881,32886
6247,1481313,7,1.0,7442,39718,2.5,0,0,3,10,7364,78,1993,0,98107,47.4782,-122.268,4999,21240
6248,655591,4,1.5,1614,11079,1.5,0,3,4,12,1132,482,2000,0,98022,47.2632,-122.0194,3002,31816
6249,1196999,1,3.5,7123,14119,2.5,0,0,3,4,6815,308,1917,0,98069,47.1904,-122.21,2057,37111
6250,1379285,4,1.5,7216,37724,1.0,0,0,3,7,6798,418,2019,1991,98130,47.4435,-121.6333,4671,29653
6251,849314,4,2.0,3005,46911,1.0,1,2,4,3,2771,234,2020,2005,98046,47.3382,-121.553,3943,9435
6252,539760,3,2.5,1974,36400,3.0,0,0,4,7,515,1459,1934,0,98190,47.1982,-122.2114,748,14315
6253,1307827,5,1.5,4960,46614,2.5,1,0,3,9,4524,436,1947,0,98052,47.2473,-122.1777,3149,6748
6254,1344192,2,2.0,7502,48189,3.0,0,2,4,3,7357,145,1936,2002,98173,47.4297,-121.8279,1775,2349
6255,1431701,1,4.5,6294,6271,3.0,0,3,3,12,6129,165,1940,0,98125,47.1931,-121.597,1980,34220
6256,851297,6,1.0,4946,18451,1.5,0,0,4,5,4349,597,1905,0,98099,47.7553,-121.3488,910,11894
6257,953367,5,3.5,4226,3813,3.0,0,0,3,8,3037,1189,1982,0,98181,47.6428,-122.1393,5786,31322
6258,772213,5,2.5,3971,47486,3.0,0,0,3,3,2553,1418,1985,0,98036,47.3279,-121.4067,1127,30371
6259,1373483,1,,6896,41128,1.5,0,0,5,5,5620,1276,2020,0,98179,47.2808,-122.2819,5331,16349
6260,805946,5,3.5,3328,14524,2.0,0,0,3,10,1896,1432,1995,0,98018,47.712,-122.4507,3285,8424
6261,1357209,3,,6500,34038,2.0,0,0,3,11,6055,445,1990,0,98012,47.3988,-121.549,5163,5687
6262,936397,5,4.5,3350,49596,1.5,0,1,3,9,2697,653,1979,0,98057,47.7039,-121.9257,5843,20008
6263,1129808,3,,5607,48121,3.0,0,1,3,6,5561,46,1989,0,98114,47.6197,-122.4078,1469,27777
6264,792507,2,4.5,3006,19638,1.0,0,2,3,9,1888,1118,1938,0,98174,47.1645,-122.4147,3461,36754
6265,1173323,2,2.5,4270,19250,2.5,1,0,3,9,3320,950,1903,0,98128,47.6695,-122.4837,4463,16898
6266,896994,4,5.0,3464,13541,1.0,0,0,5,13,2813,651,1915,1999,98041,47.4779,-122.1324,1803,28445
6267,1146361,3,4.0,5094,31204,1.0,0,2,2,9,3808,1286,1951,1987,98121,47.5743,-121.6176,5137,32000
6268,698255,6,5.0,1449,13992,3.0,0,1,4,10,300,1149,2012,0,98117,47.2533,-121.7016,4750,34693
6269,1340584,2,3.0,6590,30666,2.5,0,2,3,13,5937,653,1918,0,98020,47.1002,-121.3004,3217,5524
6270,1478293,5,3.0,6642,43473,2.5,0,4,2,6,5700,942,1991,0,98124,47.3336,-121.7873,4471,16030
6271,1119722,1,4.0,5103,12130,2.0,0,2,3,6,4450,653,2020,0,98112,47.2334,-122.3674,5728,24690
6272,1271603,1,4.5,5923,15879,1.5,0,0,4,11,4941,982,1916,0,98122,47.4047,-121.3258,4590,22922
6273,1417027,7,5.0,7144,34854,3.0,0,0,3,10,6902,242,1944,0,98148,47.1636,-121.6684,4729,37752
6274,841917,3,2.5,3350,36209,2.5,0,0,3,13,2496,854,1901,0,98097,47.7265,-122.0512,3946,16844
6275,1344563,6,4.0,7241,24691,3.0,0,0,3,6,6338,903,1901,0,98138,47.1831,-122.2036,840,7969
6276,373556,4,2.0,665,24254,2.0,0,0,4,8,300,365,1987,0,98062,47.6349,-122.2334,4026,16387
6277,1057904,5,3.0,3986,18152,1.0,0,1,3,11,3375,611,2017,0,98064,47.7575,-121.3525,3829,16233
6278,710720,3,1.5,3009,5704,2.5,0,0,3,8,1878,1131,1954,0,98024,47.2038,-121.9967,5052,26932
6279,608395,7,2.5,1419,22094,2.0,0,1,4,13,1099,320,1990,1987,98041,47.3425,-121.9158,3299,35473
6280,239365,1,4.5,613,44538,3.0,0,0,3,7,300,313,1903,2003,98161,47.6117,-121.4958,2582,28508
6281,869473,3,1.5,4004,40946,2.0,0,0,4,9,3531,473,2011,0,98162,47.6001,-121.3434,4808,4705
6282,528087,5,3.5,1491,39192,2.0,0,2,4,4,784,707,1999,0,98187,47.1262,-122.4947,3385,39885
6283,1465456,6,3.5,6547,18219,2.0,0,0,3,10,6276,271,1983,0,98088,47.1495,-121.3117,5762,32042
6284,1428306,6,1.5,6850,30506,2.0,0,0,3,13,5354,1496,1911,0,98079,47.1841,-122.4094,2047,8115
6285,857526,2,2.5,4339,2455,2.0,0,0,3,9,3873,466,1953,0,98138,47.4976,-121.4958,3220,30970
6286,674694,5,3.5,1758,29966,2.0,0,2,5,8,331,1427,1991,0,98005,47.1385,-121.3596,4464,39433
6287,877495,7,1.5,3926,30960,1.5,0,2,3,5,3172,754,1959,1983,98165,47.5119,-121.8267,3453,29978
6288,612702,2,4.0,1014,34550,3.0,0,3,4,11,791,223,1928,0,98118,47.3397,-121.8379,3220,23697
6289,1249955,2,5.0,5827,34384,1.0,0,2,3,4,4692,1135,1960,0,98031,47.5686,-121.6972,4608,37650
6290,1339692,2,,5304,15848,3.0,1,1,3,6,3826,1478,2015,0,98151,47.6474,-122.0766,4101,39368
6291,769838,3,1.5,3696,27314,2.5,0,0,3,4,3409,287,1945,0,98011,47.654,-122.301,3925,7749
6292,1333312,7,3.0,6781,6230,2.5,0,0,3,8,5305,1476,1996,0,98074,47.1263,-122.4203,5072,12284
6293,1009087,1,4.0,4934,49998,3.0,0,0,3,9,4594,340,1948,0,98118,47.763,-121.4427,5314,28757
6294,914817,6,2.0,3084,22000,2.0,0,0,3,11,2927,157,2019,0,98150,47.5107,-121.8432,1106,24519
6295,259985,3,1.0,567,19187,1.5,0,1,3,8,300,267,1917,2018,98128,47.727,-121.6671,1479,13526
6296,469808,1,3.0,2096,9043,1.0,0,0,3,8,1911,185,1975,0,98118,47.5306,-122.1015,3213,37057
6297,1220906,6,5.0,6160,25045,2.0,0,0,3,7,6132,28,2020,0,98037,47.4389,-121.5316,1159,8490
6298,1219046,7,2.5,4978,37238,3.0,0,0,3,12,3547,1431,1973,0,98027,47.6108,-122.0801,5035,11506
6299,381444,7,2.5,518,25832,3.0,0,0,3,13,300,218,1923,0,98001,47.2536,-122.4643,3595,5798
6300,1068695,5,5.0,3230,43636,1.5,1,0,3,12,2484,746,2010,0,98191,47.1723,-122.0957,2607,29454
6301,791351,6,4.0,4021,17117,1.5,0,0,4,6,2971,1050,1916,0,98133,47.1633,-121.4796,1955,12977
6302,1547657,6,4.0,6717,9778,3.0,0,1,3,12,5733,984,2021,0,98011,47.6944,-121.4489,3639,7010
6303,739377,7,3.5,1072,20773,2.0,0,0,4,13,540,532,2006,0,98080,47.7387,-121.3783,5461,10531
6304,1583441,6,5.0,7582,3255,2.0,0,4,3,6,6670,912,1995,0,98168,47.6701,-121.9006,4208,19944
6305,1160403,4,4.0,5895,8924,2.0,0,0,4,6,4780,1115,1955,0,98028,47.7331,-121.3521,4790,18274
6306,1499248,5,4.5,7715,39018,1.0,0,0,3,7,6788,927,1988,1996,98029,47.7893,-121.901,2354,15766
6307,436896,3,4.0,2758,18423,1.0,0,0,3,3,2587,171,1951,0,98144,47.4682,-122.3153,3892,9241
6308,904409,3,4.0,3402,41409,2.0,1,0,3,4,3289,113,1970,2017,98129,47.2077,-121.8976,2758,21112
6309,1195118,1,2.0,6539,49539,3.0,0,0,3,5,5418,1121,1919,0,98063,47.5255,-121.4577,3813,38870
6310,436472,3,2.0,1150,27493,1.5,0,0,3,9,300,850,1928,0,98004,47.3477,-121.5572,3614,33154
6311,1177446,2,4.0,6241,24400,2.5,0,0,3,3,5196,1045,1982,0,98051,47.3425,-121.9791,4390,6231
6312,1103957,6,2.0,5589,16056,1.5,0,2,2,5,5036,553,1974,0,98100,47.6095,-122.2449,3994,34937
6313,1365551,3,3.5,7338,23703,1.5,0,0,3,9,6194,1144,1996,0,98126,47.1635,-121.8027,3005,2643
6314,654083,1,2.0,3087,48535,2.5,0,0,4,8,2877,210,1949,0,98189,47.1263,-121.3825,2685,1072
6315,1053053,1,4.5,3762,47874,2.0,1,0,3,4,2947,815,2018,0,98082,47.5867,-122.287,3863,16963
6316,523882,2,1.5,1838,25843,1.5,0,0,3,6,1453,385,2017,0,98100,47.2825,-121.5076,3941,4030
6317,994116,1,4.5,5496,1418,2.5,0,0,3,3,4596,900,1914,0,98073,47.3699,-122.3232,2774,39086
6318,1005261,7,3.5,4134,31688,3.0,0,2,3,7,2827,1307,1930,0,98026,47.3153,-121.3965,3916,34817
6319,1130094,4,1.5,6280,24294,3.0,0,0,3,4,5204,1076,1912,0,98130,47.5304,-121.6681,4334,27996
6320,1004569,7,3.0,3327,5607,3.0,0,4,3,10,2687,640,1955,0,98195,47.2082,-122.369,5542,27735
6321,1408873,6,2.0,6181,43376,2.0,0,0,2,12,4697,1484,2011,0,98045,47.6044,-122.2571,3501,12548
6322,1337076,6,2.5,6519,17267,1.5,0,0,3,8,5569,950,1918,0,98060,47.7474,-121.3877,4210,17994
6323,1311011,6,2.5,6377,14856,1.5,0,3,3,3,5046,1331,1969,0,98148,47.6853,-121.8909,3282,31554
6324,1072783,5,,5732,10934,1.0,0,0,5,4,4376,1356,1927,1989,98019,47.7349,-121.9558,3950,28971
6325,731077,3,5.0,2717,15492,3.0,0,1,5,6,2505,212,1921,0,98105,47.7559,-122.4301,2903,14565
6326,1024654,4,1.0,4039,7028,2.0,1,0,3,5,3850,189,1927,0,98037,47.3606,-122.3992,4806,14409
6327,1394571,3,3.5,6540,1185,2.5,0,0,3,11,5527,1013,1979,0,98143,47.657,-121.67,4988,7317
6328,462024,4,2.5,1537,32735,2.0,0,0,3,3,1354,183,2013,0,98123,47.4464,-121.5677,4044,34420
6329,1315895,3,3.5,6334,24542,1.5,0,2,3,9,5097,1237,1932,0,98198,47.2888,-121.4596,2410,21288
6330,1031968,2,2.5,4883,16462,3.0,0,0,3,11,4791,92,2013,0,98106,47.6228,-121.8966,2077,35729
6331,1198358,7,3.5,4478,28490,1.0,0,0,3,11,3047,1431,2004,0,98065,47.2709,-122.1057,4094,5981
6332,1489801,1,4.0,6832,20682,2.0,0,4,3,8,6117,715,1944,2006,98013,47.1767,-121.7494,5974,38722
6333,731307,1,4.0,3461,22086,1.0,0,0,4,9,2162,1299,1947,2010,98056,47.5932,-121.7573,3531,19906
6334,925777,7,1.5,3726,15668,1.5,0,0,4,10,2725,1001,2017,0,98113,47.3013,-122.4584,5152,15169
6335,1392156,2,3.5,6186,31943,2.5,0,4,5,5,5129,1057,2014,0,98110,47.3141,-121.3734,4290,31909
6336,1272672,4,2.0,7337,6182,2.0,0,0,3,7,6519,818,1962,0,98185,47.7168,-121.7289,4862,7798
6337,1256659,7,1.0,6341,41145,1.5,0,0,4,6,6097,244,1925,0,98003,47.1949,-122.4922,3367,23554
6338,1702656,5,2.5,7531,21715,3.0,0,2,3,11,6199,1332,1986,0,98045,47.6354,-121.3484,5423,21521
6339,1300552,4,2.5,7114,44913,2.0,0,0,3,11,6410,704,1900,0,98072,47.3703,-121.3568,3363,34599
6340,520447,1,3.0,1598,24423,1.0,0,0,4,6,300,1298,1961,0,98156,47.7251,-121.3649,1507,19295
6341,671668,5,4.0,2824,42325,2.0,0,0,4,4,1421,1403,1992,0,98033,47.4082,-121.4333,921,9832
6342,366866,3,2.0,1439,5431,1.5,0,1,4,3,1390,49,1971,0,98119,47.3863,-122.2784,4993,26306
6343,787227,5,2.5,4216,25150,1.5,0,0,3,5,3978,238,2005,0,98098,47.4009,-121.3274,5818,36784
6344,833610,4,1.0,3914,6534,1.0,0,0,3,4,2656,1258,2002,0,98098,47.6864,-121.5857,2281,28997
6345,493781,2,3.5,1948,1242,1.5,0,0,3,7,1630,318,1902,0,98025,47.1074,-121.7311,5291,3635
6346,428659,3,3.5,1070,21916,2.0,0,0,4,8,509,561,1976,0,98062,47.5934,-121.3688,2292,15019
6347,966861,4,2.5,3404,8905,1.0,0,0,3,11,2288,1116,1983,0,98105,47.2437,-122.0427,2608,28934
6348,1246439,3,4.0,5596,25107,1.5,0,0,3,6,4837,759,2006,2020,98124,47.7175,-121.3824,969,9703
6349,1148638,5,3.0,5801,47492,1.5,0,0,3,6,5472,329,2018,0,98065,47.3631,-121.7732,3796,17882
6350,658615,1,3.0,3005,36376,2.0,0,0,2,6,1562,1443,2015,0,98071,47.3373,-121.8048,5759,33937
6351,457811,4,3.0,1417,31776,1.5,1,0,4,3,300,1117,1904,0,98117,47.5988,-121.7249,5396,15239
6352,669183,2,3.5,2374,28613,2.0,0,0,3,5,1009,1365,1944,0,98166,47.6057,-121.595,3695,19792
6353,1016890,7,3.5,5428,21083,3.0,0,0,3,6,5187,241,1911,0,98156,47.5436,-121.9661,3641,37266
6354,1345901,5,2.0,7731,36416,2.0,0,0,4,3,7123,608,1947,0,98081,47.3309,-121.3233,2130,8404
6355,1396055,4,1.5,7482,35212,2.5,0,0,3,7,5983,1499,1980,0,98102,47.5272,-122.3938,4163,22953
6356,1479892,2,1.5,7927,7831,1.5,0,0,4,12,7316,611,1913,0,98123,47.138,-121.4034,1428,33778
6357,1447138,4,3.5,6836,22842,3.0,0,0,4,11,5814,1022,1952,0,98112,47.7686,-121.7111,2453,8202
6358,533230,5,4.5,2178,26844,1.0,0,0,2,3,1233,945,1989,0,98030,47.4169,-121.4081,5848,11980
6359,504169,4,2.5,1115,47201,2.5,0,4,3,9,300,815,1993,1998,98129,47.3131,-122.0575,4824,30466
6360,980552,3,1.5,5001,23142,1.0,0,0,3,4,4136,865,2005,0,98100,47.7025,-121.5052,2738,28976
6361,681202,5,4.0,2249,5981,2.5,0,0,3,12,999,1250,1944,0,98146,47.3269,-121.7608,5625,39800
6362,1088031,4,4.5,4325,28743,3.0,0,1,3,13,4171,154,1931,0,98130,47.798,-121.5027,3359,15741
6363,1493300,7,4.5,7586,26338,3.0,0,0,3,11,7045,541,1929,1998,98097,47.5834,-122.11,536,28088
6364,1266627,1,3.5,7364,3673,3.0,0,1,3,6,7205,159,1911,0,98071,47.5547,-121.3992,1481,12521
6365,1075389,4,4.5,4688,39586,2.5,0,4,3,5,3454,1234,1999,0,98112,47.2063,-121.3909,2949,18623
6366,716240,3,1.0,2977,42574,2.0,0,0,2,13,2188,789,1982,0,98059,47.5269,-121.9302,601,37290
6367,1130566,2,1.5,5249,41119,1.0,0,2,3,9,4761,488,1943,0,98178,47.2086,-122.0196,4688,28808
6368,973903,7,1.5,4005,17974,2.0,0,0,3,8,2726,1279,1924,2017,98018,47.6485,-121.8098,3957,13086
6369,1027766,2,4.0,3975,33083,2.0,0,0,3,13,3920,55,1996,0,98007,47.1969,-122.2598,3252,27565
6370,1125130,7,1.5,5029,18979,1.5,0,0,3,12,4178,851,1941,0,98189,47.3512,-121.9045,1251,22173
6371,540358,2,3.0,1635,43821,1.0,0,0,4,10,453,1182,1920,0,98126,47.4337,-121.4238,1166,35635
6372,1036293,1,3.0,4500,25850,2.5,0,0,3,11,3632,868,2021,0,98196,47.6636,-122.0618,1373,18680
6373,344439,3,2.0,874,28060,1.5,0,0,4,9,300,574,1960,0,98121,47.5429,-121.6167,3842,1544
6374,1603881,5,4.5,7726,7845,1.5,0,1,3,8,6608,1118,1965,0,98145,47.6236,-121.7523,2369,18386
6375,1176426,2,1.5,5662,47818,3.0,0,0,3,10,4400,1262,2000,2001,98083,47.2708,-122.1863,4563,36184
6376,423655,7,2.5,706,35552,2.5,0,0,4,11,300,406,1920,0,98197,47.2661,-121.8619,4600,23680
6377,1411065,3,4.0,5375,7880,2.0,1,0,3,10,5160,215,1925,0,98103,47.3664,-121.4769,2886,27937
6378,509334,4,1.0,1819,18277,2.0,0,0,3,8,358,1461,1931,2010,98183,47.1131,-121.8341,4705,35655
6379,565453,1,3.5,1641,15445,2.0,0,0,3,10,1496,145,1990,0,98013,47.6815,-121.6638,2588,30517
6380,1242284,3,4.5,5127,46863,3.0,0,1,3,11,5004,123,1916,0,98101,47.359,-121.5695,852,3477
6381,1642096,3,4.5,7889,15020,2.0,1,0,3,8,7071,818,1903,1997,98196,47.1473,-122.4407,4178,5959
6382,1358834,5,4.5,6809,45435,1.0,0,0,2,8,6478,331,1938,0,98040,47.7106,-122.4385,2448,27973
6383,622687,3,2.5,3190,42953,2.0,0,0,3,4,1899,1291,1914,0,98143,47.7775,-122.362,4186,24585
6384,1814401,5,3.5,7823,36270,2.0,1,0,4,11,7219,604,1932,0,98028,47.5526,-122.3044,4336,7795
6385,872162,1,1.5,3755,49950,1.0,0,0,4,10,3567,188,1960,0,98185,47.3496,-121.5263,873,10845
6386,366938,1,2.0,589,22177,3.0,0,0,2,7,446,143,1913,0,98192,47.3896,-121.9773,5660,33047
6387,1184665,4,1.5,5713,41411,1.5,0,0,4,12,4562,1151,1989,0,98123,47.2793,-122.2777,3514,35805
6388,874846,5,2.5,4608,5437,2.5,0,0,3,5,3779,829,1946,0,98133,47.5979,-121.8618,5683,25113
6389,858268,5,4.5,3520,3472,3.0,0,2,3,11,2796,724,1901,0,98062,47.3493,-121.584,5086,1741
6390,794822,2,2.5,2357,43426,2.0,0,1,4,13,972,1385,1983,0,98170,47.1227,-122.3319,978,21077
6391,618969,2,3.0,1304,38607,1.5,0,0,3,12,456,848,1989,0,98066,47.1323,-122.0867,5470,31612
6392,468148,4,2.5,1444,36252,2.5,0,2,3,9,613,831,1965,0,98020,47.5303,-122.2668,3929,28181
6393,885172,1,3.0,3289,45773,2.5,0,2,3,11,2683,606,1947,0,98086,47.3033,-121.7244,2024,8226
6394,1311790,6,5.0,6453,27097,2.5,0,0,3,9,6382,71,1963,0,98168,47.218,-122.3358,3766,6068
6395,949598,2,2.0,4375,46597,1.0,0,0,3,10,3754,621,1965,0,98155,47.4867,-121.5627,3870,30554
6396,678224,3,3.5,2110,48414,1.0,0,0,4,12,1165,945,1947,0,98149,47.2949,-122.2506,2037,17844
6397,718512,1,2.5,3423,43196,1.5,0,0,3,7,2118,1305,1980,2009,98121,47.1513,-122.4297,4517,1109
6398,1513836,6,1.0,6555,14991,2.0,0,0,3,12,5108,1447,1917,0,98020,47.2355,-121.407,1510,26478
6399,863132,3,3.0,4382,26032,1.5,0,0,1,12,3944,438,1950,0,98032,47.6445,-122.1001,4033,31282
6400,916077,7,4.5,3721,36619,2.0,0,0,4,8,3563,158,2011,0,98182,47.6964,-121.8967,1059,13105
6401,1422740,5,1.5,7303,42356,3.0,0,0,3,10,6029,1274,1903,0,98036,47.7105,-122.3788,4097,13109
6402,1497303,1,1.5,7675,6549,2.5,0,0,3,9,6325,1350,1980,0,98186,47.4744,-121.9246,5994,39602
6403,1078283,7,1.5,5648,37214,2.5,0,0,4,3,5024,624,1932,2000,98112,47.7657,-122.2329,5902,22428
6404,1101356,4,4.0,4891,8776,1.0,0,0,2,12,3978,913,1922,0,98110,47.2062,-121.4915,5826,11550
6405,1495746,5,4.0,7629,8680,3.0,0,0,3,6,7292,337,1952,0,98067,47.5748,-121.6435,3853,23638
6406,1095660,5,3.5,5521,4771,3.0,0,0,3,10,4767,754,1912,0,98030,47.593,-121.704,1794,25872
6407,1492537,3,3.0,5235,39401,2.0,1,1,3,13,4128,1107,1970,2011,98196,47.1372,-121.5625,5970,6926
6408,804522,7,4.5,2887,9483,3.0,0,0,3,11,1751,1136,1957,0,98135,47.2977,-122.1475,1921,21924
6409,1098759,5,4.0,5223,6597,1.0,0,0,3,8,4241,982,2004,0,98122,47.7643,-121.9556,3319,2613
6410,1760897,2,4.0,7082,9783,2.0,1,0,3,13,6407,675,2009,0,98152,47.6313,-122.3961,4375,35225
6411,1088215,1,4.5,5763,9974,1.5,0,0,5,6,5395,368,1962,0,98009,47.1383,-122.4187,805,15905
6412,172600,2,3.5,1441,21534,2.0,0,0,3,4,815,626,1964,0,98034,47.4786,-122.1051,3603,36721
6413,1249000,3,3.0,5425,43426,1.5,0,0,3,11,4298,1127,2003,1998,98055,47.554,-121.5127,4929,19290
6414,1185172,6,4.5,6366,32573,2.0,0,0,4,3,5163,1203,1941,0,98103,47.7812,-121.7828,2840,29541
6415,876280,3,4.5,3066,22070,2.5,0,0,3,7,1754,1312,1994,0,98116,47.6015,-121.9906,2468,7336
6416,562879,1,1.0,1475,14199,1.5,0,0,3,10,300,1175,1999,0,98079,47.5471,-121.3396,3991,30269
6417,1454449,5,1.0,7712,15970,1.0,0,0,3,6,6457,1255,1988,0,98113,47.736,-121.9694,4937,23217
6418,592259,7,5.0,1454,34759,1.5,0,2,3,3,300,1154,2008,0,98012,47.5627,-121.9373,2279,31699
6419,543309,7,2.0,1762,18429,1.5,0,0,3,6,387,1375,2013,0,98058,47.7525,-121.309,5603,35519
6420,1257201,4,4.5,5547,25768,2.0,0,0,2,7,4579,968,2004,2011,98187,47.4449,-122.3424,2024,8776
6421,474180,3,2.5,1443,26653,2.5,0,1,4,7,774,669,1939,0,98068,47.603,-122.1933,1119,34800
6422,609291,1,1.5,2702,12097,2.0,0,2,3,3,1448,1254,1993,0,98017,47.5422,-121.956,1650,19921
6423,1113446,4,1.5,5800,5610,2.0,0,0,3,4,5477,323,2001,0,98158,47.4868,-121.8144,1281,24255
6424,1473404,5,1.5,7882,13128,2.5,0,0,3,8,7093,789,1920,0,98191,47.3269,-122.3223,2093,29404
6425,1406604,6,2.0,6731,17193,2.0,0,0,4,12,5905,826,1982,0,98190,47.7326,-122.1054,5828,24881
6426,867451,3,3.0,3827,29373,2.5,0,0,3,7,3564,263,1979,0,98190,47.289,-122.2357,1776,4033
6427,1255930,6,4.0,6130,17056,1.0,0,0,4,11,5681,449,1932,0,98018,47.2116,-121.4801,2178,11699
6428,1344429,1,5.0,5692,38387,2.5,0,4,3,9,5144,548,2010,0,98149,47.5984,-121.4985,2862,25862
6429,1377635,6,3.0,7574,32425,3.0,0,0,3,7,6239,1335,1969,0,98163,47.4826,-122.2122,1102,34904
6430,1210018,6,3.0,4774,11084,2.5,0,4,3,11,3562,1212,1941,1987,98145,47.284,-121.9781,4851,33189
6431,471738,1,3.0,2759,1007,2.5,0,0,3,3,2695,64,1936,2014,98089,47.7092,-121.718,1644,23754
6432,533223,1,3.0,2328,15635,3.0,0,2,3,5,1903,425,1971,0,98182,47.3003,-122.4422,4834,9969
6433,330673,3,3.0,1757,18341,2.5,0,0,3,4,1134,623,1900,0,98152,47.1446,-121.4397,1220,24315
6434,365930,6,1.0,964,32061,1.5,0,0,4,9,612,352,1976,0,98015,47.1108,-121.8868,1141,1880
6435,1325643,4,1.0,6370,19302,2.0,0,1,4,11,5426,944,1925,0,98085,47.746,-122.2282,2875,16930
6436,761095,1,1.5,3794,36633,2.0,0,0,3,4,3215,579,1979,0,98076,47.3815,-122.0239,1789,18814
6437,1473157,5,1.5,7274,20879,1.0,0,0,4,8,6267,1007,2012,0,98014,47.2494,-121.418,3727,22719
6438,1321725,6,4.0,7468,36137,1.0,0,0,3,4,6308,1160,1938,0,98175,47.497,-122.4703,2917,28343
6439,1331853,1,2.0,7931,49250,3.0,0,0,1,5,7796,135,1946,0,98110,47.4415,-122.3287,2011,27946
6440,485770,4,4.5,1730,32357,1.5,0,0,3,3,393,1337,1955,0,98092,47.7999,-122.2687,2797,8814
6441,919359,7,4.5,3154,18425,1.0,0,0,3,8,2144,1010,2009,0,98092,47.722,-122.4279,4292,29463
6442,562234,3,5.0,1384,14256,2.0,0,1,3,4,659,725,1957,1998,98031,47.2898,-122.2297,5671,33962
6443,849210,6,5.0,4305,40493,1.0,0,0,3,5,3553,752,1927,0,98100,47.5884,-121.5194,3145,25601
6444,1443585,7,2.0,7009,5129,1.0,0,0,4,8,6700,309,2012,1991,98058,47.371,-121.8675,4791,31990
6445,1297001,1,3.0,6919,10227,2.5,0,0,3,8,5458,1461,1956,0,98168,47.3551,-121.7735,1711,8606
6446,1280659,1,1.5,7023,17660,1.0,0,1,4,6,5639,1384,1986,0,98190,47.357,-122.3129,1625,20509
6447,1023731,5,4.0,5928,39971,3.0,0,0,3,3,5773,155,1970,0,98182,47.5475,-122.166,4670,7021
6448,1329501,5,4.5,6250,41409,2.0,0,0,3,9,5289,961,1987,0,98188,47.4766,-121.399,1042,10183
6449,1478267,6,4.5,7935,24167,3.0,0,0,4,4,7570,365,2009,0,98093,47.6285,-122.2475,5962,12078
6450,1198074,7,2.5,5540,49393,3.0,0,0,3,8,4436,1104,1971,0,98139,47.2071,-121.4119,2519,32790
6451,876918,7,4.0,4356,23222,1.5,0,0,4,9,3096,1260,1944,0,98154,47.3978,-121.7041,2059,13568
6452,720238,1,1.5,3635,49873,2.5,0,0,2,4,2215,1420,1964,1992,98027,47.7022,-121.8967,5656,9945
6453,1341978,6,1.0,7453,19836,3.0,0,0,4,8,6371,1082,1903,0,98030,47.1022,-122.2913,2737,16743
6454,259844,1,4.0,1424,35831,1.5,0,0,3,3,300,1124,1960,0,98053,47.5364,-121.6917,2088,18269
6455,1286875,5,2.5,6534,31393,2.0,0,2,3,8,6197,337,1960,0,98037,47.65,-121.4363,5629,24354
6456,1077656,4,5.0,5089,23538,2.0,0,0,3,10,4618,471,1942,0,98003,47.3687,-122.3083,1961,28598
6457,767695,2,1.5,2046,26811,1.5,0,0,4,10,608,1438,2004,0,98074,47.7185,-122.4926,3473,38822
6458,1395930,2,4.5,7765,27388,3.0,0,0,2,9,7477,288,1918,0,98096,47.615,-121.6119,642,30458
6459,1201024,1,3.0,6565,16736,3.0,0,0,5,6,6192,373,1985,0,98069,47.5242,-121.7794,1082,15500
6460,551363,7,4.5,1594,15324,2.5,0,0,3,6,300,1294,1999,0,98137,47.2388,-121.8963,3611,23836
6461,820251,5,4.5,2911,19378,2.5,0,0,3,7,1766,1145,1900,0,98154,47.5691,-121.9527,954,25005
6462,884037,3,4.5,3117,48189,2.0,0,0,3,10,2771,346,1918,0,98163,47.6836,-121.9029,5407,10945
6463,1156667,3,2.0,6421,33216,2.5,0,0,3,6,5789,632,1950,0,98069,47.6109,-122.0505,5855,28765
6464,458382,2,5.0,1262,29832,1.5,0,0,3,11,1227,35,1963,0,98080,47.5024,-122.4012,2008,17918
6465,633051,4,1.5,2823,15948,2.0,0,0,3,5,2099,724,1962,0,98139,47.6002,-121.5691,2873,21312
6466,999483,2,1.5,4645,30281,3.0,0,0,4,11,3169,1476,1928,0,98121,47.7838,-121.9386,5134,25416
6467,710259,1,2.5,3275,47222,2.0,0,0,3,4,2817,458,1918,0,98158,47.1076,-121.5101,4901,33647
6468,1294046,4,4.5,5501,8283,1.0,0,2,3,8,4252,1249,1942,0,98113,47.5648,-121.3213,3484,22194
6469,1375853,3,3.0,7571,23403,2.0,0,0,3,7,6681,890,1969,0,98149,47.6551,-122.2939,2103,3693
6470,1120697,7,4.5,5159,31239,2.5,0,0,4,7,4358,801,1988,1994,98004,47.5472,-121.5478,1219,4347
6471,1260345,5,4.0,5378,31599,1.5,0,1,3,13,3978,1400,1938,0,98145,47.2912,-121.327,2242,11984
6472,1388825,5,2.0,7128,20747,3.0,0,2,3,8,5917,1211,1922,0,98188,47.6759,-121.6307,3496,3700
6473,893267,1,5.0,3655,15435,3.0,0,0,3,12,2629,1026,1900,0,98159,47.7393,-122.2048,4527,20676
6474,883431,2,1.0,4470,44986,2.5,0,0,4,9,4465,5,1960,2017,98006,47.5785,-121.4242,1321,13132
6475,790349,1,4.5,2540,29983,2.5,0,2,5,6,1113,1427,1978,0,98116,47.4577,-121.5481,2067,24974
6476,1302680,5,2.0,6427,45162,2.5,0,1,4,6,5815,612,1924,0,98039,47.3564,-121.9608,2028,36617
6477,524727,3,3.0,1083,2165,1.0,0,1,4,11,775,308,1903,2006,98107,47.331,-121.8129,5223,24975
6478,1115218,5,2.5,5915,36275,1.5,0,0,3,6,5557,358,2008,0,98118,47.6063,-121.6337,3122,34420
6479,1092376,4,1.5,4831,13534,1.0,0,0,3,10,3874,957,2019,0,98042,47.525,-122.3506,824,37925
6480,810106,7,2.5,2603,34886,2.5,0,0,3,12,2096,507,2007,0,98050,47.2098,-121.3876,1432,36953
6481,589866,7,2.0,2442,33289,1.5,0,3,2,3,1978,464,1900,0,98027,47.1988,-121.3151,2896,33630
6482,956061,6,2.0,4955,23750,2.5,0,1,3,6,4280,675,1939,0,98106,47.1498,-122.1034,2312,13994
6483,1219489,5,1.5,6526,5131,1.5,0,2,1,4,5725,801,2020,0,98083,47.5785,-121.6419,3635,10278
6484,418372,5,3.0,609,30663,3.0,0,0,3,13,300,309,1920,0,98130,47.3201,-121.9944,1862,2135
6485,501176,7,4.0,691,13831,1.0,0,0,3,12,300,391,2018,1993,98065,47.1142,-122.4667,1263,38011
6486,537981,6,3.5,1403,34743,2.5,0,0,3,7,1020,383,1942,0,98014,47.3364,-121.3495,1819,12324
6487,1172265,4,4.5,5712,40424,2.5,0,1,3,4,4751,961,1909,0,98108,47.6825,-122.3292,2049,30319
6488,539641,2,3.5,1361,8399,2.0,0,0,4,9,872,489,1965,0,98015,47.2734,-122.4101,1017,12831
6489,1558320,5,4.0,7211,42779,3.0,0,3,3,12,6673,538,1916,0,98179,47.5435,-121.4954,2734,5777
6490,593503,7,3.5,1583,35122,2.5,0,0,4,9,1033,550,1912,0,98150,47.4078,-122.4594,2235,37630
6491,513037,1,3.0,1149,26586,1.0,0,0,3,11,300,849,1990,2015,98058,47.4842,-121.6745,4700,24099
6492,1154813,5,4.0,4634,5170,3.0,0,3,3,6,3336,1298,2017,1985,98081,47.517,-121.3839,4041,7077
6493,761524,1,1.5,4111,29312,2.5,0,0,3,7,3504,607,2004,0,98190,47.4184,-122.0126,699,22765
6494,1450792,4,4.5,7716,37740,1.0,0,0,3,5,7555,161,2011,0,98178,47.1405,-122.418,863,10351
6495,591363,5,4.0,1136,17508,2.0,0,2,4,9,536,600,1991,1992,98169,47.4974,-122.238,789,36126
6496,501726,7,2.0,1536,11722,2.0,0,0,3,7,300,1236,2012,0,98032,47.3783,-121.362,2493,36703
6497,1144784,4,4.0,4631,36915,1.0,0,2,4,11,3967,664,1909,1994,98161,47.2399,-121.9415,4361,33917
6498,661134,4,1.0,2648,28699,3.0,0,0,3,9,1805,843,2012,0,98193,47.7276,-121.8504,4210,2433
6499,813975,2,2.0,4365,26005,1.0,0,1,3,6,3504,861,1951,0,98041,47.6152,-122.3127,5021,33010
6500,825389,5,1.5,3657,17588,1.0,0,0,3,9,3415,242,1909,0,98083,47.2988,-121.3984,998,38009
6501,810770,1,4.0,4087,5290,2.0,0,0,3,3,4058,29,2017,2013,98102,47.4773,-121.8794,4054,21103
6502,774530,1,4.0,3794,46003,2.0,0,0,2,4,3314,480,2009,0,98124,47.7742,-121.8654,3520,2333
6503,1108754,5,4.5,5957,49558,2.0,0,0,3,5,5737,220,1946,0,98115,47.2718,-121.8087,3286,5769
6504,1260566,6,1.0,6579,24969,2.5,0,0,4,7,6209,370,1908,0,98059,47.7632,-121.5791,2289,29609
6505,1041581,2,3.0,4761,19086,2.5,0,3,3,7,3660,1101,1997,0,98099,47.5784,-122.2565,5821,32115
6506,762325,2,4.0,2930,4635,1.5,0,1,3,9,2811,119,1945,0,98186,47.4786,-121.3692,5230,32541
6507,754806,2,1.5,2379,37401,2.5,0,4,4,11,1870,509,2016,0,98132,47.7882,-122.2895,1808,14010
6508,1035287,1,3.5,4466,32811,3.0,0,0,3,12,3953,513,2002,0,98075,47.3336,-122.2631,793,27550
6509,1523354,4,1.5,7433,17424,3.0,0,0,3,11,6043,1390,1967,0,98003,47.2948,-122.4851,4600,27435
6510,962418,7,1.5,4213,1070,2.0,0,0,3,8,3110,1103,2008,0,98119,47.3377,-122.4764,4858,9609
6511,1181552,6,3.0,4626,31274,1.0,0,4,4,9,3244,1382,1953,0,98066,47.6256,-121.9854,4478,6581
6512,1081277,2,3.5,4606,13779,2.0,0,0,3,10,4416,190,2017,1991,98036,47.3359,-122.2804,4295,15171
6513,598273,1,1.5,2511,5300,1.0,0,0,3,6,1471,1040,1967,0,98151,47.1719,-122.2457,1550,32379
6514,754239,1,1.5,3873,10628,2.0,0,0,4,9,3843,30,1903,1999,98139,47.551,-121.3145,4146,7327
6515,652875,4,2.0,2643,37520,2.0,0,0,4,8,1747,896,2004,0,98163,47.2561,-121.3848,848,25177
6516,1612329,5,2.0,7857,37692,3.0,0,3,3,10,6700,1157,1974,0,98029,47.1029,-122.1131,4863,31042
6517,707309,5,2.0,3000,13973,1.0,0,0,4,3,1754,1246,1900,0,98061,47.2394,-122.0882,942,29034
6518,1413877,7,2.5,6835,2877,1.5,0,3,4,7,5742,1093,2008,0,98190,47.6734,-122.1495,5421,34055
6519,971837,7,3.5,5081,27681,1.5,0,0,3,5,4690,391,1984,0,98007,47.7582,-121.4413,4889,11360
6520,538203,2,3.0,1789,24043,2.0,0,2,3,11,673,1116,1958,1991,98019,47.5634,-122.3821,3348,6196
6521,634757,7,4.0,1947,9594,2.0,0,0,3,11,851,1096,1924,0,98070,47.3173,-121.7991,5526,20106
6522,737878,2,4.0,3699,3644,3.0,0,0,3,5,2538,1161,1908,0,98089,47.4055,-122.2764,3754,30994
6523,1303324,6,1.5,6881,34805,1.0,0,0,3,12,6858,23,1924,0,98123,47.2362,-121.5902,4338,24117
6524,492052,7,1.0,2443,49000,2.0,0,0,3,4,1997,446,1981,2012,98062,47.7165,-121.7424,3630,23483
6525,1235822,4,4.5,6559,49915,1.5,0,0,4,7,6392,167,1970,0,98023,47.5659,-122.0346,5484,21873
6526,733244,2,1.5,3683,5306,1.0,0,0,3,6,2914,769,2009,0,98053,47.1591,-122.3823,2339,27323
6527,1217200,4,1.5,6447,44497,2.0,0,0,3,9,5148,1299,1925,2014,98139,47.3569,-121.5791,2912,14782
6528,1182875,1,1.0,6065,31415,1.0,0,0,3,10,5777,288,1955,0,98097,47.4766,-122.4076,1706,22256
6529,1135624,2,3.5,5962,32305,3.0,0,0,3,6,4925,1037,1948,2019,98072,47.6581,-122.1715,5458,29021
6530,745153,1,3.5,3716,27689,1.5,0,0,5,5,3279,437,1981,0,98114,47.7444,-122.1956,1759,6113
6531,864186,3,5.0,3636,28400,1.0,0,1,3,11,3582,54,1964,0,98035,47.1929,-121.8058,4637,38514
6532,1096196,4,4.5,3818,40974,1.5,0,4,3,10,2502,1316,1960,0,98141,47.6842,-121.8835,3947,12775
6533,701562,3,2.5,3282,3793,2.0,0,0,5,13,2555,727,1908,0,98198,47.146,-122.1643,3317,20127
6534,599987,2,2.5,1490,13088,2.5,0,0,2,13,300,1190,1909,0,98110,47.2683,-121.9835,4165,7902
6535,1205089,1,2.0,5420,49014,1.0,0,0,3,9,5337,83,2011,1988,98061,47.1147,-121.9764,4636,22199
6536,1199308,2,1.5,6058,32849,1.5,0,0,3,13,5690,368,1910,2006,98167,47.1447,-121.8117,5925,7506
6537,724516,3,1.5,2653,26423,1.0,0,1,3,10,1469,1184,1995,0,98068,47.1227,-121.4221,2125,8499
6538,1488567,2,1.5,6824,5948,2.0,0,0,3,10,5929,895,1984,2014,98171,47.2022,-122.3297,5434,39852
6539,1612125,6,1.5,6827,13790,2.0,1,0,3,12,6522,305,1935,0,98128,47.7136,-121.8308,1055,7969
6540,312668,5,2.0,725,43455,1.5,0,0,3,10,300,425,1955,0,98170,47.2987,-122.4779,5709,39825
6541,592522,3,2.0,1276,3542,3.0,0,2,4,13,300,976,1931,0,98016,47.4358,-121.6621,4140,36329
6542,643386,2,5.0,3337,8055,1.0,0,0,3,3,2628,709,1982,0,98121,47.441,-121.7315,5659,21239
6543,1138795,1,3.5,5708,2712,1.0,0,3,3,6,5509,199,1971,0,98011,47.7967,-121.6672,2030,31087
6544,552548,2,5.0,1187,22064,2.0,0,3,3,12,853,334,1934,1984,98088,47.3553,-121.9301,5762,15704
6545,712916,1,2.5,1029,19405,1.0,1,0,3,9,300,729,1985,0,98104,47.2856,-122.2758,5201,5177
6546,848813,5,3.0,3942,11956,1.5,0,0,3,8,3764,178,1903,0,98063,47.7743,-121.9623,2607,28461
6547,1103003,2,2.5,5567,25124,2.5,0,0,4,5,5118,449,1992,0,98119,47.5148,-122.4717,1640,10367
6548,997393,7,1.5,5531,6675,2.0,0,0,2,5,4352,1179,1961,1995,98031,47.3026,-122.0423,3637,39647
6549,1126596,7,1.5,6018,3839,2.5,0,0,3,6,5279,739,1962,0,98198,47.3012,-121.4937,4130,29076
6550,745667,5,5.0,2653,48282,1.0,0,0,3,12,1786,867,1994,0,98024,47.1605,-122.0937,896,27754
6551,467755,3,5.0,1794,40968,3.0,0,0,3,8,599,1195,1907,0,98183,47.4898,-121.7899,4691,20574
6552,1221469,1,1.0,6594,14195,1.5,0,0,4,3,5617,977,2018,0,98129,47.6066,-122.1867,5984,5917
6553,1604425,7,1.5,7474,38621,1.0,0,2,4,12,6055,1419,1975,1980,98166,47.4323,-122.3389,989,21829
6554,636351,6,2.5,2026,36742,1.5,0,3,3,6,792,1234,1968,0,98184,47.7191,-121.8749,769,8854
6555,1188156,3,1.5,5274,32159,1.0,0,0,4,11,4609,665,1960,0,98174,47.4388,-122.4571,5186,39232
6556,1048644,1,2.5,3396,24811,1.0,1,0,3,9,3372,24,1993,1988,98134,47.3425,-121.4146,5356,35944
6557,933026,5,1.5,3603,44365,1.0,0,0,1,13,3128,475,1962,0,98079,47.2755,-121.5674,4957,20141
6558,804268,7,3.0,2940,1521,2.0,0,2,4,8,2158,782,1960,0,98160,47.2703,-121.3025,5435,7318
6559,1154478,4,2.0,4635,14250,2.5,0,3,3,13,4434,201,1998,0,98082,47.3216,-121.3082,2621,21396
6560,1307458,2,2.5,7303,11224,3.0,0,0,2,7,6694,609,1936,0,98111,47.7944,-121.6252,1411,31260
6561,1311209,5,1.5,7885,1724,2.5,0,0,3,4,7297,588,1903,0,98096,47.3526,-121.568,1617,30623
6562,799353,1,2.5,4302,3725,2.5,0,0,3,4,2815,1487,1955,0,98140,47.4672,-121.8663,3316,11509
6563,1298247,1,5.0,7624,45013,1.5,0,0,3,8,7188,436,1942,0,98034,47.2923,-122.2377,1470,20240
6564,1169453,1,2.5,5701,4045,2.0,0,0,4,11,4830,871,1920,0,98066,47.2005,-121.5299,5013,27629
6565,647354,1,4.5,1344,38037,2.0,0,0,3,11,300,1044,1957,2012,98172,47.5521,-122.1764,3515,34640
6566,1256799,2,4.5,6339,27212,1.0,0,3,3,3,4937,1402,2021,0,98086,47.4817,-121.72,3988,25317
6567,1302072,3,5.0,6844,35610,2.5,0,0,3,9,6734,110,1915,0,98021,47.1475,-121.6229,3453,30988
6568,467527,6,4.0,946,23715,3.0,0,1,3,9,824,122,1952,0,98198,47.718,-121.8229,3662,27433
6569,1073824,4,3.5,4415,47266,1.5,0,0,4,12,4362,53,1917,2013,98006,47.4554,-121.7047,2160,27757
6570,836869,2,4.5,3609,1132,2.0,0,0,4,4,2115,1494,1956,2009,98012,47.3347,-122.1485,964,18611
6571,640934,1,1.5,1734,24554,1.0,0,1,4,12,505,1229,1994,0,98132,47.6456,-121.5874,3980,15072
6572,1285651,2,3.0,7087,32679,3.0,0,3,3,6,6921,166,1937,0,98007,47.1785,-121.3677,5305,38504
6573,1366129,5,5.0,5946,10565,2.5,0,1,5,10,4957,989,1931,0,98076,47.4316,-121.9192,3269,27658
6574,1566553,6,4.0,7404,17174,3.0,0,1,3,8,6970,434,2011,0,98073,47.4841,-122.3548,4382,15934
6575,510940,1,5.0,726,14351,2.0,0,1,1,13,300,426,1996,0,98007,47.6426,-121.7563,3062,5666
6576,996150,4,4.0,4643,20563,1.5,0,0,4,9,4043,600,1918,0,98047,47.3592,-122.0903,1732,18618
6577,1662891,1,4.5,7685,5044,2.5,0,1,3,12,6651,1034,1983,0,98022,47.6985,-121.9971,2658,3808
6578,930558,6,4.0,3459,3421,1.5,0,1,2,13,2053,1406,1947,0,98155,47.5884,-122.318,5661,19689
6579,1394890,4,4.0,6058,14749,3.0,0,0,4,13,4561,1497,1973,0,98038,47.6398,-121.7491,5635,32766
6580,528309,6,3.0,2330,47163,3.0,0,0,4,8,1822,508,1925,0,98088,47.7784,-121.5553,1447,19806
6581,1073322,4,4.5,4279,28381,1.0,0,1,3,11,3716,563,2009,0,98014,47.6913,-121.5803,4185,31902
6582,562751,3,4.5,686,40173,2.5,0,2,4,13,300,386,1981,0,98168,47.3428,-121.3073,3543,1881
6583,1447309,7,4.5,6988,34865,3.0,0,0,4,12,5911,1077,1944,2016,98100,47.5521,-122.2454,2439,5259
6584,1396552,3,3.5,6867,18716,2.0,0,2,4,12,6621,246,1944,0,98101,47.708,-121.403,4398,14922
6585,882808,2,2.0,3377,34662,2.0,0,2,3,11,2797,580,2021,2010,98116,47.4676,-121.6209,5737,17533
6586,545553,2,1.0,3035,43265,1.5,0,0,3,8,2896,139,1914,1986,98050,47.578,-121.651,4917,3420
6587,661281,4,4.5,2432,22403,2.0,0,1,4,8,1562,870,1999,0,98032,47.2206,-121.6795,1765,35676
6588,820277,1,3.5,3424,42931,3.0,0,0,3,11,3020,404,1917,0,98069,47.6711,-121.854,2463,37854
6589,568331,7,2.0,1348,21532,2.0,0,0,3,12,843,505,1930,1994,98194,47.6302,-122.0456,5564,9773
6590,731378,5,1.5,2532,25124,2.5,0,0,3,11,1285,1247,1914,2014,98087,47.7222,-121.368,3263,10060
6591,730705,5,4.5,1752,35727,1.5,0,3,3,5,1172,580,2001,0,98005,47.5971,-122.3187,3968,25299
6592,1280248,1,4.5,6009,7851,2.5,0,0,5,9,5663,346,1992,0,98122,47.7138,-122.2888,4790,34196
6593,1141114,1,4.5,5574,49087,3.0,0,2,3,5,4712,862,2005,2000,98040,47.2136,-122.4799,3214,28658
6594,1186632,3,3.5,6208,32502,3.0,0,0,3,6,5835,373,1914,0,98166,47.6696,-121.6127,2401,27932
6595,1315100,5,2.5,5612,37311,2.0,0,2,4,11,4385,1227,2020,0,98190,47.7671,-121.4272,4388,17004
6596,1758199,4,2.0,6831,27124,1.0,1,2,3,12,6199,632,1964,0,98002,47.6709,-122.2767,2965,26029
6597,775219,6,1.0,2381,36828,1.0,0,2,3,10,2090,291,2000,0,98040,47.5307,-122.4587,1959,22826
6598,560366,2,4.5,769,26306,3.0,0,1,3,8,493,276,2004,0,98071,47.7486,-122.2071,5055,10334
6599,637073,6,1.5,2130,27086,3.0,0,2,3,8,798,1332,1986,0,98178,47.1661,-121.4396,3655,18463
6600,1035337,3,3.5,4905,40930,1.5,0,0,4,10,4652,253,1945,2000,98150,47.1118,-122.4806,5690,10872
6601,799958,5,3.0,3703,33153,3.0,0,0,4,4,3045,658,1974,0,98135,47.7757,-122.3786,1009,35574
6602,1370860,7,3.0,6639,7678,3.0,0,0,3,7,6637,2,2001,1981,98125,47.5781,-122.47,2627,14084
6603,576442,1,4.5,2074,9468,1.5,0,1,4,9,863,1211,1915,0,98073,47.1799,-121.3682,2502,16935
6604,1344827,7,1.0,5691,34933,2.5,1,0,3,5,4331,1360,1954,0,98109,47.338,-122.3374,4545,31262
6605,900552,7,4.0,3392,32519,2.5,0,0,3,10,2019,1373,1929,2013,98163,47.6242,-121.4195,3626,9871
6606,593994,5,1.0,2195,12753,1.5,0,2,3,5,1072,1123,1992,0,98102,47.6253,-121.9319,4119,3212
6607,901029,4,1.0,3758,9427,1.5,1,1,5,6,3302,456,1940,0,98024,47.219,-122.0262,2716,4529
6608,1590467,3,2.5,7129,8563,2.5,0,2,2,12,6712,417,1966,0,98164,47.4291,-121.9882,2682,15152
6609,894583,1,1.5,3762,42790,2.5,0,0,3,12,3606,156,2003,0,98053,47.6651,-121.9976,5541,22100
6610,493507,6,4.0,1945,42390,2.5,0,0,3,8,1744,201,1916,0,98107,47.7768,-122.0899,2012,15953
6611,1258772,4,3.0,6763,45440,2.5,0,0,3,8,5880,883,1925,0,98154,47.5358,-121.527,5682,10627
6612,339263,6,1.0,719,13915,2.0,0,0,4,4,300,419,2017,0,98056,47.5467,-121.8904,2864,5926
6613,212502,2,1.0,552,17366,1.5,0,0,3,4,300,252,1972,0,98086,47.4285,-121.3108,1557,18248
6614,523443,3,3.5,2257,36932,1.0,0,0,4,5,2218,39,1980,0,98089,47.4773,-121.8787,4043,20134
6615,1244394,4,4.0,6070,23726,2.0,0,0,3,5,4741,1329,2000,0,98043,47.1693,-121.5178,2794,6728
6616,600500,4,3.0,2166,3289,1.0,0,0,4,6,1452,714,2019,0,98089,47.3447,-121.6059,4036,21642
6617,1045897,6,3.0,5856,39690,1.0,0,0,4,6,5710,146,1963,0,98041,47.4551,-122.0187,5552,30699
6618,1618337,1,4.0,7401,6212,3.0,1,0,3,6,7160,241,1994,0,98089,47.2925,-121.5536,3858,19227
6619,814850,2,3.5,3285,39991,1.5,0,1,3,12,3107,178,1957,0,98166,47.3519,-122.314,1906,14659
6620,598010,6,2.0,1219,34095,2.0,0,1,4,12,300,919,1994,0,98007,47.7798,-122.256,783,9429
6621,539761,4,3.5,905,9211,1.5,0,2,4,13,726,179,1974,0,98040,47.1036,-121.7573,671,27228
6622,1346725,3,3.5,7251,46839,2.5,0,0,3,5,6590,661,2001,0,98108,47.3119,-121.6461,1154,33507
6623,1439711,4,4.0,7664,28709,1.5,0,4,3,3,6784,880,1985,2011,98152,47.5088,-121.7274,1220,23315
6624,1577227,5,3.5,7065,37124,1.0,0,3,4,11,6108,957,2009,0,98083,47.2953,-121.8887,3595,5515
6625,1342421,3,5.0,7355,34633,2.5,0,0,2,4,6605,750,1902,2001,98150,47.5735,-122.3349,1344,33708
6626,755400,3,2.0,2794,2371,1.5,0,0,3,5,1455,1339,2019,0,98046,47.3095,-122.0527,541,29557
6627,285783,4,5.0,571,18185,1.5,0,0,5,4,363,208,2012,0,98023,47.5467,-121.7741,5554,26202
6628,1300007,1,3.0,6449,17720,1.0,0,1,4,8,5179,1270,1927,0,98084,47.6949,-122.2287,2696,30707
6629,1397819,3,3.5,6828,33566,2.5,0,0,4,8,6198,630,1995,0,98084,47.5611,-121.7346,4870,12461
6630,606644,5,1.5,2553,20507,1.0,0,3,3,3,1093,1460,1903,0,98135,47.1349,-122.2189,611,37058
6631,472936,6,2.5,1729,7241,1.5,0,0,5,6,1187,542,1939,0,98162,47.6566,-122.3826,2806,2699
6632,724647,1,4.0,2067,14036,2.0,0,4,3,12,1719,348,2001,0,98139,47.249,-122.1108,520,36269
6633,986081,1,4.0,4182,10535,2.0,0,2,3,7,3664,518,1974,0,98171,47.5444,-122.1727,1780,7231
6634,858772,1,1.0,3453,44002,3.0,0,3,3,8,3067,386,1956,0,98072,47.5527,-121.5275,5740,37944
6635,1035285,3,3.0,4982,39685,2.0,0,0,4,7,3678,1304,1964,0,98102,47.6626,-121.9197,1701,39050
6636,1130628,1,1.5,6387,20166,2.5,0,0,3,5,4946,1441,1946,0,98139,47.4541,-122.4231,3219,13228
6637,429222,4,,1198,20807,3.0,0,1,4,5,398,800,1979,0,98043,47.3632,-121.5213,1566,28110
6638,1279413,1,4.5,7743,14111,2.5,0,1,4,5,7137,606,1933,0,98025,47.4626,-122.1776,5719,33762
6639,1044536,5,1.0,5796,46281,2.0,0,0,2,8,5453,343,1944,1993,98031,47.482,-121.8186,5812,12080
6640,468537,2,4.5,1326,11885,2.0,0,1,4,6,300,1026,1931,2000,98154,47.6751,-121.8502,4095,39825
6641,1210097,5,4.5,6418,32474,1.5,0,0,4,6,6053,365,1943,0,98071,47.2435,-121.3341,2301,32676
6642,187388,3,2.5,848,45290,2.5,0,0,2,5,468,380,2009,0,98173,47.6928,-122.1941,3514,9071
6643,1244823,1,4.0,5874,7258,1.0,0,0,3,6,4725,1149,1996,2018,98186,47.356,-122.3258,780,11044
6644,961490,1,3.0,4408,35812,1.5,0,3,3,10,3209,1199,1910,0,98064,47.6207,-122.1899,4656,35488
6645,321051,4,3.5,807,8973,2.5,0,0,3,5,300,507,1935,1999,98020,47.335,-121.8082,4409,27577
6646,1089930,6,2.5,3916,49127,3.0,0,1,4,12,2792,1124,1912,0,98079,47.5962,-122.2389,5959,18837
6647,1034444,1,2.5,5746,7032,2.5,0,0,3,5,5256,490,1956,0,98080,47.6594,-122.0914,3721,31318
6648,1368831,7,,6556,5274,3.0,0,1,4,8,6364,192,1983,0,98099,47.4906,-121.7103,2031,18193
6649,679815,5,1.5,2834,39308,3.0,0,3,5,3,2754,80,1924,0,98190,47.5337,-122.3602,4365,21117
6650,1141668,3,4.5,5361,40961,2.0,0,0,3,12,4484,877,1969,0,98189,47.5954,-121.3656,4576,4443
6651,1092803,2,2.5,5320,24245,1.0,0,0,3,8,3842,1478,1936,0,98054,47.5819,-121.8612,2012,11294
6652,840750,1,2.5,3309,47779,2.5,0,0,3,13,1952,1357,1989,0,98035,47.6092,-121.9197,3091,24537
6653,1268439,2,4.5,6215,45387,1.0,0,3,3,11,6087,128,1903,0,98104,47.6948,-122.0643,1354,9720
6654,832631,1,3.0,4058,4671,3.0,0,0,3,5,3029,1029,2008,0,98112,47.2544,-122.2052,564,38887
6655,887215,3,3.0,4978,46716,2.0,0,0,3,4,3497,1481,1925,0,98034,47.2503,-121.9199,4311,10842
6656,801872,6,5.0,3977,34600,1.0,0,0,2,5,3957,20,1981,0,98103,47.7795,-121.9165,3976,31566
6657,1271744,5,4.5,7031,41765,1.5,0,0,3,5,5813,1218,1912,0,98125,47.6959,-122.4327,3905,23106
6658,975824,3,1.5,5120,22929,3.0,0,0,4,4,4270,850,1971,0,98129,47.5142,-121.4831,5618,13543
6659,1129496,2,3.0,3186,33863,1.5,1,3,3,13,3159,27,1950,0,98009,47.1057,-121.5151,4492,20971
6660,812058,1,5.0,3485,23334,1.0,0,0,3,6,3036,449,1946,2002,98105,47.6983,-121.9626,1308,16033
6661,365034,2,2.5,775,23841,1.0,0,0,3,10,300,475,1932,0,98094,47.6261,-122.0959,3553,2489
6662,871120,5,2.5,3047,47959,1.0,0,2,3,9,2120,927,2006,0,98021,47.7695,-121.9013,4898,31718
6663,994212,7,2.0,3264,21735,2.5,0,0,3,12,2613,651,1979,0,98022,47.1092,-122.2343,2770,11377
6664,390590,3,1.5,836,4664,3.0,0,0,3,11,300,536,1941,0,98108,47.12,-122.499,5997,32809
6665,883764,2,4.0,2473,45605,3.0,0,1,3,10,1020,1453,2002,0,98090,47.4622,-122.0748,2770,21026
6666,825477,2,4.0,3479,4394,3.0,0,0,2,9,3245,234,1930,0,98159,47.6992,-122.4784,1659,16582
6667,1051145,5,5.0,5076,36684,2.5,0,0,3,8,4653,423,1939,0,98037,47.7939,-122.4512,1983,23887
6668,1075775,7,4.0,4468,44804,1.0,1,0,3,5,3864,604,1986,0,98176,47.324,-122.4646,1396,25153
6669,578312,1,2.0,1410,34938,1.0,0,0,3,12,300,1110,2015,0,98130,47.1255,-121.4439,5275,22323
6670,463645,7,1.0,2496,25938,1.5,0,0,4,6,2415,81,1915,0,98104,47.2369,-122.3277,4303,22597
6671,1647681,2,5.0,7940,22364,2.5,0,4,3,10,7623,317,1955,0,98144,47.7139,-122.1948,692,2723
6672,861491,5,2.5,3629,3544,2.0,0,0,3,4,3265,364,1973,2018,98050,47.4265,-121.9117,5065,6329
6673,1181678,1,2.0,5947,40654,2.5,0,2,4,8,5183,764,1935,0,98125,47.6973,-121.8648,992,27956
6674,1306533,7,4.5,6629,37360,1.5,0,0,4,3,5890,739,1994,0,98023,47.4107,-122.3535,5696,13866
6675,1411368,7,3.5,6350,42128,1.5,0,3,4,9,5951,399,2007,0,98124,47.1374,-121.4086,3643,3315
6676,1065609,7,2.0,4704,26203,1.5,0,1,3,6,4349,355,1995,0,98099,47.5323,-122.2227,2726,30066
6677,1466245,6,4.5,7946,30514,1.0,0,2,3,3,6471,1475,1984,0,98006,47.405,-121.3689,5750,36210
6678,928964,1,5.0,4257,7008,2.0,0,0,3,7,3322,935,1979,1981,98189,47.4439,-122.1917,1286,16288
6679,290233,7,1.5,827,13683,1.5,0,0,4,7,593,234,1955,0,98036,47.7643,-122.4969,865,39830
6680,745333,6,4.5,2299,14648,3.0,0,0,4,8,2265,34,1992,1984,98150,47.42,-121.3338,5896,16252
6681,484853,3,2.5,814,23415,1.0,0,1,3,10,300,514,2013,0,98190,47.6576,-121.9195,2544,10134
6682,914689,5,3.0,4045,24606,2.0,0,2,3,6,3707,338,1947,1996,98139,47.1412,-121.4455,4383,22072
6683,676931,7,4.5,1634,15317,3.0,0,0,3,9,300,1334,2008,0,98122,47.4353,-121.6188,4660,23437
6684,922400,1,5.0,3246,3981,2.0,0,3,3,13,1964,1282,1979,0,98077,47.5107,-122.2852,4544,8046
6685,1092698,6,2.0,5376,29551,2.0,0,3,4,6,4300,1076,1957,0,98173,47.1793,-121.4857,1655,29864
6686,1389278,6,2.0,7896,5148,3.0,0,0,3,4,7454,442,1914,1991,98056,47.3116,-122.4387,4914,35469
6687,610105,3,1.5,2020,38847,2.5,0,0,3,10,1601,419,1971,0,98173,47.6177,-121.8909,5046,21785
6688,382388,4,3.0,655,38701,2.0,0,2,4,7,300,355,1914,0,98172,47.2287,-122.1951,4505,32176
6689,1498016,5,1.0,6092,17813,2.5,1,0,3,12,5341,751,1920,0,98094,47.1899,-122.0661,2800,18181
6690,797569,4,2.5,2224,36208,2.0,1,2,3,6,1976,248,1963,2014,98105,47.3095,-121.5916,1525,16097
6691,966985,1,1.5,3843,24490,3.0,1,2,3,4,3551,292,1984,0,98129,47.7013,-121.6799,2924,12809
6692,358572,5,2.5,1386,9035,2.0,0,0,3,9,1180,206,1906,0,98028,47.6341,-121.9719,5824,30364
6693,1057579,3,1.0,3573,9470,1.5,1,0,3,7,2449,1124,1951,0,98004,47.6438,-122.4449,2496,21368
6694,831525,1,4.5,3305,29193,1.5,0,0,3,11,2067,1238,1918,1994,98132,47.3257,-122.4521,3874,3261
6695,494592,5,2.0,1221,46541,2.0,0,3,3,9,300,921,1985,0,98078,47.1693,-121.6574,1300,25554
6696,466194,5,2.5,1412,35082,3.0,0,0,3,11,978,434,1945,0,98087,47.1224,-121.3614,3746,26021
6697,927227,4,4.5,3857,26647,3.0,0,0,3,12,3619,238,1937,0,98058,47.5103,-121.4833,4547,5364
6698,610197,1,4.0,1370,13752,1.0,0,2,4,12,300,1070,1912,0,98111,47.5916,-122.3534,3835,3639
6699,1015855,3,2.0,4608,20988,3.0,0,0,3,7,4091,517,1989,1980,98042,47.3645,-122.3545,4703,15891
6700,1488594,3,1.5,7251,29226,2.5,0,0,3,13,6515,736,1943,0,98196,47.4702,-121.7674,1884,33245
6701,283323,1,4.0,997,44316,2.0,0,0,3,8,849,148,1921,0,98193,47.2953,-121.7109,1315,17616
6702,614634,1,2.5,2256,49418,1.5,0,0,3,10,2200,56,1970,0,98040,47.355,-121.7602,4579,18255
6703,1454549,6,4.0,6881,9929,3.0,0,0,3,12,6726,155,2015,0,98074,47.6109,-121.4375,2649,33209
6704,475711,2,3.0,1617,17370,1.5,0,0,4,8,1082,535,1934,0,98135,47.6028,-122.2228,2719,28368
6705,1068914,4,2.5,3909,47349,1.0,0,4,3,13,3795,114,1902,2020,98130,47.1197,-122.2932,1174,30515
6706,812559,1,3.0,3328,17207,2.0,0,0,3,6,2725,603,1998,0,98034,47.761,-121.403,1043,6712
6707,1372980,1,4.0,5790,47393,3.0,1,0,3,4,5460,330,2010,0,98118,47.2883,-121.6334,5279,39505
6708,1299059,2,4.5,6600,4139,1.5,0,0,4,8,5386,1214,1915,1995,98120,47.7353,-121.6459,5690,7457
6709,1443840,2,1.0,7249,41520,3.0,0,0,5,11,6884,365,1944,0,98051,47.4583,-122.0975,5742,37987
6710,1444518,5,3.0,7304,48141,1.0,0,0,3,10,6032,1272,1915,0,98012,47.4494,-121.7466,1970,30990
6711,509058,7,1.0,2147,36470,1.5,0,0,3,5,1262,885,1965,1984,98056,47.4154,-121.628,5227,20602
6712,1260111,3,3.0,6186,46493,1.5,0,3,3,7,5126,1060,2001,0,98076,47.7457,-121.7797,4076,25565
6713,1390103,4,4.5,7492,11048,2.0,0,0,4,8,7196,296,1980,0,98016,47.2457,-121.6165,1346,29631
6714,801013,5,2.5,3483,43505,2.0,0,0,1,9,3019,464,1937,0,98136,47.5282,-121.7919,5817,14274
6715,1117308,1,4.5,6086,8774,1.5,0,0,3,4,5240,846,1923,0,98170,47.3224,-121.3216,1529,15116
6716,1451462,2,3.5,7271,48218,2.0,0,0,3,8,6027,1244,1985,0,98006,47.7407,-121.9096,4863,10572
6717,333870,6,4.5,642,7051,1.5,0,0,3,4,300,342,1949,2020,98177,47.2185,-122.485,5845,16410
6718,1324537,3,4.0,5820,38369,2.5,0,0,3,10,4948,872,1986,0,98139,47.5733,-122.304,4215,17793
6719,1555469,5,1.5,7847,33312,3.0,0,0,3,9,7037,810,,1994,98190,47.3952,-121.343,5141,17770
6720,686804,6,2.0,3261,1805,2.5,0,0,4,4,2776,485,1982,0,98158,47.5629,-121.9366,4118,30856
6721,711722,3,2.5,3935,21675,2.5,0,0,2,6,3537,398,1956,1999,98138,47.2103,-122.3554,2234,20607
6722,1466459,7,1.5,7122,27218,3.0,0,0,3,9,6047,1075,2007,0,98087,47.3756,-122.313,1982,12091
6723,1115400,7,3.0,5160,10508,1.5,0,0,3,11,4389,771,1955,0,98018,47.1751,-122.4653,5972,10678
6724,1328375,6,3.0,7114,22777,1.5,0,0,3,5,5660,1454,1985,0,98062,47.7781,-122.2284,4027,3835
6725,1114782,2,5.0,2931,27918,2.0,1,3,3,12,2018,913,1980,0,98009,47.2498,-121.316,4320,35490
6726,1447951,5,2.5,6311,44939,1.0,0,2,4,12,5080,1231,1965,0,98073,47.7953,-122.1054,2428,18969
6727,1646000,5,4.0,7569,24796,1.5,0,4,3,10,6684,885,1977,0,98114,47.3929,-122.1997,5648,27399
6728,1307320,7,5.0,5012,38927,3.0,0,0,4,11,3570,1442,1991,0,98134,47.1501,-121.6989,1774,13090
6729,704746,3,4.5,2348,25582,1.0,0,0,3,10,865,1483,1976,0,98080,47.1123,-121.691,678,29498
6730,1264744,6,2.0,6951,10508,3.0,0,0,3,6,6433,518,2019,0,98076,47.5193,-121.3386,1786,30673
6731,743509,2,3.0,3196,39601,3.0,0,2,3,6,2004,1192,2001,0,98130,47.5303,-121.6245,3179,32222
6732,616802,1,2.5,2217,10891,3.0,0,0,4,13,1516,701,1980,0,98154,47.4674,-122.368,2247,38843
6733,1283187,5,2.5,5986,41262,1.0,0,0,3,9,4823,1163,1972,0,98009,47.1465,-121.3173,5458,13691
6734,772602,1,2.5,3572,24899,2.5,0,0,3,6,3226,346,1961,0,98005,47.3321,-121.5997,3335,3120
6735,592934,2,4.5,1567,47975,3.0,0,0,3,13,1510,57,2003,0,98092,47.3513,-122.1889,1970,38675
6736,815144,7,3.0,3286,16402,2.0,0,0,3,12,2629,657,1913,1995,98094,47.5934,-122.1866,1225,2817
6737,1624646,5,3.0,6462,11065,1.5,1,0,3,12,4990,1472,1965,0,98145,47.3932,-121.348,2338,26106
6738,1199938,5,5.0,5717,17292,1.5,0,0,3,9,4509,1208,2005,0,98062,47.5011,-122.2688,5641,2266
6739,995786,6,1.0,4291,41156,1.5,0,3,3,11,4114,177,1959,0,98047,47.3004,-122.2269,937,1934
6740,608292,1,3.0,1788,31966,1.0,0,2,3,11,1324,464,1920,0,98039,47.6082,-122.0693,2975,24314
6741,1089013,7,4.0,4371,26813,2.0,0,0,3,11,3221,1150,1934,0,98128,47.1327,-121.6846,3394,24135
6742,687179,6,1.5,2306,36189,2.0,0,0,4,12,1238,1068,1929,0,98059,47.792,-121.9843,1790,33046
6743,1316797,4,3.5,6783,44948,2.0,0,0,3,12,6594,189,1980,0,98006,47.549,-122.1265,2318,26545
6744,751651,1,2.0,2004,4799,2.0,1,0,3,8,619,1385,1938,0,98196,47.2042,-122.1789,973,39435
6745,692793,1,4.5,3808,17024,2.0,0,0,4,3,3443,365,1924,0,98115,47.6022,-122.3499,802,13452
6746,1414353,4,2.5,7617,27387,2.5,0,0,3,10,7425,192,1943,0,98166,47.6506,-121.8445,5637,3211
6747,1152373,2,2.5,5612,31642,2.0,0,1,3,8,5046,566,1958,0,98184,47.652,-122.1719,4943,18000
6748,1163903,2,3.5,5548,5294,2.0,0,0,3,9,5255,293,2002,0,98142,47.2895,-122.1022,1141,26485
6749,644082,5,1.5,3451,32223,1.0,0,0,3,4,2680,771,1998,0,98080,47.771,-122.4906,4095,36022
6750,141982,3,2.0,571,6199,1.0,0,0,3,5,300,271,1905,0,98182,47.1124,-121.8625,1283,9244
6751,573258,6,2.5,2190,36590,2.0,0,0,3,8,1664,526,1902,0,98101,47.3659,-121.6643,5678,22710
6752,1396929,3,2.5,7857,33796,2.5,0,1,3,5,7709,148,1935,0,98160,47.173,-121.387,4590,31211
6753,1193336,5,3.0,5887,17822,2.0,0,0,3,7,5739,148,2011,0,98159,47.3694,-122.2634,2485,16447
6754,551451,3,3.5,1844,21993,2.0,0,0,5,6,1594,250,2010,0,98197,47.1401,-121.3968,2274,39169
6755,1432741,1,3.5,6750,13503,2.0,1,0,3,7,6316,434,1900,0,98145,47.5515,-122.0666,5322,33772
6756,837727,1,3.5,3803,34177,3.0,0,0,4,10,3590,213,1933,2007,98004,47.1437,-121.5371,4417,25165
6757,785731,4,2.0,3613,44948,2.5,0,0,3,6,2994,619,1964,0,98107,47.5311,-121.4238,2575,23590
6758,407735,4,1.5,1382,9501,1.5,0,0,3,11,1348,34,1925,2020,98006,47.2639,-121.3464,2026,31136
6759,1085913,5,4.0,4734,47581,2.0,1,0,3,5,4354,380,1917,0,98192,47.2254,-122.1095,2799,21107
6760,803042,5,4.5,3162,37722,1.5,0,0,3,9,2391,771,1935,0,98158,47.3429,-122.1875,1699,9705
6761,1514538,7,2.0,7506,13296,2.5,0,1,3,9,7280,226,1905,0,98119,47.5487,-121.9725,4939,38688
6762,1189518,5,2.5,6916,39117,2.0,0,0,4,3,6697,219,1974,0,98075,47.5047,-121.8344,1498,17373
6763,397758,1,3.0,2004,11339,1.5,0,0,2,5,841,1163,1943,2012,98091,47.5763,-121.6712,1934,18435
6764,852559,3,3.0,2963,9168,1.5,0,3,3,12,2166,797,1939,0,98009,47.7433,-121.6697,512,14994
6765,593579,6,3.5,3053,33325,2.5,0,0,2,3,2789,264,1929,0,98152,47.2423,-122.36,2549,15760
6766,594983,7,1.0,1232,49693,2.0,0,4,3,10,446,786,1977,0,98020,47.3893,-121.7658,1903,39087
6767,803068,7,4.0,2248,8598,3.0,0,0,3,12,1913,335,1973,0,98013,47.2861,-122.2986,1872,33424
6768,1005437,7,1.0,4424,16709,2.5,0,1,4,7,3464,960,2020,0,98055,47.5104,-121.6464,3973,23413
6769,327925,5,3.0,923,37557,3.0,0,0,3,6,300,623,1930,0,98092,47.2984,-121.3281,5039,27473
6770,926670,5,4.5,3978,46999,2.0,0,2,3,5,3647,331,1957,0,98096,47.4906,-121.5749,1409,30676
6771,829270,1,3.0,2091,11061,1.5,1,0,3,9,1319,772,1954,0,98101,47.6762,-121.6663,2893,30155
6772,1173734,6,1.5,4985,30389,2.5,0,0,5,10,4262,723,1935,2002,98019,47.4857,-122.407,1785,24824
6773,1082907,1,5.0,4937,31615,2.5,0,0,3,10,3719,1218,1978,0,98047,47.6867,-122.2784,899,20186
6774,1129445,6,4.5,5541,40505,2.5,0,3,3,3,4911,630,1929,0,98071,47.5279,-122.0737,4770,4403
6775,1095751,1,4.0,5209,37447,1.0,0,0,3,9,4504,705,1947,0,98067,47.7092,-121.3798,5819,6446
6776,545955,3,2.5,992,30916,2.0,0,3,3,7,300,692,1977,0,98040,47.7513,-122.1029,3962,16445
6777,286080,5,1.5,691,48693,1.0,0,0,4,4,300,391,2010,0,98094,47.4555,-121.5235,3310,34758
6778,576262,2,5.0,998,48408,2.5,0,0,3,10,300,698,1986,0,98058,47.6535,-122.3755,4545,3676
6779,1015090,2,3.0,5417,29590,2.5,0,0,3,4,4730,687,1916,0,98031,47.4282,-121.7056,1698,26019
6780,1297960,5,4.5,6331,44904,3.0,0,0,3,8,5890,441,1926,0,98045,47.5936,-121.5651,3134,39166
6781,616979,7,2.5,1756,14217,1.0,0,2,3,7,437,1319,2007,0,98104,47.1263,-121.8485,5918,10693
6782,632008,5,2.5,2468,49287,1.5,0,0,2,8,1858,610,1962,0,98054,47.7768,-121.5798,5596,36747
6783,1245835,5,5.0,4822,49318,2.0,0,3,4,13,4386,436,1976,0,98073,47.726,-121.6316,4556,2192
6784,1201355,5,3.0,5990,6871,1.5,0,0,3,12,5032,958,1913,0,98098,47.7253,-121.9276,5958,30938
6785,721545,7,1.5,2686,5926,1.5,0,0,3,10,1785,901,1925,0,98155,47.2969,-121.4614,3250,19574
6786,1559552,6,2.0,7499,35995,2.0,0,1,4,11,6078,1421,1942,0,98052,47.2982,-122.09,2086,19482
6787,427034,3,3.0,1316,31886,2.5,0,0,3,5,300,1016,1974,0,98055,47.3818,-121.9895,3830,5286
6788,767048,2,1.0,3720,47155,3.0,0,0,3,5,2920,800,2001,0,98027,47.7161,-121.8522,3676,7918
6789,1482609,4,3.0,7782,20698,2.5,0,0,4,9,6395,1387,1900,0,98097,47.701,-122.3432,673,39010
6790,475623,2,2.5,1973,17781,2.5,0,0,3,5,803,1170,1923,0,98116,47.3026,-121.8816,3812,32384
6791,704200,2,4.0,1586,21309,1.0,0,3,4,13,300,1286,1919,0,98109,47.4792,-122.1111,4690,11266
6792,1128382,7,2.5,4699,34817,1.5,0,3,3,12,4529,170,1971,0,98173,47.4326,-122.192,1652,36236
6793,582408,1,5.0,2374,43198,1.5,0,1,3,7,2065,309,1907,0,98171,47.5555,-121.8078,2508,24774
6794,572938,5,1.5,1370,42475,1.5,0,1,3,12,392,978,1929,0,98042,47.2497,-122.1045,769,36830
6795,904960,5,3.5,5263,30924,3.0,0,0,1,6,4912,351,1917,1990,98006,47.1595,-121.4734,3807,10756
6796,751399,5,1.5,2542,14162,3.0,0,0,3,13,1683,859,2017,1990,98048,47.1191,-122.008,5145,30438
6797,423577,1,4.0,772,24220,3.0,0,2,3,11,300,472,1976,0,98186,47.367,-122.0044,2483,2840
6798,950677,7,5.0,1529,40664,2.0,1,0,5,13,300,1229,2021,0,98027,47.7626,-121.3217,1136,9684
6799,951995,3,4.5,3718,29313,3.0,0,0,4,10,2723,995,2009,0,98160,47.5794,-122.0902,3784,10233
6800,1349033,3,3.0,6827,4417,1.0,0,1,1,11,6687,140,2010,0,98166,47.6244,-122.3422,2584,13839
6801,1122592,7,3.0,4569,8901,1.0,0,0,3,8,3376,1193,1999,0,98086,47.7616,-121.4481,1097,14764
6802,287727,4,4.5,1551,20570,2.5,0,0,3,4,303,1248,1982,0,98181,47.3954,-121.3996,687,26632
6803,1023195,3,4.5,4533,49507,2.5,0,1,3,10,3788,745,1912,1987,98096,47.4321,-122.2283,1682,36334
6804,470191,7,5.0,2073,29316,2.5,0,0,4,3,1853,220,2004,0,98027,47.3517,-121.4415,4897,19858
6805,966492,3,2.5,3690,40007,2.5,0,2,3,13,2302,1388,1947,0,98040,47.227,-121.9065,3702,7834
6806,1028217,5,5.0,4888,5237,1.0,0,0,3,7,4146,742,1959,0,98094,47.6365,-122.4479,1319,32036
6807,1309774,6,1.5,7911,30404,2.5,0,0,3,4,7072,839,1925,0,98163,47.7347,-121.8414,595,16445
6808,1103338,7,2.0,4297,25756,1.0,1,0,3,9,4185,112,1908,0,98118,47.6697,-121.4815,4991,36563
6809,790070,2,1.5,3789,22444,3.0,0,1,3,7,2517,1272,1997,0,98190,47.1334,-122.024,2695,16450
6810,1402083,3,2.0,6820,14333,3.0,0,0,3,12,5327,1493,1952,1998,98129,47.3094,-121.8388,1930,18664
6811,1443230,3,4.0,7966,33735,2.0,0,0,2,5,6494,1472,1994,0,98155,47.5145,-122.3313,4368,5492
6812,1095749,1,4.5,4247,22968,2.5,0,0,3,9,3176,1071,2021,0,98022,47.329,-121.4894,2051,1905
6813,728986,4,4.0,2605,36461,3.0,0,0,3,5,1231,1374,2005,0,98125,47.2051,-122.3717,555,5246
6814,1279235,6,3.5,5888,10988,3.0,0,0,4,8,4781,1107,1970,0,98111,47.4769,-122.3867,3484,8547
6815,564197,1,3.0,807,41188,1.5,1,0,3,6,300,507,1908,0,98176,47.465,-121.3797,5976,23318
6816,922601,5,4.0,3859,20555,1.5,0,0,3,12,3687,172,2003,0,98024,47.5969,-121.4518,5454,13558
6817,929085,2,2.5,5572,47165,1.0,0,0,3,4,5428,144,1925,0,98151,47.7999,-121.8102,1349,23295
6818,1025588,4,4.5,3676,25878,2.0,0,0,3,11,2915,761,2015,0,98181,47.5538,-122.3726,2537,5208
6819,590598,1,,1751,35070,1.5,0,0,4,8,300,1451,2014,0,98035,47.3218,-121.8448,2832,29911
6820,1184671,7,4.0,5866,28980,2.0,0,0,4,7,5322,544,1932,1998,98073,47.7695,-121.3953,1851,10935
6821,707877,3,3.0,3247,19929,3.0,0,0,4,7,2927,320,1932,0,98155,47.4999,-121.7652,5707,33529
6822,980960,3,4.5,2017,43213,1.0,1,0,4,10,846,1171,2020,0,98007,47.552,-122.2621,2685,33017
6823,1393757,4,2.0,6726,21660,2.0,0,4,4,7,6021,705,1951,2018,98152,47.3503,-121.413,1501,32413
6824,1131487,3,2.5,5805,40591,1.5,0,0,3,10,5680,125,1939,0,98128,47.4163,-121.4615,1078,28343
6825,1640614,7,4.0,6895,21843,3.0,1,0,3,10,5984,911,1903,2016,98023,47.393,-121.8441,5348,10102
6826,335537,1,3.0,1878,16230,2.5,0,0,3,3,1204,674,1927,0,98007,47.7554,-121.4773,4750,35646
6827,1277534,1,4.5,6369,32164,3.0,0,2,5,6,4880,1489,1953,0,98056,47.6667,-122.4324,2059,7498
6828,1324352,3,2.5,6315,42807,1.5,0,3,3,11,5163,1152,1967,0,98150,47.1635,-121.9466,818,2670
6829,1224018,3,2.5,6638,44285,1.5,0,0,3,4,5956,682,2010,0,98093,47.3197,-122.2863,4446,11631
6830,1376275,5,,5391,37163,2.5,0,2,4,13,4375,1016,1997,0,98148,47.139,-121.495,3955,19173
6831,1043179,2,3.0,5492,3798,3.0,0,0,3,6,4394,1098,1948,0,98006,47.4617,-121.3346,5629,24409
6832,580925,4,3.0,2461,10602,2.0,0,0,3,6,2246,215,2003,0,98031,47.2956,-121.3832,3939,31916
6833,860023,1,2.5,4805,46762,2.0,0,0,4,3,4063,742,2011,0,98105,47.1514,-121.896,1997,19396
6834,829852,4,2.0,3363,17072,3.0,0,0,4,12,3127,236,1905,0,98190,47.6404,-121.8868,550,31948
6835,834748,5,3.5,3156,36212,2.0,0,0,4,12,3061,95,1932,0,98089,47.1638,-121.4101,1492,22145
6836,717882,1,1.5,2994,32071,3.0,0,0,4,9,1788,1206,1904,0,98128,47.2901,-121.6339,3038,21876
6837,1281626,5,4.5,7103,27038,3.0,0,0,3,3,6192,911,1982,0,98120,47.6401,-122.4105,4197,1168
6838,1243627,5,4.0,5563,11993,1.5,0,1,3,7,4345,1218,1917,0,98042,47.4581,-122.346,4411,36052
6839,1038078,6,2.0,5067,2793,1.0,0,0,3,10,3794,1273,1902,0,98102,47.672,-121.3579,5191,12408
6840,1416513,3,,7013,46675,1.5,0,0,4,6,5543,1470,1997,0,98013,47.3901,-122.0609,2395,32021
6841,1474605,7,3.5,7543,8533,2.0,0,0,3,7,7472,71,2021,0,98101,47.6704,-122.2752,4201,37652
6842,1028192,6,1.5,4505,44724,1.0,0,0,3,13,3588,917,1901,0,98155,47.4767,-121.6174,4990,36809
6843,942379,4,2.0,4063,1348,3.0,0,0,3,12,3112,951,1964,0,98083,47.1616,-121.4444,5755,19748
6844,301324,7,2.5,1422,1716,2.0,0,0,3,5,1371,51,1934,0,98080,47.43,-122.2521,2292,21585
6845,922036,4,4.0,4732,47001,2.5,0,0,2,7,3756,976,1950,0,98047,47.4875,-122.1983,4366,20789
6846,946257,3,3.5,4962,11387,2.0,0,0,4,5,4808,154,1967,0,98185,47.5285,-121.4201,1730,11127
6847,891208,7,3.0,3459,18200,1.0,0,2,3,6,3140,319,,0,98078,47.7495,-122.4842,3430,25846
6848,507243,6,4.0,683,29408,1.0,0,0,3,13,383,300,1971,0,98004,47.2285,-121.4105,3335,9615
6849,761628,4,4.0,3858,1906,3.0,0,0,3,5,3664,194,1943,0,98103,47.5242,-122.4529,2769,16814
6850,1372232,6,3.5,7115,29135,2.5,0,0,3,7,6066,1049,1928,2016,98150,47.6264,-122.3855,3432,31816
6851,785999,3,4.0,1898,26128,3.0,1,4,3,4,648,1250,1935,0,98111,47.723,-121.4653,546,23700
6852,1562538,7,2.5,7297,29790,2.5,0,0,3,11,5877,1420,1977,0,98054,47.4677,-122.2019,2825,12449
6853,850274,7,4.5,3296,10219,2.5,0,0,4,5,3088,208,1941,0,98129,47.2498,-122.2304,4032,39314
6854,475910,1,3.5,1036,13842,3.0,0,0,4,12,300,736,2012,0,98179,47.6724,-121.487,1994,13741
6855,1388076,5,4.5,7445,10934,2.0,0,0,4,3,6713,732,1993,0,98114,47.7335,-121.8494,5641,23178
6856,1247967,5,3.0,6198,48843,1.5,0,0,3,7,5353,845,2013,0,98063,47.1745,-122.0793,3766,2925
6857,462343,6,2.0,1773,37894,2.5,0,0,4,6,976,797,1906,0,98030,47.2608,-121.6429,4930,35313
6858,803906,7,3.0,3467,38387,1.0,0,0,4,4,2471,996,1912,0,98091,47.71,-121.5283,1600,31660
6859,1371150,4,2.5,7153,12860,3.0,0,0,4,10,6901,252,1921,0,98162,47.4391,-121.4647,4617,24350
6860,1392119,6,4.0,7273,2391,2.0,0,0,2,11,5822,1451,1956,0,98029,47.2184,-122.3568,3171,12304
6861,915358,6,3.0,3549,48517,2.5,0,1,2,8,2606,943,1944,0,98068,47.5517,-121.8009,2463,23496
6862,607125,2,4.5,1596,3731,2.0,0,0,3,10,983,613,1953,0,98199,47.4208,-121.6861,2628,10513
6863,508109,7,3.5,1805,24064,3.0,0,2,4,4,517,1288,1901,2014,98057,47.7776,-122.3602,2992,11629
6864,841047,5,3.5,1415,20270,1.0,1,0,3,13,300,1115,1971,0,98033,47.2559,-121.7678,5587,10369
6865,798997,7,2.0,3581,23321,2.5,0,0,3,8,2206,1375,1956,0,98110,47.3535,-122.4617,2716,12737
6866,1458155,3,5.0,7878,34607,2.5,0,0,3,3,7695,183,1984,0,98102,47.2163,-122.0901,2597,16064
6867,1197381,6,4.5,4747,5472,2.0,0,0,4,12,3400,1347,2017,0,98193,47.1348,-122.2936,5949,7934
6868,510124,2,4.0,1528,13693,3.0,0,0,4,5,1030,498,1983,0,98119,47.2917,-121.8266,2272,38285
6869,1234748,2,2.5,5814,34315,1.5,0,2,4,9,4598,1216,1974,0,98162,47.6739,-122.2707,4254,38136
6870,609030,5,3.0,2477,19021,2.5,0,0,4,3,1621,856,1933,0,98104,47.2871,-121.553,1478,7066
6871,1157377,5,1.5,3854,5173,1.0,1,1,3,8,2855,999,1943,0,98050,47.5874,-122.3546,4325,38967
6872,723365,5,3.0,3011,25090,2.5,0,0,3,9,2526,485,1968,0,98185,47.4682,-121.5906,590,26434
6873,1269434,3,1.5,7780,30190,2.5,0,0,4,5,7586,194,1952,0,98086,47.4638,-122.3813,3067,33984
6874,552146,2,3.0,770,17310,1.5,0,2,4,13,300,470,1961,0,98049,47.6471,-121.9691,1029,33498
6875,666009,4,3.5,1686,34835,1.5,0,0,3,10,329,1357,2011,1982,98176,47.5324,-121.6618,3425,16647
6876,1153211,3,2.5,5055,8783,3.0,0,0,2,10,4258,797,1993,0,98079,47.2119,-122.3062,1361,2767
6877,995417,1,3.0,4700,47011,2.5,0,0,2,7,3622,1078,1932,0,98184,47.2545,-121.5972,1676,2810
6878,1129440,6,4.5,4264,33058,2.5,0,0,3,13,3239,1025,1975,0,98087,47.4806,-121.3559,5670,39381
6879,1367123,5,1.5,7949,18075,2.0,0,2,3,4,7646,303,1968,2013,98140,47.6917,-122.0519,1140,25789
6880,1162795,2,4.0,6306,27755,2.0,0,0,3,4,5142,1164,1900,0,98113,47.2066,-122.4998,5977,5746
6881,1481347,6,1.5,6805,24018,1.0,1,0,4,7,6717,88,1934,0,98056,47.1748,-121.9278,1985,16189
6882,711113,7,1.0,2898,45161,1.0,0,2,3,6,2019,879,1924,0,98137,47.4623,-121.4171,3559,14011
6883,1162304,3,1.5,5029,45944,2.0,1,2,3,6,4022,1007,1903,0,98111,47.2321,-121.702,5602,32150
6884,1537881,1,4.0,7495,24283,1.0,1,0,3,7,6910,585,1972,0,98109,47.796,-121.6561,4940,27959
6885,923590,7,2.5,4735,45276,2.5,0,0,4,3,4431,304,2017,0,98157,47.1031,-121.549,819,35284
6886,1395266,3,4.5,6090,44235,1.5,0,0,3,9,4902,1188,2012,0,98165,47.4142,-121.4102,3067,5741
6887,1383801,3,3.0,7799,48315,2.5,0,0,3,5,6559,1240,2007,0,98149,47.2138,-122.3502,3503,11600
6888,1165052,4,1.0,4682,18053,2.0,0,0,3,12,3295,1387,2014,0,98119,47.5768,-121.7917,4742,39972
6889,761498,6,4.0,2211,28567,3.0,0,0,3,12,1681,530,1966,2013,98001,47.5411,-121.4323,1585,28074
6890,795911,4,1.5,2730,27446,3.0,0,0,2,10,2447,283,1993,0,98076,47.6649,-121.5689,5531,29221
6891,1381462,3,4.0,7011,33359,2.0,0,0,3,11,5626,1385,1983,1987,98065,47.4944,-122.2013,4969,12026
6892,326630,1,1.5,628,15145,2.5,0,0,3,10,300,328,,0,98155,47.2326,-121.4505,1832,18658
6893,662382,2,2.5,1769,13698,1.0,0,0,3,13,1329,440,1919,0,98024,47.1373,-122.1471,5220,30033
6894,797741,2,4.0,4172,46972,1.0,0,0,3,4,2704,1468,1939,0,98088,47.6055,-122.0069,1381,16572
6895,777334,7,5.0,2101,5824,3.0,0,0,4,9,701,1400,1966,0,98177,47.4079,-122.2772,5468,38406
6896,1031496,6,2.5,5265,25156,2.0,0,0,4,6,5078,187,1974,0,98034,47.2555,-121.4377,5485,26797
6897,975469,5,4.5,4470,34156,2.0,0,0,3,7,3624,846,1914,2003,98103,47.2763,-122.3884,2627,28373
6898,1117565,5,2.0,4744,25384,1.5,0,0,3,13,3782,962,2015,0,98119,47.2043,-121.3071,2472,33248
6899,1184325,2,4.0,5580,38609,3.0,0,0,3,12,4173,1407,1927,0,98124,47.2985,-122.1056,1761,25451
6900,1182970,3,3.5,5447,19200,2.0,0,0,3,7,3996,1451,2007,0,98057,47.6544,-121.647,1182,25442
6901,1351583,3,2.0,6052,25032,1.5,0,1,5,13,4871,1181,1934,0,98050,47.5345,-122.3455,3482,1108
6902,434266,4,2.0,1127,3066,1.0,0,1,3,11,383,744,1906,0,98174,47.7912,-121.9146,4875,24052
6903,904156,6,1.5,4297,13520,3.0,0,0,4,4,3671,626,1953,0,98010,47.467,-122.4518,1745,32398
6904,1238812,4,2.5,6088,28921,3.0,0,0,4,4,4840,1248,1996,0,98128,47.465,-121.4459,747,4897
6905,1225823,5,2.0,7089,4078,2.0,0,2,3,5,6533,556,1941,0,98091,47.234,-121.9643,3348,28778
6906,672851,2,3.5,2544,34622,2.0,0,1,3,7,1546,998,2012,0,98007,47.5105,-121.6087,1353,15961
6907,1086143,7,5.0,4052,18535,2.5,0,4,3,6,3423,629,1937,0,98142,47.5259,-121.4266,3517,7713
6908,1342654,3,1.0,5479,33808,1.0,1,0,3,12,5108,371,1982,0,98143,47.2446,-122.4177,2097,23997
6909,761424,2,3.0,2841,40500,1.0,0,3,4,12,2533,308,1963,0,98051,47.1616,-121.8863,5054,37141
6910,1403204,1,3.5,6384,37570,1.5,0,0,2,11,5002,1382,1956,0,98183,47.3581,-122.2726,962,6532
6911,726835,2,4.5,3714,32109,1.5,0,0,3,5,3613,101,2007,0,98125,47.2205,-122.4172,1893,14162
6912,323919,1,3.0,749,14772,2.5,1,0,4,3,300,449,1928,0,98108,47.4522,-121.7536,4963,25454
6913,623624,4,3.0,3425,10150,1.0,0,0,5,7,3294,131,1965,0,98160,47.4683,-122.3631,2540,25498
6914,1169712,4,3.0,5543,47225,1.5,0,0,3,10,5342,201,2007,0,98187,47.5257,-121.9097,2561,8235
6915,490107,5,2.0,1474,20117,1.0,0,0,4,3,300,1174,1982,0,98101,47.522,-122.2637,1107,32210
6916,489457,2,1.0,1825,22881,1.0,0,2,3,3,655,1170,1972,0,98073,47.5724,-122.2627,3085,2983
6917,1443190,2,2.5,7692,38677,1.5,0,0,4,8,7399,293,1905,0,98039,47.2613,-121.8724,1528,24714
6918,1449644,1,1.0,7432,8646,2.0,0,3,3,9,7400,32,1980,0,98175,47.6116,-121.8335,1442,20258
6919,390413,4,3.0,1483,33300,2.0,0,0,4,10,1466,17,1901,1999,98033,47.4674,-122.4958,5823,35385
6920,512463,1,2.0,1388,42679,1.5,0,0,3,10,517,871,1938,0,98033,47.4061,-121.8991,3088,32621
6921,739930,4,3.0,3437,2073,2.5,0,0,3,5,2766,671,1905,0,98038,47.5535,-121.6963,3651,13129
6922,633832,1,1.5,2617,4348,3.0,0,0,3,6,1479,1138,1913,2004,98021,47.4509,-121.6858,2514,39789
6923,829492,4,4.5,3172,23000,1.0,0,1,3,11,2965,207,2012,0,98069,47.468,-121.4801,5615,20598
6924,1178640,1,4.5,5470,19047,3.0,0,0,3,13,5310,160,1989,0,98171,47.1163,-121.4256,2407,29168
6925,1483603,7,2.0,7779,29891,1.5,0,0,4,7,6466,1313,1917,0,98011,47.6614,-121.7526,1968,6933
6926,588054,4,2.5,1826,41989,1.0,0,1,4,13,1508,318,1969,0,98188,47.3969,-121.9218,4835,18799
6927,469937,6,3.5,970,26469,3.0,0,0,4,11,509,461,1975,0,98174,47.4627,-122.2551,4042,21889
6928,631937,1,1.5,2487,4968,2.0,0,0,4,7,1579,908,2001,0,98126,47.3729,-122.3479,1723,30456
6929,281652,2,2.5,590,39596,2.5,0,0,4,7,539,51,1921,0,98056,47.4861,-121.7691,885,8065
6930,402907,5,2.0,1029,24584,3.0,0,0,4,11,978,51,1977,2006,98041,47.1378,-121.3641,3982,14123
6931,1111113,6,4.5,5256,30688,2.5,0,0,3,8,4062,1194,1912,0,98107,47.3687,-122.1661,5514,23471
6932,994009,6,4.5,4559,31794,2.0,0,0,4,5,3942,617,1972,0,98043,47.5681,-122.3807,796,29759
6933,1179534,1,3.5,5334,45871,3.0,0,0,3,7,4725,609,2013,0,98052,47.7569,-121.9914,3939,6974
6934,803526,5,3.0,3273,31814,1.5,0,0,5,3,1805,1468,2005,0,98048,47.6944,-122.4994,3026,2318
6935,1109576,2,4.5,5467,38076,1.0,0,1,3,11,5337,130,1995,0,98012,47.774,-121.8357,5294,22994
6936,806681,6,4.5,2186,2169,2.0,0,2,3,12,1223,963,1909,0,98135,47.6471,-122.4406,2695,18234
6937,399171,2,,691,9674,2.5,0,0,3,12,469,222,1926,0,98099,47.5428,-121.3828,3199,32939
6938,749176,4,1.5,2486,7591,2.5,0,0,3,13,2172,314,1913,0,98044,47.3963,-121.4561,5224,25755
6939,969525,7,1.5,4123,26884,2.0,0,0,3,9,3287,836,1908,0,98134,47.1862,-122.3621,4984,38494
6940,1365097,5,3.5,7909,27956,1.5,0,0,4,3,6760,1149,1908,0,98147,47.2756,-122.3237,3998,3425
6941,804757,7,3.0,2685,45115,1.5,0,0,3,13,2174,511,1989,0,98106,47.2898,-121.3559,2506,20952
6942,1111417,3,1.0,4940,33011,2.5,0,2,3,13,4811,129,1956,0,98106,47.3995,-121.5237,961,23922
6943,1737146,4,1.0,7847,23857,2.0,1,2,2,6,7140,707,1995,0,98144,47.5269,-121.3696,2020,33978
6944,496843,5,4.5,1508,17675,2.0,0,0,3,4,441,1067,2004,0,98139,47.5331,-122.0986,2714,39655
6945,852134,1,4.5,4283,29560,1.0,0,0,3,5,2876,1407,1934,0,98100,47.4189,-122.3669,4090,5145
6946,1489658,7,2.5,7146,47470,2.5,1,0,3,6,6959,187,1925,0,98059,47.2923,-121.7615,3693,15643
6947,900159,1,4.5,4798,48972,1.5,0,2,3,4,4555,243,1940,0,98092,47.1395,-121.34,3350,8217
6948,1317339,2,3.5,5168,12235,3.0,0,2,2,12,4246,922,2008,2014,98124,47.7922,-122.344,5465,38302
6949,938483,6,4.0,4787,19705,1.5,0,0,3,3,4185,602,2005,0,98116,47.7577,-121.5173,3777,21256
6950,861840,7,2.5,2552,36596,1.5,0,0,4,13,1618,934,2020,0,98087,47.228,-122.0685,1284,38388
6951,1180640,3,1.5,6509,36788,3.0,0,0,3,6,5576,933,1966,0,98163,47.5238,-122.3614,2311,18768
6952,893467,1,2.5,3808,28195,2.5,0,0,3,11,3490,318,1929,0,98060,47.307,-121.9492,1045,15771
6953,815037,5,3.0,2216,26575,1.0,0,0,3,13,1263,953,1928,0,98163,47.2361,-121.9135,1137,3781
6954,543032,7,3.0,810,44854,1.5,0,0,3,13,537,273,1983,0,98145,47.5791,-122.4891,3857,32337
6955,1458515,7,1.5,7192,45027,1.5,0,0,3,11,6430,762,1967,0,98167,47.6503,-121.9307,1125,17112
6956,1432648,6,5.0,6699,13719,2.5,0,0,3,11,5775,924,1913,0,98132,47.3846,-121.723,5403,32413
6957,1057491,6,2.0,5038,36506,2.5,0,0,5,5,4968,70,2008,0,98176,47.1413,-121.5824,2944,10921
6958,320877,5,2.0,1760,4003,2.0,0,0,2,3,1737,23,1951,0,98199,47.381,-122.3817,4518,21335
6959,997206,6,3.0,5465,38257,2.5,0,0,3,3,4148,1317,1938,0,98048,47.4725,-121.4482,1401,30503
6960,747993,1,3.0,4432,22635,2.5,0,0,3,5,4299,133,1920,0,98082,47.7253,-122.2987,1323,18149
6961,1036644,5,3.0,3768,15059,1.5,0,2,3,12,2341,1427,1970,0,98108,47.5598,-121.7101,1004,11998
6962,382666,5,4.0,1084,39936,1.0,0,0,2,10,327,757,1905,0,98062,47.5973,-121.8368,1614,29982
6963,1239879,2,3.0,6190,15524,1.5,0,0,3,6,5253,937,1954,0,98127,47.2418,-121.444,1136,29126
6964,843999,3,3.5,3299,41004,2.5,0,0,4,13,3098,201,1939,0,98023,47.6042,-122.4536,1611,33323
6965,1337646,7,4.0,6133,1452,2.0,0,0,2,10,5973,160,1969,0,98188,47.4513,-122.2701,858,26703
6966,432724,2,1.0,859,4118,1.0,0,0,3,9,300,559,1924,0,98156,47.6743,-122.3536,3853,8715
6967,1277497,3,3.5,6319,37476,2.0,0,0,4,10,5822,497,1903,0,98105,47.2515,-122.1069,5880,19844
6968,881681,5,,3366,28325,3.0,0,2,3,4,1905,1461,2000,0,98042,47.4604,-122.0934,2909,19224
6969,1328039,7,1.0,6673,42542,2.0,0,0,3,10,6569,104,2020,0,98166,47.2466,-122.3937,1349,2996
6970,1355880,6,2.5,6398,28184,2.0,0,2,3,11,5452,946,1988,0,98083,47.3001,-121.8828,2299,24149
6971,823477,3,4.5,2511,7999,2.5,0,0,1,12,1403,1108,1981,0,98058,47.6825,-122.3605,4318,22982
6972,1649024,5,2.5,6751,1455,2.5,1,0,4,13,5651,1100,1933,0,98191,47.5815,-122.4108,1685,12621
6973,1225487,5,3.0,5439,14725,2.5,0,0,2,8,4915,524,1988,0,98187,47.6099,-122.4602,1066,7816
6974,924598,2,5.0,4506,45830,2.5,0,1,3,5,3685,821,1921,0,98021,47.148,-121.385,5385,10584
6975,669450,2,2.0,2125,12663,2.5,0,4,4,9,1218,907,1955,0,98050,47.6101,-122.0239,5706,37569
6976,1083970,6,1.5,3264,38211,2.0,1,2,3,11,2281,983,1945,0,98130,47.444,-122.1596,4136,7689
6977,509668,4,4.5,1390,10408,3.0,0,0,3,10,1100,290,,2012,98081,47.4214,-121.9213,810,35341
6978,1296677,1,4.5,6587,27378,2.5,0,0,3,10,6249,338,1955,0,98075,47.3888,-122.3108,5006,27489
6979,1316130,4,3.0,6578,12709,3.0,0,0,4,13,6566,12,1977,0,98013,47.6963,-122.0126,3694,13413
6980,1118128,4,3.0,5555,48858,3.0,0,0,3,9,5022,533,2000,0,98056,47.2242,-122.2713,4929,7074
6981,1276579,7,4.5,6064,20749,1.5,0,0,3,7,5513,551,1974,0,98017,47.6699,-122.1347,4455,9038
6982,1322714,7,4.0,7536,47550,1.5,0,0,3,4,6140,1396,1926,0,98045,47.7498,-121.3909,3911,36091
6983,1272179,6,2.0,6057,19174,1.0,0,0,3,7,4558,1499,1989,0,98053,47.2178,-122.3216,5517,28087
6984,417174,7,1.0,1231,42214,1.5,0,0,5,7,1105,126,2015,0,98088,47.7997,-121.9314,4636,25590
6985,846623,3,3.0,4461,7236,2.5,0,0,3,4,3687,774,1934,0,98037,47.7934,-121.707,1466,8706
6986,1231203,6,4.5,5201,23366,3.0,0,1,4,13,3955,1246,1915,0,98142,47.5349,-121.3984,2251,5001
6987,928705,6,4.5,3004,9762,1.0,0,0,3,12,1992,1012,2015,0,98113,47.288,-121.3924,4668,37199
6988,414142,5,5.0,1114,28794,1.5,0,0,4,3,300,814,2003,0,98198,47.4007,-122.2033,5342,39703
6989,879887,5,4.5,4306,46320,2.0,0,0,3,7,3336,970,1919,1995,98169,47.2193,-121.3682,5336,33441
6990,1425230,5,3.5,7341,20039,1.0,0,0,3,8,7120,221,1914,0,98184,47.1841,-122.1023,1970,4369
6991,1220782,1,3.0,6600,10054,2.5,0,0,4,9,6204,396,1977,0,98172,47.5928,-121.4261,3902,33148
6992,759398,3,4.0,2219,3838,3.0,0,2,4,13,2121,98,2009,0,98150,47.5059,-122.3882,2231,18432
6993,955888,3,4.0,5269,3925,2.5,0,0,3,4,3842,1427,1971,0,98084,47.4945,-122.262,2767,37176
6994,1122270,5,3.0,5866,3132,2.5,0,0,3,8,4608,1258,1923,0,98151,47.2734,-122.4052,676,39775
6995,1414047,4,1.5,7186,44795,2.0,0,0,3,10,5977,1209,1961,0,98172,47.2644,-122.1412,4046,13263
6996,486203,1,4.5,2087,8020,2.0,0,0,2,8,1809,278,1996,0,98160,47.7928,-121.4514,2907,8228
6997,1398237,4,3.0,7500,15392,3.0,0,0,2,5,6808,692,1979,0,98114,47.5401,-122.3089,1758,28498
6998,794009,2,2.5,2111,1915,1.5,1,0,2,5,1324,787,1990,0,98087,47.6736,-122.2302,4735,19714
6999,668396,3,3.5,1396,34147,2.5,0,0,3,13,1021,375,1991,0,98127,47.365,-122.2406,5083,21355
7000,1226558,3,3.5,6058,42164,1.5,0,3,3,9,4632,1426,1943,0,98084,47.6906,-122.1704,3856,8006
